station_id,latitude,longitude,Name,elevation,state,date,tmax,tmin,prcp,snow,snwd,year,mean_temp,month,day,doy,growing_days,above_freezing_days,prcp_day,cumulative_growing_days,cumulative_above_freezing_days,cumulative_prcp_day
USW00023062,39.7633,-104.8694,DENVER-STAPLETON                       72469,1611,CO,2017-01-01,3.9,-8.3,0,0,0,2017,-2.2,1,1,1,FALSE,FALSE,FALSE,0,0,0
USW00023062,39.7633,-104.8694,DENVER-STAPLETON                       72469,1611,CO,2017-01-02,10,-6.7,0,0,0,2017,1.65,1,2,2,TRUE,FALSE,FALSE,1,0,0
USW00023062,39.7633,-104.8694,DENVER-STAPLETON                       72469,1611,CO,2017-01-03,11.1,-10.6,0,0,0,2017,0.25,1,3,3,TRUE,FALSE,FALSE,2,0,0
USW00023062,39.7633,-104.8694,DENVER-STAPLETON                       72469,1611,CO,2017-01-04,0,-12.8,0,3,0,2017,-6.4,1,4,4,FALSE,FALSE,FALSE,2,0,0
USW00023062,39.7633,-104.8694,DENVER-STAPLETON                       72469,1611,CO,2017-01-05,-11.1,-17.2,61,124,127,2017,-14.149999999999999,1,5,5,FALSE,FALSE,TRUE,2,0,1
USW00023062,39.7633,-104.8694,DENVER-STAPLETON                       72469,1611,CO,2017-01-06,-13.9,-24.4,25,30,127,2017,-19.15,1,6,6,FALSE,FALSE,TRUE,2,0,2
USW00023062,39.7633,-104.8694,DENVER-STAPLETON                       72469,1611,CO,2017-01-07,-2.2,-24.4,0,0,102,2017,-13.299999999999999,1,7,7,FALSE,FALSE,FALSE,2,0,2
USW00023062,39.7633,-104.8694,DENVER-STAPLETON                       72469,1611,CO,2017-01-08,-2.2,-16.1,0,0,102,2017,-9.15,1,8,8,FALSE,FALSE,FALSE,2,0,2
USW00023062,39.7633,-104.8694,DENVER-STAPLETON                       72469,1611,CO,2017-01-09,14.4,-8.3,0,0,51,2017,3.05,1,9,9,TRUE,FALSE,FALSE,3,0,2
USW00023062,39.7633,-104.8694,DENVER-STAPLETON                       72469,1611,CO,2017-01-10,17.2,0,0,0,0,2017,8.6,1,10,10,TRUE,FALSE,FALSE,4,0,2
USW00023062,39.7633,-104.8694,DENVER-STAPLETON                       72469,1611,CO,2017-01-11,11.1,-1.7,0,0,0,2017,4.7,1,11,11,TRUE,FALSE,FALSE,5,0,2
USW00023062,39.7633,-104.8694,DENVER-STAPLETON                       72469,1611,CO,2017-01-12,13.9,-4.4,0,0,0,2017,4.75,1,12,12,TRUE,FALSE,FALSE,6,0,2
USW00023062,39.7633,-104.8694,DENVER-STAPLETON                       72469,1611,CO,2017-01-13,6.1,-7.8,0,0,0,2017,-0.8500000000000001,1,13,13,FALSE,FALSE,FALSE,6,0,2
USW00023062,39.7633,-104.8694,DENVER-STAPLETON                       72469,1611,CO,2017-01-14,3.3,-6.7,0,0,0,2017,-1.7000000000000002,1,14,14,FALSE,FALSE,FALSE,6,0,2
USW00023062,39.7633,-104.8694,DENVER-STAPLETON                       72469,1611,CO,2017-01-15,5,-6.1,0,0,0,2017,-0.5499999999999998,1,15,15,FALSE,FALSE,FALSE,6,0,2
USW00023062,39.7633,-104.8694,DENVER-STAPLETON                       72469,1611,CO,2017-01-16,1.1,-6.1,20,28,25,2017,-2.5,1,16,16,FALSE,FALSE,TRUE,6,0,3
USW00023062,39.7633,-104.8694,DENVER-STAPLETON                       72469,1611,CO,2017-01-17,1.1,-10,25,48,51,2017,-4.45,1,17,17,FALSE,FALSE,TRUE,6,0,4
USW00023062,39.7633,-104.8694,DENVER-STAPLETON                       72469,1611,CO,2017-01-18,7.8,-10,0,0,51,2017,-1.1,1,18,18,FALSE,FALSE,FALSE,6,0,4
USW00023062,39.7633,-104.8694,DENVER-STAPLETON                       72469,1611,CO,2017-01-19,13.3,-9.4,0,0,25,2017,1.9500000000000002,1,19,19,TRUE,FALSE,FALSE,7,0,4
USW00023062,39.7633,-104.8694,DENVER-STAPLETON                       72469,1611,CO,2017-01-20,11.7,-3.9,0,0,0,2017,3.8999999999999995,1,20,20,TRUE,FALSE,FALSE,8,0,4
USW00023062,39.7633,-104.8694,DENVER-STAPLETON                       72469,1611,CO,2017-01-21,7.8,-6.1,0,0,0,2017,0.8500000000000001,1,21,21,FALSE,FALSE,FALSE,8,0,4
USW00023062,39.7633,-104.8694,DENVER-STAPLETON                       72469,1611,CO,2017-01-22,3.3,-6.1,0,0,0,2017,-1.4,1,22,22,FALSE,FALSE,FALSE,8,0,4
USW00023062,39.7633,-104.8694,DENVER-STAPLETON                       72469,1611,CO,2017-01-23,7.8,-3.9,0,0,0,2017,1.95,1,23,23,FALSE,FALSE,FALSE,8,0,4
USW00023062,39.7633,-104.8694,DENVER-STAPLETON                       72469,1611,CO,2017-01-24,12.8,-4.4,0,0,0,2017,4.2,1,24,24,TRUE,FALSE,FALSE,9,0,4
USW00023062,39.7633,-104.8694,DENVER-STAPLETON                       72469,1611,CO,2017-01-25,1.1,-9.4,0,0,0,2017,-4.15,1,25,25,FALSE,FALSE,FALSE,9,0,4
USW00023062,39.7633,-104.8694,DENVER-STAPLETON                       72469,1611,CO,2017-01-26,-1.1,-10.6,0,0,0,2017,-5.85,1,26,26,FALSE,FALSE,FALSE,9,0,4
USW00023062,39.7633,-104.8694,DENVER-STAPLETON                       72469,1611,CO,2017-01-27,-1.7,-11.7,0,0,0,2017,-6.699999999999999,1,27,27,FALSE,FALSE,FALSE,9,0,4
USW00023062,39.7633,-104.8694,DENVER-STAPLETON                       72469,1611,CO,2017-01-28,5,-11.1,0,0,0,2017,-3.05,1,28,28,FALSE,FALSE,FALSE,9,0,4
USW00023062,39.7633,-104.8694,DENVER-STAPLETON                       72469,1611,CO,2017-01-29,9.4,-6.1,0,0,0,2017,1.6500000000000004,1,29,29,FALSE,FALSE,FALSE,9,0,4
USW00023062,39.7633,-104.8694,DENVER-STAPLETON                       72469,1611,CO,2017-01-30,15.6,-3.3,0,0,0,2017,6.15,1,30,30,TRUE,FALSE,FALSE,10,0,4
USW00023062,39.7633,-104.8694,DENVER-STAPLETON                       72469,1611,CO,2017-01-31,17.2,1.7,0,0,0,2017,9.45,1,31,31,TRUE,TRUE,FALSE,11,1,4
USW00023062,39.7633,-104.8694,DENVER-STAPLETON                       72469,1611,CO,2017-02-01,17.2,-3.3,0,0,0,2017,6.949999999999999,2,1,32,TRUE,FALSE,FALSE,12,1,4
USW00023062,39.7633,-104.8694,DENVER-STAPLETON                       72469,1611,CO,2017-02-02,-1.7,-7.2,3,0,0,2017,-4.45,2,2,33,FALSE,FALSE,TRUE,12,1,5
USW00023062,39.7633,-104.8694,DENVER-STAPLETON                       72469,1611,CO,2017-02-03,-4.4,-10,3,0,0,2017,-7.2,2,3,34,FALSE,FALSE,TRUE,12,1,6
USW00023062,39.7633,-104.8694,DENVER-STAPLETON                       72469,1611,CO,2017-02-04,8.3,-10,3,3,0,2017,-0.8499999999999996,2,4,35,FALSE,FALSE,TRUE,12,1,7
USW00023062,39.7633,-104.8694,DENVER-STAPLETON                       72469,1611,CO,2017-02-05,16.1,-0.6,0,0,0,2017,7.750000000000001,2,5,36,TRUE,FALSE,FALSE,13,1,7
USW00023062,39.7633,-104.8694,DENVER-STAPLETON                       72469,1611,CO,2017-02-06,15.6,-1.1,0,0,0,2017,7.25,2,6,37,TRUE,FALSE,FALSE,14,1,7
USW00023062,39.7633,-104.8694,DENVER-STAPLETON                       72469,1611,CO,2017-02-07,16.7,1.1,0,0,0,2017,8.9,2,7,38,TRUE,TRUE,FALSE,15,2,7
USW00023062,39.7633,-104.8694,DENVER-STAPLETON                       72469,1611,CO,2017-02-08,17.8,0.6,0,0,0,2017,9.200000000000001,2,8,39,TRUE,TRUE,FALSE,16,3,7
USW00023062,39.7633,-104.8694,DENVER-STAPLETON                       72469,1611,CO,2017-02-09,15,1.1,0,0,0,2017,8.05,2,9,40,TRUE,TRUE,FALSE,17,4,7
USW00023062,39.7633,-104.8694,DENVER-STAPLETON                       72469,1611,CO,2017-02-10,21.1,1.7,0,0,0,2017,11.4,2,10,41,TRUE,TRUE,FALSE,18,5,7
USW00023062,39.7633,-104.8694,DENVER-STAPLETON                       72469,1611,CO,2017-02-11,28.3,2.8,0,0,0,2017,15.55,2,11,42,TRUE,TRUE,FALSE,19,6,7
USW00023062,39.7633,-104.8694,DENVER-STAPLETON                       72469,1611,CO,2017-02-12,11.7,0,0,0,0,2017,5.85,2,12,43,TRUE,FALSE,FALSE,20,6,7
USW00023062,39.7633,-104.8694,DENVER-STAPLETON                       72469,1611,CO,2017-02-13,10,-2.8,0,0,0,2017,3.6,2,13,44,TRUE,FALSE,FALSE,21,6,7
USW00023062,39.7633,-104.8694,DENVER-STAPLETON                       72469,1611,CO,2017-02-14,8.3,-6.1,0,0,0,2017,1.1000000000000005,2,14,45,FALSE,FALSE,FALSE,21,6,7
USW00023062,39.7633,-104.8694,DENVER-STAPLETON                       72469,1611,CO,2017-02-15,8.9,-6.1,0,0,0,2017,1.4000000000000004,2,15,46,FALSE,FALSE,FALSE,21,6,7
USW00023062,39.7633,-104.8694,DENVER-STAPLETON                       72469,1611,CO,2017-02-16,20,-2.2,0,0,0,2017,8.9,2,16,47,TRUE,FALSE,FALSE,22,6,7
USW00023062,39.7633,-104.8694,DENVER-STAPLETON                       72469,1611,CO,2017-02-17,24.4,-1.7,0,0,0,2017,11.35,2,17,48,TRUE,FALSE,FALSE,23,6,7
USW00023062,39.7633,-104.8694,DENVER-STAPLETON                       72469,1611,CO,2017-02-18,20,-1.1,0,0,0,2017,9.45,2,18,49,TRUE,FALSE,FALSE,24,6,7
USW00023062,39.7633,-104.8694,DENVER-STAPLETON                       72469,1611,CO,2017-02-19,19.4,1.7,0,0,0,2017,10.549999999999999,2,19,50,TRUE,TRUE,FALSE,25,7,7
USW00023062,39.7633,-104.8694,DENVER-STAPLETON                       72469,1611,CO,2017-02-20,18.9,1.7,0,0,0,2017,10.299999999999999,2,20,51,TRUE,TRUE,FALSE,26,8,7
USW00023062,39.7633,-104.8694,DENVER-STAPLETON                       72469,1611,CO,2017-02-21,17.8,3.9,0,0,0,2017,10.85,2,21,52,TRUE,TRUE,FALSE,27,9,7
USW00023062,39.7633,-104.8694,DENVER-STAPLETON                       72469,1611,CO,2017-02-22,23.3,5.6,0,0,0,2017,14.45,2,22,53,TRUE,TRUE,FALSE,28,10,7
USW00023062,39.7633,-104.8694,DENVER-STAPLETON                       72469,1611,CO,2017-02-23,14.4,-2.8,0,0,0,2017,5.800000000000001,2,23,54,TRUE,FALSE,FALSE,29,10,7
USW00023062,39.7633,-104.8694,DENVER-STAPLETON                       72469,1611,CO,2017-02-24,0,-8.3,20,15,25,2017,-4.15,2,24,55,FALSE,FALSE,TRUE,29,10,8
USW00023062,39.7633,-104.8694,DENVER-STAPLETON                       72469,1611,CO,2017-02-25,-3.9,-9.4,0,0,0,2017,-6.65,2,25,56,FALSE,FALSE,FALSE,29,10,8
USW00023062,39.7633,-104.8694,DENVER-STAPLETON                       72469,1611,CO,2017-02-26,2.8,-10,0,0,0,2017,-3.6,2,26,57,FALSE,FALSE,FALSE,29,10,8
USW00023062,39.7633,-104.8694,DENVER-STAPLETON                       72469,1611,CO,2017-02-27,6.1,-10,0,0,0,2017,-1.9500000000000002,2,27,58,FALSE,FALSE,FALSE,29,10,8
USW00023062,39.7633,-104.8694,DENVER-STAPLETON                       72469,1611,CO,2017-02-28,13.9,-9.4,0,0,0,2017,2.25,2,28,59,TRUE,FALSE,FALSE,30,10,8
USW00023062,39.7633,-104.8694,DENVER-STAPLETON                       72469,1611,CO,2017-03-01,2.8,-5,0,0,0,2017,-1.1,3,1,60,FALSE,FALSE,FALSE,30,10,8
USW00023062,39.7633,-104.8694,DENVER-STAPLETON                       72469,1611,CO,2017-03-02,8.3,-7.2,0,0,0,2017,0.5500000000000003,3,2,61,FALSE,FALSE,FALSE,30,10,8
USW00023062,39.7633,-104.8694,DENVER-STAPLETON                       72469,1611,CO,2017-03-03,11.7,-7.2,0,0,0,2017,2.2499999999999996,3,3,62,TRUE,FALSE,FALSE,31,10,8
USW00023062,39.7633,-104.8694,DENVER-STAPLETON                       72469,1611,CO,2017-03-04,17.8,-2.8,0,0,0,2017,7.5,3,4,63,TRUE,FALSE,FALSE,32,10,8
USW00023062,39.7633,-104.8694,DENVER-STAPLETON                       72469,1611,CO,2017-03-05,22.8,-1.7,0,0,0,2017,10.55,3,5,64,TRUE,FALSE,FALSE,33,10,8
USW00023062,39.7633,-104.8694,DENVER-STAPLETON                       72469,1611,CO,2017-03-06,21.1,7.2,0,0,0,2017,14.15,3,6,65,TRUE,TRUE,FALSE,34,11,8
USW00023062,39.7633,-104.8694,DENVER-STAPLETON                       72469,1611,CO,2017-03-07,7.2,-7.8,0,0,0,2017,-0.2999999999999998,3,7,66,FALSE,FALSE,FALSE,34,11,8
USW00023062,39.7633,-104.8694,DENVER-STAPLETON                       72469,1611,CO,2017-03-08,11.7,-8.3,0,0,0,2017,1.6999999999999993,3,8,67,TRUE,FALSE,FALSE,35,11,8
USW00023062,39.7633,-104.8694,DENVER-STAPLETON                       72469,1611,CO,2017-03-09,18.3,-2.2,0,0,0,2017,8.05,3,9,68,TRUE,FALSE,FALSE,36,11,8
USW00023062,39.7633,-104.8694,DENVER-STAPLETON                       72469,1611,CO,2017-03-10,22.2,-2.2,0,0,0,2017,10,3,10,69,TRUE,FALSE,FALSE,37,11,8
USW00023062,39.7633,-104.8694,DENVER-STAPLETON                       72469,1611,CO,2017-03-11,20,-2.8,0,0,0,2017,8.6,3,11,70,TRUE,FALSE,FALSE,38,11,8
USW00023062,39.7633,-104.8694,DENVER-STAPLETON                       72469,1611,CO,2017-03-12,9.4,0,0,0,0,2017,4.7,3,12,71,FALSE,FALSE,FALSE,38,11,8
USW00023062,39.7633,-104.8694,DENVER-STAPLETON                       72469,1611,CO,2017-03-13,17.2,-2.8,0,0,0,2017,7.199999999999999,3,13,72,TRUE,FALSE,FALSE,39,11,8
USW00023062,39.7633,-104.8694,DENVER-STAPLETON                       72469,1611,CO,2017-03-14,13.3,-3.3,0,0,0,2017,5,3,14,73,TRUE,FALSE,FALSE,40,11,8
USW00023062,39.7633,-104.8694,DENVER-STAPLETON                       72469,1611,CO,2017-03-15,22.8,2.2,0,0,0,2017,12.5,3,15,74,TRUE,TRUE,FALSE,41,12,8
USW00023062,39.7633,-104.8694,DENVER-STAPLETON                       72469,1611,CO,2017-03-16,25.6,4.4,0,0,0,2017,15,3,16,75,TRUE,TRUE,FALSE,42,13,8
USW00023062,39.7633,-104.8694,DENVER-STAPLETON                       72469,1611,CO,2017-03-17,26.1,5,0,0,0,2017,15.55,3,17,76,TRUE,TRUE,FALSE,43,14,8
USW00023062,39.7633,-104.8694,DENVER-STAPLETON                       72469,1611,CO,2017-03-18,22.8,1.7,0,0,0,2017,12.25,3,18,77,TRUE,TRUE,FALSE,44,15,8
USW00023062,39.7633,-104.8694,DENVER-STAPLETON                       72469,1611,CO,2017-03-19,27.8,1.7,0,0,0,2017,14.75,3,19,78,TRUE,TRUE,FALSE,45,16,8
USW00023062,39.7633,-104.8694,DENVER-STAPLETON                       72469,1611,CO,2017-03-20,27.8,7.8,0,0,0,2017,17.8,3,20,79,TRUE,TRUE,FALSE,46,17,8
USW00023062,39.7633,-104.8694,DENVER-STAPLETON                       72469,1611,CO,2017-03-21,24.4,3.3,0,0,0,2017,13.85,3,21,80,TRUE,TRUE,FALSE,47,18,8
USW00023062,39.7633,-104.8694,DENVER-STAPLETON                       72469,1611,CO,2017-03-22,18.3,2.8,0,0,0,2017,10.55,3,22,81,TRUE,TRUE,FALSE,48,19,8
USW00023062,39.7633,-104.8694,DENVER-STAPLETON                       72469,1611,CO,2017-03-23,21.1,2.8,0,0,0,2017,11.950000000000001,3,23,82,TRUE,TRUE,FALSE,49,20,8
USW00023062,39.7633,-104.8694,DENVER-STAPLETON                       72469,1611,CO,2017-03-24,25,0,145,0,0,2017,12.5,3,24,83,TRUE,FALSE,TRUE,50,20,9
USW00023062,39.7633,-104.8694,DENVER-STAPLETON                       72469,1611,CO,2017-03-25,11.1,-0.6,0,0,0,2017,5.25,3,25,84,TRUE,FALSE,FALSE,51,20,9
USW00023062,39.7633,-104.8694,DENVER-STAPLETON                       72469,1611,CO,2017-03-26,18.3,-1.1,0,0,0,2017,8.6,3,26,85,TRUE,FALSE,FALSE,52,20,9
USW00023062,39.7633,-104.8694,DENVER-STAPLETON                       72469,1611,CO,2017-03-27,11.1,0,0,0,0,2017,5.55,3,27,86,TRUE,FALSE,FALSE,53,20,9
USW00023062,39.7633,-104.8694,DENVER-STAPLETON                       72469,1611,CO,2017-03-28,17.8,0,3,0,0,2017,8.9,3,28,87,TRUE,FALSE,TRUE,54,20,10
USW00023062,39.7633,-104.8694,DENVER-STAPLETON                       72469,1611,CO,2017-03-29,6.7,1.7,28,0,0,2017,4.2,3,29,88,FALSE,TRUE,TRUE,54,21,11
USW00023062,39.7633,-104.8694,DENVER-STAPLETON                       72469,1611,CO,2017-03-30,13.9,0.6,3,0,0,2017,7.25,3,30,89,TRUE,TRUE,TRUE,55,22,12
USW00023062,39.7633,-104.8694,DENVER-STAPLETON                       72469,1611,CO,2017-03-31,19.4,0.6,0,0,0,2017,10,3,31,90,TRUE,TRUE,FALSE,56,23,12
USW00023062,39.7633,-104.8694,DENVER-STAPLETON                       72469,1611,CO,2017-04-01,6.7,0,18,0,0,2017,3.35,4,1,91,FALSE,FALSE,TRUE,56,23,13
USW00023062,39.7633,-104.8694,DENVER-STAPLETON                       72469,1611,CO,2017-04-02,5,-0.6,0,0,0,2017,2.2,4,2,92,FALSE,FALSE,FALSE,56,23,13
USW00023062,39.7633,-104.8694,DENVER-STAPLETON                       72469,1611,CO,2017-04-03,17.2,-0.6,10,0,0,2017,8.299999999999999,4,3,93,TRUE,FALSE,TRUE,57,23,14
USW00023062,39.7633,-104.8694,DENVER-STAPLETON                       72469,1611,CO,2017-04-04,15,-0.6,43,5,0,2017,7.2,4,4,94,TRUE,FALSE,TRUE,58,23,15
USW00023062,39.7633,-104.8694,DENVER-STAPLETON                       72469,1611,CO,2017-04-05,5,-2.8,36,10,0,2017,1.1,4,5,95,FALSE,FALSE,TRUE,58,23,16
USW00023062,39.7633,-104.8694,DENVER-STAPLETON                       72469,1611,CO,2017-04-06,13.3,-2.8,0,0,0,2017,5.25,4,6,96,TRUE,FALSE,FALSE,59,23,16
USW00023062,39.7633,-104.8694,DENVER-STAPLETON                       72469,1611,CO,2017-04-07,18.9,0.6,0,0,0,2017,9.75,4,7,97,TRUE,TRUE,FALSE,60,24,16
USW00023062,39.7633,-104.8694,DENVER-STAPLETON                       72469,1611,CO,2017-04-08,25,8.3,0,0,0,2017,16.65,4,8,98,TRUE,TRUE,FALSE,61,25,16
USW00023062,39.7633,-104.8694,DENVER-STAPLETON                       72469,1611,CO,2017-04-09,25.6,6.1,0,0,0,2017,15.850000000000001,4,9,99,TRUE,TRUE,FALSE,62,26,16
USW00023062,39.7633,-104.8694,DENVER-STAPLETON                       72469,1611,CO,2017-04-10,16.7,0,0,0,0,2017,8.35,4,10,100,TRUE,FALSE,FALSE,63,26,16
USW00023062,39.7633,-104.8694,DENVER-STAPLETON                       72469,1611,CO,2017-04-11,15.6,-1.1,0,0,0,2017,7.25,4,11,101,TRUE,FALSE,FALSE,64,26,16
USW00023062,39.7633,-104.8694,DENVER-STAPLETON                       72469,1611,CO,2017-04-12,22.8,-1.1,0,0,0,2017,10.85,4,12,102,TRUE,FALSE,FALSE,65,26,16
USW00023062,39.7633,-104.8694,DENVER-STAPLETON                       72469,1611,CO,2017-04-13,23.9,1.7,0,0,0,2017,12.799999999999999,4,13,103,TRUE,TRUE,FALSE,66,27,16
USW00023062,39.7633,-104.8694,DENVER-STAPLETON                       72469,1611,CO,2017-04-14,27.2,4.4,0,0,0,2017,15.8,4,14,104,TRUE,TRUE,FALSE,67,28,16
USW00023062,39.7633,-104.8694,DENVER-STAPLETON                       72469,1611,CO,2017-04-15,27.2,5,0,0,0,2017,16.1,4,15,105,TRUE,TRUE,FALSE,68,29,16
USW00023062,39.7633,-104.8694,DENVER-STAPLETON                       72469,1611,CO,2017-04-16,20.6,4.4,0,0,0,2017,12.5,4,16,106,TRUE,TRUE,FALSE,69,30,16
USW00023062,39.7633,-104.8694,DENVER-STAPLETON                       72469,1611,CO,2017-04-17,23.3,3.3,0,0,0,2017,13.3,4,17,107,TRUE,TRUE,FALSE,70,31,16
USW00023062,39.7633,-104.8694,DENVER-STAPLETON                       72469,1611,CO,2017-04-18,25.6,5,0,0,0,2017,15.3,4,18,108,TRUE,TRUE,FALSE,71,32,16
USW00023062,39.7633,-104.8694,DENVER-STAPLETON                       72469,1611,CO,2017-04-19,26.7,6.7,0,0,0,2017,16.7,4,19,109,TRUE,TRUE,FALSE,72,33,16
USW00023062,39.7633,-104.8694,DENVER-STAPLETON                       72469,1611,CO,2017-04-20,24.4,5,0,0,0,2017,14.7,4,20,110,TRUE,TRUE,FALSE,73,34,16
USW00023062,39.7633,-104.8694,DENVER-STAPLETON                       72469,1611,CO,2017-04-21,17.2,5,25,0,0,2017,11.1,4,21,111,TRUE,TRUE,TRUE,74,35,17
USW00023062,39.7633,-104.8694,DENVER-STAPLETON                       72469,1611,CO,2017-04-22,8.9,0.6,33,0,0,2017,4.75,4,22,112,FALSE,TRUE,TRUE,74,36,18
USW00023062,39.7633,-104.8694,DENVER-STAPLETON                       72469,1611,CO,2017-04-23,13.9,1.1,20,0,0,2017,7.5,4,23,113,TRUE,TRUE,TRUE,75,37,19
USW00023062,39.7633,-104.8694,DENVER-STAPLETON                       72469,1611,CO,2017-04-24,26.1,3.3,0,0,0,2017,14.700000000000001,4,24,114,TRUE,TRUE,FALSE,76,38,19
USW00023062,39.7633,-104.8694,DENVER-STAPLETON                       72469,1611,CO,2017-04-25,19.4,4.4,0,0,0,2017,11.899999999999999,4,25,115,TRUE,TRUE,FALSE,77,39,19
USW00023062,39.7633,-104.8694,DENVER-STAPLETON                       72469,1611,CO,2017-04-26,15.6,-1.7,23,0,0,2017,6.95,4,26,116,TRUE,FALSE,TRUE,78,39,20
USW00023062,39.7633,-104.8694,DENVER-STAPLETON                       72469,1611,CO,2017-04-27,16.1,-1.7,0,0,0,2017,7.200000000000001,4,27,117,TRUE,FALSE,FALSE,79,39,20
USW00023062,39.7633,-104.8694,DENVER-STAPLETON                       72469,1611,CO,2017-04-28,11.7,1.7,0,0,0,2017,6.699999999999999,4,28,118,TRUE,TRUE,FALSE,80,40,20
USW00023062,39.7633,-104.8694,DENVER-STAPLETON                       72469,1611,CO,2017-04-29,12.2,-2.2,53,69,25,2017,5,4,29,119,TRUE,FALSE,TRUE,81,40,21
USW00023062,39.7633,-104.8694,DENVER-STAPLETON                       72469,1611,CO,2017-04-30,-1.1,-3.9,56,43,25,2017,-2.5,4,30,120,FALSE,FALSE,TRUE,81,40,22
USW00023062,39.7633,-104.8694,DENVER-STAPLETON                       72469,1611,CO,2017-05-01,16.1,-1.7,0,0,0,2017,7.200000000000001,5,1,121,TRUE,FALSE,FALSE,82,40,22
USW00023062,39.7633,-104.8694,DENVER-STAPLETON                       72469,1611,CO,2017-05-02,19.4,3.9,0,0,0,2017,11.649999999999999,5,2,122,TRUE,TRUE,FALSE,83,41,22
USW00023062,39.7633,-104.8694,DENVER-STAPLETON                       72469,1611,CO,2017-05-03,17.8,4.4,25,0,0,2017,11.100000000000001,5,3,123,TRUE,TRUE,TRUE,84,42,23
USW00023062,39.7633,-104.8694,DENVER-STAPLETON                       72469,1611,CO,2017-05-04,12.8,0.6,30,0,0,2017,6.7,5,4,124,TRUE,TRUE,TRUE,85,43,24
USW00023062,39.7633,-104.8694,DENVER-STAPLETON                       72469,1611,CO,2017-05-05,22.2,1.7,0,0,0,2017,11.95,5,5,125,TRUE,TRUE,FALSE,86,44,24
USW00023062,39.7633,-104.8694,DENVER-STAPLETON                       72469,1611,CO,2017-05-06,27.2,7.2,0,0,0,2017,17.2,5,6,126,TRUE,TRUE,FALSE,87,45,24
USW00023062,39.7633,-104.8694,DENVER-STAPLETON                       72469,1611,CO,2017-05-07,31.1,9.4,0,0,0,2017,20.25,5,7,127,TRUE,TRUE,FALSE,88,46,24
USW00023062,39.7633,-104.8694,DENVER-STAPLETON                       72469,1611,CO,2017-05-08,27.2,9.4,15,0,0,2017,18.3,5,8,128,TRUE,TRUE,TRUE,89,47,25
USW00023062,39.7633,-104.8694,DENVER-STAPLETON                       72469,1611,CO,2017-05-09,21.7,8.3,312,0,0,2017,15,5,9,129,TRUE,TRUE,TRUE,90,48,26
USW00023062,39.7633,-104.8694,DENVER-STAPLETON                       72469,1611,CO,2017-05-10,19.4,9.4,3,0,0,2017,14.399999999999999,5,10,130,TRUE,TRUE,TRUE,91,49,27
USW00023062,39.7633,-104.8694,DENVER-STAPLETON                       72469,1611,CO,2017-05-11,11.7,7.2,91,0,0,2017,9.45,5,11,131,TRUE,TRUE,TRUE,92,50,28
USW00023062,39.7633,-104.8694,DENVER-STAPLETON                       72469,1611,CO,2017-05-12,18.3,6.7,0,0,0,2017,12.5,5,12,132,TRUE,TRUE,FALSE,93,51,28
USW00023062,39.7633,-104.8694,DENVER-STAPLETON                       72469,1611,CO,2017-05-13,26.7,6.7,0,0,0,2017,16.7,5,13,133,TRUE,TRUE,FALSE,94,52,28
USW00023062,39.7633,-104.8694,DENVER-STAPLETON                       72469,1611,CO,2017-05-14,30,8.9,0,0,0,2017,19.45,5,14,134,TRUE,TRUE,FALSE,95,53,28
USW00023062,39.7633,-104.8694,DENVER-STAPLETON                       72469,1611,CO,2017-05-15,25.6,8.3,0,0,0,2017,16.950000000000003,5,15,135,TRUE,TRUE,FALSE,96,54,28
USW00023062,39.7633,-104.8694,DENVER-STAPLETON                       72469,1611,CO,2017-05-16,28.9,10.6,0,0,0,2017,19.75,5,16,136,TRUE,TRUE,FALSE,97,55,28
USW00023062,39.7633,-104.8694,DENVER-STAPLETON                       72469,1611,CO,2017-05-17,22.2,6.1,15,0,0,2017,14.149999999999999,5,17,137,TRUE,TRUE,TRUE,98,56,29
USW00023062,39.7633,-104.8694,DENVER-STAPLETON                       72469,1611,CO,2017-05-18,22.8,1.1,231,0,0,2017,11.950000000000001,5,18,138,TRUE,TRUE,TRUE,99,57,30
USW00023062,39.7633,-104.8694,DENVER-STAPLETON                       72469,1611,CO,2017-05-19,2.8,0,241,0,0,2017,1.4,5,19,139,FALSE,FALSE,TRUE,99,57,31
USW00023062,39.7633,-104.8694,DENVER-STAPLETON                       72469,1611,CO,2017-05-20,3.3,0,10,0,0,2017,1.65,5,20,140,FALSE,FALSE,TRUE,99,57,32
USW00023062,39.7633,-104.8694,DENVER-STAPLETON                       72469,1611,CO,2017-05-21,16.7,0,0,0,0,2017,8.35,5,21,141,TRUE,FALSE,FALSE,100,57,32
USW00023062,39.7633,-104.8694,DENVER-STAPLETON                       72469,1611,CO,2017-05-22,19.4,5,48,0,0,2017,12.2,5,22,142,TRUE,TRUE,TRUE,101,58,33
USW00023062,39.7633,-104.8694,DENVER-STAPLETON                       72469,1611,CO,2017-05-23,20,3.3,36,0,0,2017,11.65,5,23,143,TRUE,TRUE,TRUE,102,59,34
USW00023062,39.7633,-104.8694,DENVER-STAPLETON                       72469,1611,CO,2017-05-24,16.7,3.3,0,0,0,2017,10,5,24,144,TRUE,TRUE,FALSE,103,60,34
USW00023062,39.7633,-104.8694,DENVER-STAPLETON                       72469,1611,CO,2017-05-25,30,5,0,0,0,2017,17.5,5,25,145,TRUE,TRUE,FALSE,104,61,34
USW00023062,39.7633,-104.8694,DENVER-STAPLETON                       72469,1611,CO,2017-05-26,26.7,7.2,84,0,0,2017,16.95,5,26,146,TRUE,TRUE,TRUE,105,62,35
USW00023062,39.7633,-104.8694,DENVER-STAPLETON                       72469,1611,CO,2017-05-27,22.2,6.7,3,0,0,2017,14.45,5,27,147,TRUE,TRUE,TRUE,106,63,36
USW00023062,39.7633,-104.8694,DENVER-STAPLETON                       72469,1611,CO,2017-05-28,14.4,5,48,0,0,2017,9.7,5,28,148,TRUE,TRUE,TRUE,107,64,37
USW00023062,39.7633,-104.8694,DENVER-STAPLETON                       72469,1611,CO,2017-05-29,22.2,5.6,0,0,0,2017,13.899999999999999,5,29,149,TRUE,TRUE,FALSE,108,65,37
USW00023062,39.7633,-104.8694,DENVER-STAPLETON                       72469,1611,CO,2017-05-30,21.1,7.8,8,0,0,2017,14.450000000000001,5,30,150,TRUE,TRUE,TRUE,109,66,38
USW00023062,39.7633,-104.8694,DENVER-STAPLETON                       72469,1611,CO,2017-05-31,24.4,7.8,15,0,0,2017,16.099999999999998,5,31,151,TRUE,TRUE,TRUE,110,67,39
USW00023062,39.7633,-104.8694,DENVER-STAPLETON                       72469,1611,CO,2017-06-01,28.3,9.4,18,0,0,2017,18.85,6,1,152,TRUE,TRUE,TRUE,111,68,40
USW00023062,39.7633,-104.8694,DENVER-STAPLETON                       72469,1611,CO,2017-06-02,27.2,9.4,28,0,0,2017,18.3,6,2,153,TRUE,TRUE,TRUE,112,69,41
USW00023062,39.7633,-104.8694,DENVER-STAPLETON                       72469,1611,CO,2017-06-03,26.1,9.4,15,0,0,2017,17.75,6,3,154,TRUE,TRUE,TRUE,113,70,42
USW00023062,39.7633,-104.8694,DENVER-STAPLETON                       72469,1611,CO,2017-06-04,25,10,0,0,0,2017,17.5,6,4,155,TRUE,TRUE,FALSE,114,71,42
USW00023062,39.7633,-104.8694,DENVER-STAPLETON                       72469,1611,CO,2017-06-05,28.3,10.6,0,0,0,2017,19.45,6,5,156,TRUE,TRUE,FALSE,115,72,42
USW00023062,39.7633,-104.8694,DENVER-STAPLETON                       72469,1611,CO,2017-06-06,29.4,10.6,0,0,0,2017,20,6,6,157,TRUE,TRUE,FALSE,116,73,42
USW00023062,39.7633,-104.8694,DENVER-STAPLETON                       72469,1611,CO,2017-06-07,25.6,12.8,0,0,0,2017,19.200000000000003,6,7,158,TRUE,TRUE,FALSE,117,74,42
USW00023062,39.7633,-104.8694,DENVER-STAPLETON                       72469,1611,CO,2017-06-08,30.6,11.7,13,0,0,2017,21.15,6,8,159,TRUE,TRUE,TRUE,118,75,43
USW00023062,39.7633,-104.8694,DENVER-STAPLETON                       72469,1611,CO,2017-06-09,31.1,12.8,0,0,0,2017,21.950000000000003,6,9,160,TRUE,TRUE,FALSE,119,76,43
USW00023062,39.7633,-104.8694,DENVER-STAPLETON                       72469,1611,CO,2017-06-10,34.4,17.2,0,0,0,2017,25.799999999999997,6,10,161,TRUE,TRUE,FALSE,120,77,43
USW00023062,39.7633,-104.8694,DENVER-STAPLETON                       72469,1611,CO,2017-06-11,37.2,13.9,0,0,0,2017,25.55,6,11,162,TRUE,TRUE,FALSE,121,78,43
USW00023062,39.7633,-104.8694,DENVER-STAPLETON                       72469,1611,CO,2017-06-12,27.2,14.4,0,0,0,2017,20.8,6,12,163,TRUE,TRUE,FALSE,122,79,43
USW00023062,39.7633,-104.8694,DENVER-STAPLETON                       72469,1611,CO,2017-06-13,35.6,10.6,0,0,0,2017,23.1,6,13,164,TRUE,TRUE,FALSE,123,80,43
USW00023062,39.7633,-104.8694,DENVER-STAPLETON                       72469,1611,CO,2017-06-14,27.8,10.6,0,0,0,2017,19.2,6,14,165,TRUE,TRUE,FALSE,124,81,43
USW00023062,39.7633,-104.8694,DENVER-STAPLETON                       72469,1611,CO,2017-06-15,31.1,11.7,0,0,0,2017,21.4,6,15,166,TRUE,TRUE,FALSE,125,82,43
USW00023062,39.7633,-104.8694,DENVER-STAPLETON                       72469,1611,CO,2017-06-16,32.8,12.8,0,0,0,2017,22.799999999999997,6,16,167,TRUE,TRUE,FALSE,126,83,43
USW00023062,39.7633,-104.8694,DENVER-STAPLETON                       72469,1611,CO,2017-06-17,35.6,13.3,0,0,0,2017,24.450000000000003,6,17,168,TRUE,TRUE,FALSE,127,84,43
USW00023062,39.7633,-104.8694,DENVER-STAPLETON                       72469,1611,CO,2017-06-18,31.7,16.1,0,0,0,2017,23.9,6,18,169,TRUE,TRUE,FALSE,128,85,43
USW00023062,39.7633,-104.8694,DENVER-STAPLETON                       72469,1611,CO,2017-06-19,30.6,12.8,0,0,0,2017,21.700000000000003,6,19,170,TRUE,TRUE,FALSE,129,86,43
USW00023062,39.7633,-104.8694,DENVER-STAPLETON                       72469,1611,CO,2017-06-20,31.1,14.4,0,0,0,2017,22.75,6,20,171,TRUE,TRUE,FALSE,130,87,43
USW00023062,39.7633,-104.8694,DENVER-STAPLETON                       72469,1611,CO,2017-06-21,38.9,16.7,0,0,0,2017,27.799999999999997,6,21,172,TRUE,TRUE,FALSE,131,88,43
USW00023062,39.7633,-104.8694,DENVER-STAPLETON                       72469,1611,CO,2017-06-22,37.2,20.6,0,0,0,2017,28.900000000000002,6,22,173,TRUE,TRUE,FALSE,132,89,43
USW00023062,39.7633,-104.8694,DENVER-STAPLETON                       72469,1611,CO,2017-06-23,35,12.2,5,0,0,2017,23.6,6,23,174,TRUE,TRUE,TRUE,133,90,44
USW00023062,39.7633,-104.8694,DENVER-STAPLETON                       72469,1611,CO,2017-06-24,15.6,7.8,28,0,0,2017,11.7,6,24,175,TRUE,TRUE,TRUE,134,91,45
USW00023062,39.7633,-104.8694,DENVER-STAPLETON                       72469,1611,CO,2017-06-25,25.6,8.3,0,0,0,2017,16.950000000000003,6,25,176,TRUE,TRUE,FALSE,135,92,45
USW00023062,39.7633,-104.8694,DENVER-STAPLETON                       72469,1611,CO,2017-06-26,23.3,12.2,0,0,0,2017,17.75,6,26,177,TRUE,TRUE,FALSE,136,93,45
USW00023062,39.7633,-104.8694,DENVER-STAPLETON                       72469,1611,CO,2017-06-27,32.2,13.3,0,0,0,2017,22.75,6,27,178,TRUE,TRUE,FALSE,137,94,45
USW00023062,39.7633,-104.8694,DENVER-STAPLETON                       72469,1611,CO,2017-06-28,36.1,15,3,0,0,2017,25.55,6,28,179,TRUE,TRUE,TRUE,138,95,46
USW00023062,39.7633,-104.8694,DENVER-STAPLETON                       72469,1611,CO,2017-06-29,32.2,13.3,0,0,0,2017,22.75,6,29,180,TRUE,TRUE,FALSE,139,96,46
USW00023062,39.7633,-104.8694,DENVER-STAPLETON                       72469,1611,CO,2017-06-30,30.6,11.7,112,0,0,2017,21.15,6,30,181,TRUE,TRUE,TRUE,140,97,47
USW00023062,39.7633,-104.8694,DENVER-STAPLETON                       72469,1611,CO,2017-07-01,23.9,10.6,0,0,0,2017,17.25,7,1,182,TRUE,TRUE,FALSE,141,98,47
USW00023062,39.7633,-104.8694,DENVER-STAPLETON                       72469,1611,CO,2017-07-02,32.2,11.7,0,0,0,2017,21.950000000000003,7,2,183,TRUE,TRUE,FALSE,142,99,47
USW00023062,39.7633,-104.8694,DENVER-STAPLETON                       72469,1611,CO,2017-07-03,35,13.3,0,0,0,2017,24.15,7,3,184,TRUE,TRUE,FALSE,143,100,47
USW00023062,39.7633,-104.8694,DENVER-STAPLETON                       72469,1611,CO,2017-07-04,33.9,14.4,0,0,0,2017,24.15,7,4,185,TRUE,TRUE,FALSE,144,101,47
USW00023062,39.7633,-104.8694,DENVER-STAPLETON                       72469,1611,CO,2017-07-05,35,14.4,0,0,0,2017,24.7,7,5,186,TRUE,TRUE,FALSE,145,102,47
USW00023062,39.7633,-104.8694,DENVER-STAPLETON                       72469,1611,CO,2017-07-06,38.3,16.7,0,0,0,2017,27.5,7,6,187,TRUE,TRUE,FALSE,146,103,47
USW00023062,39.7633,-104.8694,DENVER-STAPLETON                       72469,1611,CO,2017-07-07,37.8,16.1,0,0,0,2017,26.95,7,7,188,TRUE,TRUE,FALSE,147,104,47
USW00023062,39.7633,-104.8694,DENVER-STAPLETON                       72469,1611,CO,2017-07-08,31.7,16.1,0,0,0,2017,23.9,7,8,189,TRUE,TRUE,FALSE,148,105,47
USW00023062,39.7633,-104.8694,DENVER-STAPLETON                       72469,1611,CO,2017-07-09,33.3,16.1,0,0,0,2017,24.7,7,9,190,TRUE,TRUE,FALSE,149,106,47
USW00023062,39.7633,-104.8694,DENVER-STAPLETON                       72469,1611,CO,2017-07-10,36.7,15.6,0,0,0,2017,26.150000000000002,7,10,191,TRUE,TRUE,FALSE,150,107,47
USW00023062,39.7633,-104.8694,DENVER-STAPLETON                       72469,1611,CO,2017-07-11,34.4,15.6,0,0,0,2017,25,7,11,192,TRUE,TRUE,FALSE,151,108,47
USW00023062,39.7633,-104.8694,DENVER-STAPLETON                       72469,1611,CO,2017-07-12,36.1,20,0,0,0,2017,28.05,7,12,193,TRUE,TRUE,FALSE,152,109,47
USW00023062,39.7633,-104.8694,DENVER-STAPLETON                       72469,1611,CO,2017-07-13,26.1,13.9,0,0,0,2017,20,7,13,194,TRUE,TRUE,FALSE,153,110,47
USW00023062,39.7633,-104.8694,DENVER-STAPLETON                       72469,1611,CO,2017-07-14,31.7,14.4,0,0,0,2017,23.05,7,14,195,TRUE,TRUE,FALSE,154,111,47
USW00023062,39.7633,-104.8694,DENVER-STAPLETON                       72469,1611,CO,2017-07-15,32.8,15.6,8,0,0,2017,24.2,7,15,196,TRUE,TRUE,TRUE,155,112,48
USW00023062,39.7633,-104.8694,DENVER-STAPLETON                       72469,1611,CO,2017-07-16,29.4,12.8,0,0,0,2017,21.1,7,16,197,TRUE,TRUE,FALSE,156,113,48
USW00023062,39.7633,-104.8694,DENVER-STAPLETON                       72469,1611,CO,2017-07-17,32.2,12.8,0,0,0,2017,22.5,7,17,198,TRUE,TRUE,FALSE,157,114,48
USW00023062,39.7633,-104.8694,DENVER-STAPLETON                       72469,1611,CO,2017-07-18,36.7,16.1,0,0,0,2017,26.400000000000002,7,18,199,TRUE,TRUE,FALSE,158,115,48
USW00023062,39.7633,-104.8694,DENVER-STAPLETON                       72469,1611,CO,2017-07-19,35.6,17.2,0,0,0,2017,26.4,7,19,200,TRUE,TRUE,FALSE,159,116,48
USW00023062,39.7633,-104.8694,DENVER-STAPLETON                       72469,1611,CO,2017-07-20,38.9,18.9,0,0,0,2017,28.9,7,20,201,TRUE,TRUE,FALSE,160,117,48
USW00023062,39.7633,-104.8694,DENVER-STAPLETON                       72469,1611,CO,2017-07-21,36.7,17.2,0,0,0,2017,26.950000000000003,7,21,202,TRUE,TRUE,FALSE,161,118,48
USW00023062,39.7633,-104.8694,DENVER-STAPLETON                       72469,1611,CO,2017-07-22,35.6,16.7,20,0,0,2017,26.15,7,22,203,TRUE,TRUE,TRUE,162,119,49
USW00023062,39.7633,-104.8694,DENVER-STAPLETON                       72469,1611,CO,2017-07-23,32.8,16.7,0,0,0,2017,24.75,7,23,204,TRUE,TRUE,FALSE,163,120,49
USW00023062,39.7633,-104.8694,DENVER-STAPLETON                       72469,1611,CO,2017-07-24,34.4,17.2,0,0,0,2017,25.799999999999997,7,24,205,TRUE,TRUE,FALSE,164,121,49
USW00023062,39.7633,-104.8694,DENVER-STAPLETON                       72469,1611,CO,2017-07-25,38.3,19.4,0,0,0,2017,28.849999999999998,7,25,206,TRUE,TRUE,FALSE,165,122,49
USW00023062,39.7633,-104.8694,DENVER-STAPLETON                       72469,1611,CO,2017-07-26,35.6,17.8,10,0,0,2017,26.700000000000003,7,26,207,TRUE,TRUE,TRUE,166,123,50
USW00023062,39.7633,-104.8694,DENVER-STAPLETON                       72469,1611,CO,2017-07-27,28.3,16.1,15,0,0,2017,22.200000000000003,7,27,208,TRUE,TRUE,TRUE,167,124,51
USW00023062,39.7633,-104.8694,DENVER-STAPLETON                       72469,1611,CO,2017-07-28,32.2,16.7,0,0,0,2017,24.450000000000003,7,28,209,TRUE,TRUE,FALSE,168,125,51
USW00023062,39.7633,-104.8694,DENVER-STAPLETON                       72469,1611,CO,2017-07-29,35.6,18.3,107,0,0,2017,26.950000000000003,7,29,210,TRUE,TRUE,TRUE,169,126,52
USW00023062,39.7633,-104.8694,DENVER-STAPLETON                       72469,1611,CO,2017-07-30,25,16.7,5,0,0,2017,20.85,7,30,211,TRUE,TRUE,TRUE,170,127,53
USW00023062,39.7633,-104.8694,DENVER-STAPLETON                       72469,1611,CO,2017-07-31,27.8,13.9,38,0,0,2017,20.85,7,31,212,TRUE,TRUE,TRUE,171,128,54
USW00023062,39.7633,-104.8694,DENVER-STAPLETON                       72469,1611,CO,2017-08-01,31.7,13.9,0,0,0,2017,22.8,8,1,213,TRUE,TRUE,FALSE,172,129,54
USW00023062,39.7633,-104.8694,DENVER-STAPLETON                       72469,1611,CO,2017-08-02,32.2,15,0,0,0,2017,23.6,8,2,214,TRUE,TRUE,FALSE,173,130,54
USW00023062,39.7633,-104.8694,DENVER-STAPLETON                       72469,1611,CO,2017-08-03,32.8,13.3,28,0,0,2017,23.049999999999997,8,3,215,TRUE,TRUE,TRUE,174,131,55
USW00023062,39.7633,-104.8694,DENVER-STAPLETON                       72469,1611,CO,2017-08-04,20.6,12.2,25,0,0,2017,16.4,8,4,216,TRUE,TRUE,TRUE,175,132,56
USW00023062,39.7633,-104.8694,DENVER-STAPLETON                       72469,1611,CO,2017-08-05,33.9,13.9,0,0,0,2017,23.9,8,5,217,TRUE,TRUE,FALSE,176,133,56
USW00023062,39.7633,-104.8694,DENVER-STAPLETON                       72469,1611,CO,2017-08-06,31.1,13.3,3,0,0,2017,22.200000000000003,8,6,218,TRUE,TRUE,TRUE,177,134,57
USW00023062,39.7633,-104.8694,DENVER-STAPLETON                       72469,1611,CO,2017-08-07,26.1,13.9,28,0,0,2017,20,8,7,219,TRUE,TRUE,TRUE,178,135,58
USW00023062,39.7633,-104.8694,DENVER-STAPLETON                       72469,1611,CO,2017-08-08,18.9,13.3,203,0,0,2017,16.1,8,8,220,TRUE,TRUE,TRUE,179,136,59
USW00023062,39.7633,-104.8694,DENVER-STAPLETON                       72469,1611,CO,2017-08-09,23.9,12.2,8,0,0,2017,18.049999999999997,8,9,221,TRUE,TRUE,TRUE,180,137,60
USW00023062,39.7633,-104.8694,DENVER-STAPLETON                       72469,1611,CO,2017-08-10,26.1,11.7,0,0,0,2017,18.9,8,10,222,TRUE,TRUE,FALSE,181,138,60
USW00023062,39.7633,-104.8694,DENVER-STAPLETON                       72469,1611,CO,2017-08-11,26.1,11.7,5,0,0,2017,18.9,8,11,223,TRUE,TRUE,TRUE,182,139,61
USW00023062,39.7633,-104.8694,DENVER-STAPLETON                       72469,1611,CO,2017-08-12,28.3,11.7,0,0,0,2017,20,8,12,224,TRUE,TRUE,FALSE,183,140,61
USW00023062,39.7633,-104.8694,DENVER-STAPLETON                       72469,1611,CO,2017-08-13,31.7,12.8,5,0,0,2017,22.25,8,13,225,TRUE,TRUE,TRUE,184,141,62
USW00023062,39.7633,-104.8694,DENVER-STAPLETON                       72469,1611,CO,2017-08-14,32.2,13.9,48,0,0,2017,23.05,8,14,226,TRUE,TRUE,TRUE,185,142,63
USW00023062,39.7633,-104.8694,DENVER-STAPLETON                       72469,1611,CO,2017-08-15,34.4,13.3,15,0,0,2017,23.85,8,15,227,TRUE,TRUE,TRUE,186,143,64
USW00023062,39.7633,-104.8694,DENVER-STAPLETON                       72469,1611,CO,2017-08-16,28.9,13.3,8,0,0,2017,21.1,8,16,228,TRUE,TRUE,TRUE,187,144,65
USW00023062,39.7633,-104.8694,DENVER-STAPLETON                       72469,1611,CO,2017-08-17,25,12.8,3,0,0,2017,18.9,8,17,229,TRUE,TRUE,TRUE,188,145,66
USW00023062,39.7633,-104.8694,DENVER-STAPLETON                       72469,1611,CO,2017-08-18,31.1,12.2,0,0,0,2017,21.65,8,18,230,TRUE,TRUE,FALSE,189,146,66
USW00023062,39.7633,-104.8694,DENVER-STAPLETON                       72469,1611,CO,2017-08-19,33.3,11.7,0,0,0,2017,22.5,8,19,231,TRUE,TRUE,FALSE,190,147,66
USW00023062,39.7633,-104.8694,DENVER-STAPLETON                       72469,1611,CO,2017-08-20,36.1,15,0,0,0,2017,25.55,8,20,232,TRUE,TRUE,FALSE,191,148,66
USW00023062,39.7633,-104.8694,DENVER-STAPLETON                       72469,1611,CO,2017-08-21,33.3,16.7,0,0,0,2017,25,8,21,233,TRUE,TRUE,FALSE,192,149,66
USW00023062,39.7633,-104.8694,DENVER-STAPLETON                       72469,1611,CO,2017-08-22,31.1,14.4,0,0,0,2017,22.75,8,22,234,TRUE,TRUE,FALSE,193,150,66
USW00023062,39.7633,-104.8694,DENVER-STAPLETON                       72469,1611,CO,2017-08-23,32.2,14.4,0,0,0,2017,23.3,8,23,235,TRUE,TRUE,FALSE,194,151,66
USW00023062,39.7633,-104.8694,DENVER-STAPLETON                       72469,1611,CO,2017-08-24,33.3,13.9,0,0,0,2017,23.599999999999998,8,24,236,TRUE,TRUE,FALSE,195,152,66
USW00023062,39.7633,-104.8694,DENVER-STAPLETON                       72469,1611,CO,2017-08-25,31.1,13.3,0,0,0,2017,22.200000000000003,8,25,237,TRUE,TRUE,FALSE,196,153,66
USW00023062,39.7633,-104.8694,DENVER-STAPLETON                       72469,1611,CO,2017-08-26,32.8,13.9,0,0,0,2017,23.349999999999998,8,26,238,TRUE,TRUE,FALSE,197,154,66
USW00023062,39.7633,-104.8694,DENVER-STAPLETON                       72469,1611,CO,2017-08-27,34.4,13.9,0,0,0,2017,24.15,8,27,239,TRUE,TRUE,FALSE,198,155,66
USW00023062,39.7633,-104.8694,DENVER-STAPLETON                       72469,1611,CO,2017-08-28,31.1,14.4,0,0,0,2017,22.75,8,28,240,TRUE,TRUE,FALSE,199,156,66
USW00023062,39.7633,-104.8694,DENVER-STAPLETON                       72469,1611,CO,2017-08-29,33.3,13.9,0,0,0,2017,23.599999999999998,8,29,241,TRUE,TRUE,FALSE,200,157,66
USW00023062,39.7633,-104.8694,DENVER-STAPLETON                       72469,1611,CO,2017-08-30,35.6,13.9,0,0,0,2017,24.75,8,30,242,TRUE,TRUE,FALSE,201,158,66
USW00023062,39.7633,-104.8694,DENVER-STAPLETON                       72469,1611,CO,2017-08-31,33.9,13.9,0,0,0,2017,23.9,8,31,243,TRUE,TRUE,FALSE,202,159,66
USW00023062,39.7633,-104.8694,DENVER-STAPLETON                       72469,1611,CO,2017-09-01,31.1,14.4,0,0,0,2017,22.75,9,1,244,TRUE,TRUE,FALSE,203,160,66
USW00023062,39.7633,-104.8694,DENVER-STAPLETON                       72469,1611,CO,2017-09-02,31.1,13.3,0,0,0,2017,22.200000000000003,9,2,245,TRUE,TRUE,FALSE,204,161,66
USW00023062,39.7633,-104.8694,DENVER-STAPLETON                       72469,1611,CO,2017-09-03,33.3,12.8,0,0,0,2017,23.049999999999997,9,3,246,TRUE,TRUE,FALSE,205,162,66
USW00023062,39.7633,-104.8694,DENVER-STAPLETON                       72469,1611,CO,2017-09-04,36.7,13.9,0,0,0,2017,25.3,9,4,247,TRUE,TRUE,FALSE,206,163,66
USW00023062,39.7633,-104.8694,DENVER-STAPLETON                       72469,1611,CO,2017-09-05,35.6,14.4,0,0,0,2017,25,9,5,248,TRUE,TRUE,FALSE,207,164,66
USW00023062,39.7633,-104.8694,DENVER-STAPLETON                       72469,1611,CO,2017-09-06,21.7,8.9,0,0,0,2017,15.3,9,6,249,TRUE,TRUE,FALSE,208,165,66
USW00023062,39.7633,-104.8694,DENVER-STAPLETON                       72469,1611,CO,2017-09-07,28.3,8.9,0,0,0,2017,18.6,9,7,250,TRUE,TRUE,FALSE,209,166,66
USW00023062,39.7633,-104.8694,DENVER-STAPLETON                       72469,1611,CO,2017-09-08,30,10.6,0,0,0,2017,20.3,9,8,251,TRUE,TRUE,FALSE,210,167,66
USW00023062,39.7633,-104.8694,DENVER-STAPLETON                       72469,1611,CO,2017-09-09,30.6,10.6,0,0,0,2017,20.6,9,9,252,TRUE,TRUE,FALSE,211,168,66
USW00023062,39.7633,-104.8694,DENVER-STAPLETON                       72469,1611,CO,2017-09-10,33.3,13.9,0,0,0,2017,23.599999999999998,9,10,253,TRUE,TRUE,FALSE,212,169,66
USW00023062,39.7633,-104.8694,DENVER-STAPLETON                       72469,1611,CO,2017-09-11,33.3,15.6,0,0,0,2017,24.45,9,11,254,TRUE,TRUE,FALSE,213,170,66
USW00023062,39.7633,-104.8694,DENVER-STAPLETON                       72469,1611,CO,2017-09-12,31.7,15,0,0,0,2017,23.35,9,12,255,TRUE,TRUE,FALSE,214,171,66
USW00023062,39.7633,-104.8694,DENVER-STAPLETON                       72469,1611,CO,2017-09-13,33.9,14.4,0,0,0,2017,24.15,9,13,256,TRUE,TRUE,FALSE,215,172,66
USW00023062,39.7633,-104.8694,DENVER-STAPLETON                       72469,1611,CO,2017-09-14,32.8,14.4,0,0,0,2017,23.599999999999998,9,14,257,TRUE,TRUE,FALSE,216,173,66
USW00023062,39.7633,-104.8694,DENVER-STAPLETON                       72469,1611,CO,2017-09-15,32.2,11.7,0,0,0,2017,21.950000000000003,9,15,258,TRUE,TRUE,FALSE,217,174,66
USW00023062,39.7633,-104.8694,DENVER-STAPLETON                       72469,1611,CO,2017-09-16,30.6,9.4,3,0,0,2017,20,9,16,259,TRUE,TRUE,TRUE,218,175,67
USW00023062,39.7633,-104.8694,DENVER-STAPLETON                       72469,1611,CO,2017-09-17,21.1,8.3,0,0,0,2017,14.700000000000001,9,17,260,TRUE,TRUE,FALSE,219,176,67
USW00023062,39.7633,-104.8694,DENVER-STAPLETON                       72469,1611,CO,2017-09-18,24.4,7.8,3,0,0,2017,16.099999999999998,9,18,261,TRUE,TRUE,TRUE,220,177,68
USW00023062,39.7633,-104.8694,DENVER-STAPLETON                       72469,1611,CO,2017-09-19,28.9,10,0,0,0,2017,19.45,9,19,262,TRUE,TRUE,FALSE,221,178,68
USW00023062,39.7633,-104.8694,DENVER-STAPLETON                       72469,1611,CO,2017-09-20,32.2,7.8,0,0,0,2017,20,9,20,263,TRUE,TRUE,FALSE,222,179,68
USW00023062,39.7633,-104.8694,DENVER-STAPLETON                       72469,1611,CO,2017-09-21,26.7,7.8,0,0,0,2017,17.25,9,21,264,TRUE,TRUE,FALSE,223,180,68
USW00023062,39.7633,-104.8694,DENVER-STAPLETON                       72469,1611,CO,2017-09-22,33.3,11.1,0,0,0,2017,22.2,9,22,265,TRUE,TRUE,FALSE,224,181,68
USW00023062,39.7633,-104.8694,DENVER-STAPLETON                       72469,1611,CO,2017-09-23,25.6,8.3,0,0,0,2017,16.950000000000003,9,23,266,TRUE,TRUE,FALSE,225,182,68
USW00023062,39.7633,-104.8694,DENVER-STAPLETON                       72469,1611,CO,2017-09-24,12.2,6.7,119,0,0,2017,9.45,9,24,267,TRUE,TRUE,TRUE,226,183,69
USW00023062,39.7633,-104.8694,DENVER-STAPLETON                       72469,1611,CO,2017-09-25,9.4,6.7,30,0,0,2017,8.05,9,25,268,FALSE,TRUE,TRUE,226,184,70
USW00023062,39.7633,-104.8694,DENVER-STAPLETON                       72469,1611,CO,2017-09-26,12.2,5.6,3,0,0,2017,8.899999999999999,9,26,269,TRUE,TRUE,TRUE,227,185,71
USW00023062,39.7633,-104.8694,DENVER-STAPLETON                       72469,1611,CO,2017-09-27,16.1,7.2,0,0,0,2017,11.65,9,27,270,TRUE,TRUE,FALSE,228,186,71
USW00023062,39.7633,-104.8694,DENVER-STAPLETON                       72469,1611,CO,2017-09-28,13.3,9.4,104,0,0,2017,11.350000000000001,9,28,271,TRUE,TRUE,TRUE,229,187,72
USW00023062,39.7633,-104.8694,DENVER-STAPLETON                       72469,1611,CO,2017-09-29,17.2,7.2,3,0,0,2017,12.2,9,29,272,TRUE,TRUE,TRUE,230,188,73
USW00023062,39.7633,-104.8694,DENVER-STAPLETON                       72469,1611,CO,2017-09-30,18.3,6.1,3,0,0,2017,12.2,9,30,273,TRUE,TRUE,TRUE,231,189,74
USW00023062,39.7633,-104.8694,DENVER-STAPLETON                       72469,1611,CO,2017-10-01,22.8,5.6,0,0,0,2017,14.2,10,1,274,TRUE,TRUE,FALSE,232,190,74
USW00023062,39.7633,-104.8694,DENVER-STAPLETON                       72469,1611,CO,2017-10-02,23.9,6.1,66,0,0,2017,15,10,2,275,TRUE,TRUE,TRUE,233,191,75
USW00023062,39.7633,-104.8694,DENVER-STAPLETON                       72469,1611,CO,2017-10-03,7.2,2.2,64,0,0,2017,4.7,10,3,276,FALSE,TRUE,TRUE,233,192,76
USW00023062,39.7633,-104.8694,DENVER-STAPLETON                       72469,1611,CO,2017-10-04,17.2,2.8,0,0,0,2017,10,10,4,277,TRUE,TRUE,FALSE,234,193,76
USW00023062,39.7633,-104.8694,DENVER-STAPLETON                       72469,1611,CO,2017-10-05,20.6,8.9,3,0,0,2017,14.75,10,5,278,TRUE,TRUE,TRUE,235,194,77
USW00023062,39.7633,-104.8694,DENVER-STAPLETON                       72469,1611,CO,2017-10-06,18.9,10.6,0,0,0,2017,14.75,10,6,279,TRUE,TRUE,FALSE,236,195,77
USW00023062,39.7633,-104.8694,DENVER-STAPLETON                       72469,1611,CO,2017-10-07,18.9,6.7,0,0,0,2017,12.799999999999999,10,7,280,TRUE,TRUE,FALSE,237,196,77
USW00023062,39.7633,-104.8694,DENVER-STAPLETON                       72469,1611,CO,2017-10-08,28.3,5.6,0,0,0,2017,16.95,10,8,281,TRUE,TRUE,FALSE,238,197,77
USW00023062,39.7633,-104.8694,DENVER-STAPLETON                       72469,1611,CO,2017-10-09,19.4,-0.6,109,20,25,2017,9.399999999999999,10,9,282,TRUE,FALSE,TRUE,239,197,78
USW00023062,39.7633,-104.8694,DENVER-STAPLETON                       72469,1611,CO,2017-10-10,1.1,-3.3,28,28,25,2017,-1.0999999999999999,10,10,283,FALSE,FALSE,TRUE,239,197,79
USW00023062,39.7633,-104.8694,DENVER-STAPLETON                       72469,1611,CO,2017-10-11,15.6,-3.3,0,0,0,2017,6.15,10,11,284,TRUE,FALSE,FALSE,240,197,79
USW00023062,39.7633,-104.8694,DENVER-STAPLETON                       72469,1611,CO,2017-10-12,21.1,-0.6,0,0,0,2017,10.25,10,12,285,TRUE,FALSE,FALSE,241,197,79
USW00023062,39.7633,-104.8694,DENVER-STAPLETON                       72469,1611,CO,2017-10-13,26.7,2.2,0,0,0,2017,14.45,10,13,286,TRUE,TRUE,FALSE,242,198,79
USW00023062,39.7633,-104.8694,DENVER-STAPLETON                       72469,1611,CO,2017-10-14,18.9,1.7,0,0,0,2017,10.299999999999999,10,14,287,TRUE,TRUE,FALSE,243,199,79
USW00023062,39.7633,-104.8694,DENVER-STAPLETON                       72469,1611,CO,2017-10-15,13.9,-3.3,0,0,0,2017,5.300000000000001,10,15,288,TRUE,FALSE,FALSE,244,199,79
USW00023062,39.7633,-104.8694,DENVER-STAPLETON                       72469,1611,CO,2017-10-16,18.3,-3.3,0,0,0,2017,7.5,10,16,289,TRUE,FALSE,FALSE,245,199,79
USW00023062,39.7633,-104.8694,DENVER-STAPLETON                       72469,1611,CO,2017-10-17,26.1,4.4,0,0,0,2017,15.25,10,17,290,TRUE,TRUE,FALSE,246,200,79
USW00023062,39.7633,-104.8694,DENVER-STAPLETON                       72469,1611,CO,2017-10-18,26.1,3.3,0,0,0,2017,14.700000000000001,10,18,291,TRUE,TRUE,FALSE,247,201,79
USW00023062,39.7633,-104.8694,DENVER-STAPLETON                       72469,1611,CO,2017-10-19,25.6,2.8,0,0,0,2017,14.200000000000001,10,19,292,TRUE,TRUE,FALSE,248,202,79
USW00023062,39.7633,-104.8694,DENVER-STAPLETON                       72469,1611,CO,2017-10-20,25,1.7,0,0,0,2017,13.35,10,20,293,TRUE,TRUE,FALSE,249,203,79
USW00023062,39.7633,-104.8694,DENVER-STAPLETON                       72469,1611,CO,2017-10-21,26.7,7.8,0,0,0,2017,17.25,10,21,294,TRUE,TRUE,FALSE,250,204,79
USW00023062,39.7633,-104.8694,DENVER-STAPLETON                       72469,1611,CO,2017-10-22,11.7,0.6,0,0,0,2017,6.1499999999999995,10,22,295,TRUE,TRUE,FALSE,251,205,79
USW00023062,39.7633,-104.8694,DENVER-STAPLETON                       72469,1611,CO,2017-10-23,21.7,2.2,0,0,0,2017,11.95,10,23,296,TRUE,TRUE,FALSE,252,206,79
USW00023062,39.7633,-104.8694,DENVER-STAPLETON                       72469,1611,CO,2017-10-24,15.6,0,0,0,0,2017,7.8,10,24,297,TRUE,FALSE,FALSE,253,206,79
USW00023062,39.7633,-104.8694,DENVER-STAPLETON                       72469,1611,CO,2017-10-25,17.2,-0.6,0,0,0,2017,8.299999999999999,10,25,298,TRUE,FALSE,FALSE,254,206,79
USW00023062,39.7633,-104.8694,DENVER-STAPLETON                       72469,1611,CO,2017-10-26,28.9,7.2,0,0,0,2017,18.05,10,26,299,TRUE,TRUE,FALSE,255,207,79
USW00023062,39.7633,-104.8694,DENVER-STAPLETON                       72469,1611,CO,2017-10-27,12.8,-6.1,5,5,0,2017,3.3500000000000005,10,27,300,TRUE,FALSE,TRUE,256,207,80
USW00023062,39.7633,-104.8694,DENVER-STAPLETON                       72469,1611,CO,2017-10-28,5.6,-6.7,0,0,0,2017,-0.5500000000000003,10,28,301,FALSE,FALSE,FALSE,256,207,80
USW00023062,39.7633,-104.8694,DENVER-STAPLETON                       72469,1611,CO,2017-10-29,15.6,3.3,0,0,0,2017,9.45,10,29,302,TRUE,TRUE,FALSE,257,208,80
USW00023062,39.7633,-104.8694,DENVER-STAPLETON                       72469,1611,CO,2017-10-30,23.9,-1.7,0,0,0,2017,11.1,10,30,303,TRUE,FALSE,FALSE,258,208,80
USW00023062,39.7633,-104.8694,DENVER-STAPLETON                       72469,1611,CO,2017-10-31,1.1,-2.8,0,0,0,2017,-0.8499999999999999,10,31,304,FALSE,FALSE,FALSE,258,208,80
USW00023062,39.7633,-104.8694,DENVER-STAPLETON                       72469,1611,CO,2017-11-01,16.1,-3.3,0,0,0,2017,6.4,11,1,305,TRUE,FALSE,FALSE,259,208,80
USW00023062,39.7633,-104.8694,DENVER-STAPLETON                       72469,1611,CO,2017-11-02,20.6,1.1,0,0,0,2017,10.850000000000001,11,2,306,TRUE,TRUE,FALSE,260,209,80
USW00023062,39.7633,-104.8694,DENVER-STAPLETON                       72469,1611,CO,2017-11-03,8.9,-3.3,0,0,0,2017,2.8000000000000003,11,3,307,FALSE,FALSE,FALSE,260,209,80
USW00023062,39.7633,-104.8694,DENVER-STAPLETON                       72469,1611,CO,2017-11-04,14.4,-2.2,0,0,0,2017,6.1,11,4,308,TRUE,FALSE,FALSE,261,209,80
USW00023062,39.7633,-104.8694,DENVER-STAPLETON                       72469,1611,CO,2017-11-05,22.2,-0.6,0,0,0,2017,10.799999999999999,11,5,309,TRUE,FALSE,FALSE,262,209,80
USW00023062,39.7633,-104.8694,DENVER-STAPLETON                       72469,1611,CO,2017-11-06,11.7,-2.8,0,0,0,2017,4.449999999999999,11,6,310,TRUE,FALSE,FALSE,263,209,80
USW00023062,39.7633,-104.8694,DENVER-STAPLETON                       72469,1611,CO,2017-11-07,4.4,-4.4,5,0,0,2017,0,11,7,311,FALSE,FALSE,TRUE,263,209,81
USW00023062,39.7633,-104.8694,DENVER-STAPLETON                       72469,1611,CO,2017-11-08,-0.6,-4.4,3,0,0,2017,-2.5,11,8,312,FALSE,FALSE,TRUE,263,209,82
USW00023062,39.7633,-104.8694,DENVER-STAPLETON                       72469,1611,CO,2017-11-09,16.1,-2.8,0,0,0,2017,6.65,11,9,313,TRUE,FALSE,FALSE,264,209,82
USW00023062,39.7633,-104.8694,DENVER-STAPLETON                       72469,1611,CO,2017-11-10,5.6,-5.6,0,0,0,2017,0,11,10,314,FALSE,FALSE,FALSE,264,209,82
USW00023062,39.7633,-104.8694,DENVER-STAPLETON                       72469,1611,CO,2017-11-11,16.1,-5.6,0,0,0,2017,5.250000000000001,11,11,315,TRUE,FALSE,FALSE,265,209,82
USW00023062,39.7633,-104.8694,DENVER-STAPLETON                       72469,1611,CO,2017-11-12,15.6,-3.3,0,0,0,2017,6.15,11,12,316,TRUE,FALSE,FALSE,266,209,82
USW00023062,39.7633,-104.8694,DENVER-STAPLETON                       72469,1611,CO,2017-11-13,15,-2.2,0,0,0,2017,6.4,11,13,317,TRUE,FALSE,FALSE,267,209,82
USW00023062,39.7633,-104.8694,DENVER-STAPLETON                       72469,1611,CO,2017-11-14,22.8,0,0,0,0,2017,11.4,11,14,318,TRUE,FALSE,FALSE,268,209,82
USW00023062,39.7633,-104.8694,DENVER-STAPLETON                       72469,1611,CO,2017-11-15,19.4,-2.2,0,0,0,2017,8.6,11,15,319,TRUE,FALSE,FALSE,269,209,82
USW00023062,39.7633,-104.8694,DENVER-STAPLETON                       72469,1611,CO,2017-11-16,12.2,-2.2,0,0,0,2017,5,11,16,320,TRUE,FALSE,FALSE,270,209,82
USW00023062,39.7633,-104.8694,DENVER-STAPLETON                       72469,1611,CO,2017-11-17,24.4,0,0,0,0,2017,12.2,11,17,321,TRUE,FALSE,FALSE,271,209,82
USW00023062,39.7633,-104.8694,DENVER-STAPLETON                       72469,1611,CO,2017-11-18,18.9,-3.3,64,0,0,2017,7.799999999999999,11,18,322,TRUE,FALSE,TRUE,272,209,83
USW00023062,39.7633,-104.8694,DENVER-STAPLETON                       72469,1611,CO,2017-11-19,10,-4.4,0,0,0,2017,2.8,11,19,323,TRUE,FALSE,FALSE,273,209,83
USW00023062,39.7633,-104.8694,DENVER-STAPLETON                       72469,1611,CO,2017-11-20,16.7,-3.3,0,0,0,2017,6.699999999999999,11,20,324,TRUE,FALSE,FALSE,274,209,83
USW00023062,39.7633,-104.8694,DENVER-STAPLETON                       72469,1611,CO,2017-11-21,20.6,6.1,0,0,0,2017,13.350000000000001,11,21,325,TRUE,TRUE,FALSE,275,210,83
USW00023062,39.7633,-104.8694,DENVER-STAPLETON                       72469,1611,CO,2017-11-22,10,-0.6,0,0,0,2017,4.7,11,22,326,TRUE,FALSE,FALSE,276,210,83
USW00023062,39.7633,-104.8694,DENVER-STAPLETON                       72469,1611,CO,2017-11-23,21.7,1.1,0,0,0,2017,11.4,11,23,327,TRUE,TRUE,FALSE,277,211,83
USW00023062,39.7633,-104.8694,DENVER-STAPLETON                       72469,1611,CO,2017-11-24,22.8,6.1,0,0,0,2017,14.45,11,24,328,TRUE,TRUE,FALSE,278,212,83
USW00023062,39.7633,-104.8694,DENVER-STAPLETON                       72469,1611,CO,2017-11-25,23.3,1.7,0,0,0,2017,12.5,11,25,329,TRUE,TRUE,FALSE,279,213,83
USW00023062,39.7633,-104.8694,DENVER-STAPLETON                       72469,1611,CO,2017-11-26,16.7,1.1,0,0,0,2017,8.9,11,26,330,TRUE,TRUE,FALSE,280,214,83
USW00023062,39.7633,-104.8694,DENVER-STAPLETON                       72469,1611,CO,2017-11-27,24.4,1.1,0,0,0,2017,12.75,11,27,331,TRUE,TRUE,FALSE,281,215,83
USW00023062,39.7633,-104.8694,DENVER-STAPLETON                       72469,1611,CO,2017-11-28,26.1,1.7,0,0,0,2017,13.9,11,28,332,TRUE,TRUE,FALSE,282,216,83
USW00023062,39.7633,-104.8694,DENVER-STAPLETON                       72469,1611,CO,2017-11-29,8.3,-3.9,0,0,0,2017,2.2,11,29,333,FALSE,FALSE,FALSE,282,216,83
USW00023062,39.7633,-104.8694,DENVER-STAPLETON                       72469,1611,CO,2017-11-30,19.4,-2.8,0,0,0,2017,8.299999999999999,11,30,334,TRUE,FALSE,FALSE,283,216,83
USW00023062,39.7633,-104.8694,DENVER-STAPLETON                       72469,1611,CO,2017-12-01,12.2,-1.7,0,0,0,2017,5.25,12,1,335,TRUE,FALSE,FALSE,284,216,83
USW00023062,39.7633,-104.8694,DENVER-STAPLETON                       72469,1611,CO,2017-12-02,17.2,-1.1,0,0,0,2017,8.049999999999999,12,2,336,TRUE,FALSE,FALSE,285,216,83
USW00023062,39.7633,-104.8694,DENVER-STAPLETON                       72469,1611,CO,2017-12-03,18.9,-1.7,0,0,0,2017,8.6,12,3,337,TRUE,FALSE,FALSE,286,216,83
USW00023062,39.7633,-104.8694,DENVER-STAPLETON                       72469,1611,CO,2017-12-04,21.7,-1.1,0,0,0,2017,10.299999999999999,12,4,338,TRUE,FALSE,FALSE,287,216,83
USW00023062,39.7633,-104.8694,DENVER-STAPLETON                       72469,1611,CO,2017-12-05,3.9,-7.8,0,0,0,2017,-1.95,12,5,339,FALSE,FALSE,FALSE,287,216,83
USW00023062,39.7633,-104.8694,DENVER-STAPLETON                       72469,1611,CO,2017-12-06,10.6,-9.4,0,0,0,2017,0.5999999999999996,12,6,340,TRUE,FALSE,FALSE,288,216,83
USW00023062,39.7633,-104.8694,DENVER-STAPLETON                       72469,1611,CO,2017-12-07,2.8,-11.1,0,0,0,2017,-4.15,12,7,341,FALSE,FALSE,FALSE,288,216,83
USW00023062,39.7633,-104.8694,DENVER-STAPLETON                       72469,1611,CO,2017-12-08,3.3,-10.6,0,0,0,2017,-3.65,12,8,342,FALSE,FALSE,FALSE,288,216,83
USW00023062,39.7633,-104.8694,DENVER-STAPLETON                       72469,1611,CO,2017-12-09,13.3,-5,0,0,0,2017,4.15,12,9,343,TRUE,FALSE,FALSE,289,216,83
USW00023062,39.7633,-104.8694,DENVER-STAPLETON                       72469,1611,CO,2017-12-10,16.7,-2.8,0,0,0,2017,6.949999999999999,12,10,344,TRUE,FALSE,FALSE,290,216,83
USW00023062,39.7633,-104.8694,DENVER-STAPLETON                       72469,1611,CO,2017-12-11,17.2,-1.7,0,0,0,2017,7.75,12,11,345,TRUE,FALSE,FALSE,291,216,83
USW00023062,39.7633,-104.8694,DENVER-STAPLETON                       72469,1611,CO,2017-12-12,14.4,-2.8,0,0,0,2017,5.800000000000001,12,12,346,TRUE,FALSE,FALSE,292,216,83
USW00023062,39.7633,-104.8694,DENVER-STAPLETON                       72469,1611,CO,2017-12-13,21.7,-1.7,0,0,0,2017,10,12,13,347,TRUE,FALSE,FALSE,293,216,83
USW00023062,39.7633,-104.8694,DENVER-STAPLETON                       72469,1611,CO,2017-12-14,10.6,-2.2,13,18,25,2017,4.199999999999999,12,14,348,TRUE,FALSE,TRUE,294,216,84
USW00023062,39.7633,-104.8694,DENVER-STAPLETON                       72469,1611,CO,2017-12-15,2.8,-5.6,0,0,0,2017,-1.4,12,15,349,FALSE,FALSE,FALSE,294,216,84
USW00023062,39.7633,-104.8694,DENVER-STAPLETON                       72469,1611,CO,2017-12-16,18.3,-3.3,0,0,0,2017,7.5,12,16,350,TRUE,FALSE,FALSE,295,216,84
USW00023062,39.7633,-104.8694,DENVER-STAPLETON                       72469,1611,CO,2017-12-17,9.4,-1.7,0,0,0,2017,3.85,12,17,351,FALSE,FALSE,FALSE,295,216,84
USW00023062,39.7633,-104.8694,DENVER-STAPLETON                       72469,1611,CO,2017-12-18,4.4,-8.9,0,0,0,2017,-2.25,12,18,352,FALSE,FALSE,FALSE,295,216,84
USW00023062,39.7633,-104.8694,DENVER-STAPLETON                       72469,1611,CO,2017-12-19,13.3,-8.9,0,0,0,2017,2.2,12,19,353,TRUE,FALSE,FALSE,296,216,84
USW00023062,39.7633,-104.8694,DENVER-STAPLETON                       72469,1611,CO,2017-12-20,11.1,-3.9,0,0,0,2017,3.5999999999999996,12,20,354,TRUE,FALSE,FALSE,297,216,84
USW00023062,39.7633,-104.8694,DENVER-STAPLETON                       72469,1611,CO,2017-12-21,18.9,-5,3,3,0,2017,6.949999999999999,12,21,355,TRUE,FALSE,TRUE,298,216,85
USW00023062,39.7633,-104.8694,DENVER-STAPLETON                       72469,1611,CO,2017-12-22,-5,-11.7,10,20,25,2017,-8.35,12,22,356,FALSE,FALSE,TRUE,298,216,86
USW00023062,39.7633,-104.8694,DENVER-STAPLETON                       72469,1611,CO,2017-12-23,7.8,-10,0,0,0,2017,-1.1,12,23,357,FALSE,FALSE,FALSE,298,216,86
USW00023062,39.7633,-104.8694,DENVER-STAPLETON                       72469,1611,CO,2017-12-24,6.1,-17.2,25,33,25,2017,-5.55,12,24,358,FALSE,FALSE,TRUE,298,216,87
USW00023062,39.7633,-104.8694,DENVER-STAPLETON                       72469,1611,CO,2017-12-25,-1.7,-17.2,0,0,25,2017,-9.45,12,25,359,FALSE,FALSE,FALSE,298,216,87
USW00023062,39.7633,-104.8694,DENVER-STAPLETON                       72469,1611,CO,2017-12-26,-6.7,-15,0,0,25,2017,-10.85,12,26,360,FALSE,FALSE,FALSE,298,216,87
USW00023062,39.7633,-104.8694,DENVER-STAPLETON                       72469,1611,CO,2017-12-27,-11.7,-17.2,0,0,25,2017,-14.45,12,27,361,FALSE,FALSE,FALSE,298,216,87
USW00023062,39.7633,-104.8694,DENVER-STAPLETON                       72469,1611,CO,2017-12-28,12.2,-15.6,0,0,0,2017,-1.7000000000000002,12,28,362,TRUE,FALSE,FALSE,299,216,87
USW00023062,39.7633,-104.8694,DENVER-STAPLETON                       72469,1611,CO,2017-12-29,8.3,-3.3,0,0,0,2017,2.5000000000000004,12,29,363,FALSE,FALSE,FALSE,299,216,87
USW00023062,39.7633,-104.8694,DENVER-STAPLETON                       72469,1611,CO,2017-12-30,17.8,-11.1,0,0,0,2017,3.3500000000000005,12,30,364,TRUE,FALSE,FALSE,300,216,87
USW00023062,39.7633,-104.8694,DENVER-STAPLETON                       72469,1611,CO,2017-12-31,2.8,-11.7,0,0,0,2017,-4.449999999999999,12,31,365,FALSE,FALSE,FALSE,300,216,87
USW00023062,39.7633,-104.8694,DENVER-STAPLETON                       72469,1611,CO,2018-01-01,-6.1,-13.3,0,0,0,2018,-9.7,1,1,1,FALSE,FALSE,FALSE,0,0,0
USW00023062,39.7633,-104.8694,DENVER-STAPLETON                       72469,1611,CO,2018-01-02,-1.1,-13.3,0,0,0,2018,-7.2,1,2,2,FALSE,FALSE,FALSE,0,0,0
USW00023062,39.7633,-104.8694,DENVER-STAPLETON                       72469,1611,CO,2018-01-03,6.7,-11.1,0,0,0,2018,-2.1999999999999997,1,3,3,FALSE,FALSE,FALSE,0,0,0
USW00023062,39.7633,-104.8694,DENVER-STAPLETON                       72469,1611,CO,2018-01-04,12.8,-7.8,0,0,0,2018,2.5000000000000004,1,4,4,TRUE,FALSE,FALSE,1,0,0
USW00023062,39.7633,-104.8694,DENVER-STAPLETON                       72469,1611,CO,2018-01-05,11.1,-7.2,0,0,0,2018,1.9499999999999997,1,5,5,TRUE,FALSE,FALSE,2,0,0
USW00023062,39.7633,-104.8694,DENVER-STAPLETON                       72469,1611,CO,2018-01-06,12.8,-6.1,0,0,0,2018,3.3500000000000005,1,6,6,TRUE,FALSE,FALSE,3,0,0
USW00023062,39.7633,-104.8694,DENVER-STAPLETON                       72469,1611,CO,2018-01-07,15,-3.3,0,0,0,2018,5.85,1,7,7,TRUE,FALSE,FALSE,4,0,0
USW00023062,39.7633,-104.8694,DENVER-STAPLETON                       72469,1611,CO,2018-01-08,11.1,-5.6,0,0,0,2018,2.75,1,8,8,TRUE,FALSE,FALSE,5,0,0
USW00023062,39.7633,-104.8694,DENVER-STAPLETON                       72469,1611,CO,2018-01-09,8.3,-5.6,0,0,0,2018,1.3500000000000005,1,9,9,FALSE,FALSE,FALSE,5,0,0
USW00023062,39.7633,-104.8694,DENVER-STAPLETON                       72469,1611,CO,2018-01-10,19.4,-1.7,0,0,0,2018,8.85,1,10,10,TRUE,FALSE,FALSE,6,0,0
USW00023062,39.7633,-104.8694,DENVER-STAPLETON                       72469,1611,CO,2018-01-11,14.4,-6.1,8,0,0,2018,4.15,1,11,11,TRUE,FALSE,TRUE,7,0,1
USW00023062,39.7633,-104.8694,DENVER-STAPLETON                       72469,1611,CO,2018-01-12,5,-6.7,0,0,0,2018,-0.8500000000000001,1,12,12,FALSE,FALSE,FALSE,7,0,1
USW00023062,39.7633,-104.8694,DENVER-STAPLETON                       72469,1611,CO,2018-01-13,7.8,-8.3,0,0,0,2018,-0.25000000000000044,1,13,13,FALSE,FALSE,FALSE,7,0,1
USW00023062,39.7633,-104.8694,DENVER-STAPLETON                       72469,1611,CO,2018-01-14,10,-8.3,0,0,0,2018,0.8499999999999996,1,14,14,TRUE,FALSE,FALSE,8,0,1
USW00023062,39.7633,-104.8694,DENVER-STAPLETON                       72469,1611,CO,2018-01-15,15,-5,0,0,0,2018,5,1,15,15,TRUE,FALSE,FALSE,9,0,1
USW00023062,39.7633,-104.8694,DENVER-STAPLETON                       72469,1611,CO,2018-01-16,-4.4,-17.2,13,18,0,2018,-10.8,1,16,16,FALSE,FALSE,TRUE,9,0,2
USW00023062,39.7633,-104.8694,DENVER-STAPLETON                       72469,1611,CO,2018-01-17,1.7,-17.2,0,0,0,2018,-7.75,1,17,17,FALSE,FALSE,FALSE,9,0,2
USW00023062,39.7633,-104.8694,DENVER-STAPLETON                       72469,1611,CO,2018-01-18,10.6,-13.3,0,0,0,2018,-1.3500000000000005,1,18,18,TRUE,FALSE,FALSE,10,0,2
USW00023062,39.7633,-104.8694,DENVER-STAPLETON                       72469,1611,CO,2018-01-19,18.3,-0.6,0,0,0,2018,8.85,1,19,19,TRUE,FALSE,FALSE,11,0,2
USW00023062,39.7633,-104.8694,DENVER-STAPLETON                       72469,1611,CO,2018-01-20,20.6,0.6,0,0,0,2018,10.600000000000001,1,20,20,TRUE,TRUE,FALSE,12,1,2
USW00023062,39.7633,-104.8694,DENVER-STAPLETON                       72469,1611,CO,2018-01-21,7.2,-4.4,25,51,51,2018,1.4,1,21,21,FALSE,FALSE,TRUE,12,1,3
USW00023062,39.7633,-104.8694,DENVER-STAPLETON                       72469,1611,CO,2018-01-22,-2.8,-11.7,38,53,102,2018,-7.25,1,22,22,FALSE,FALSE,TRUE,12,1,4
USW00023062,39.7633,-104.8694,DENVER-STAPLETON                       72469,1611,CO,2018-01-23,7.2,-12.8,0,0,76,2018,-2.8000000000000003,1,23,23,FALSE,FALSE,FALSE,12,1,4
USW00023062,39.7633,-104.8694,DENVER-STAPLETON                       72469,1611,CO,2018-01-24,6.7,-9.4,0,0,76,2018,-1.35,1,24,24,FALSE,FALSE,FALSE,12,1,4
USW00023062,39.7633,-104.8694,DENVER-STAPLETON                       72469,1611,CO,2018-01-25,8.9,-4.4,0,0,51,2018,2.25,1,25,25,FALSE,FALSE,FALSE,12,1,4
USW00023062,39.7633,-104.8694,DENVER-STAPLETON                       72469,1611,CO,2018-01-26,15,-2.8,0,0,25,2018,6.1,1,26,26,TRUE,FALSE,FALSE,13,1,4
USW00023062,39.7633,-104.8694,DENVER-STAPLETON                       72469,1611,CO,2018-01-27,3.9,-6.7,0,0,25,2018,-1.4000000000000001,1,27,27,FALSE,FALSE,FALSE,13,1,4
USW00023062,39.7633,-104.8694,DENVER-STAPLETON                       72469,1611,CO,2018-01-28,7.2,-6.1,0,0,25,2018,0.5500000000000003,1,28,28,FALSE,FALSE,FALSE,13,1,4
USW00023062,39.7633,-104.8694,DENVER-STAPLETON                       72469,1611,CO,2018-01-29,10.6,-4.4,0,0,0,2018,3.0999999999999996,1,29,29,TRUE,FALSE,FALSE,14,1,4
USW00023062,39.7633,-104.8694,DENVER-STAPLETON                       72469,1611,CO,2018-01-30,15.6,-4.4,0,0,0,2018,5.6,1,30,30,TRUE,FALSE,FALSE,15,1,4
USW00023062,39.7633,-104.8694,DENVER-STAPLETON                       72469,1611,CO,2018-01-31,15.6,-2.2,0,0,0,2018,6.699999999999999,1,31,31,TRUE,FALSE,FALSE,16,1,4
USW00023062,39.7633,-104.8694,DENVER-STAPLETON                       72469,1611,CO,2018-02-01,6.1,-3.9,0,0,0,2018,1.0999999999999999,2,1,32,FALSE,FALSE,FALSE,16,1,4
USW00023062,39.7633,-104.8694,DENVER-STAPLETON                       72469,1611,CO,2018-02-02,0,-5.6,0,3,0,2018,-2.8,2,2,33,FALSE,FALSE,FALSE,16,1,4
USW00023062,39.7633,-104.8694,DENVER-STAPLETON                       72469,1611,CO,2018-02-03,13.9,-5,0,0,0,2018,4.45,2,3,34,TRUE,FALSE,FALSE,17,1,4
USW00023062,39.7633,-104.8694,DENVER-STAPLETON                       72469,1611,CO,2018-02-04,13.9,-7.8,0,0,0,2018,3.0500000000000003,2,4,35,TRUE,FALSE,FALSE,18,1,4
USW00023062,39.7633,-104.8694,DENVER-STAPLETON                       72469,1611,CO,2018-02-05,10.6,-11.7,0,0,0,2018,-0.5499999999999998,2,5,36,TRUE,FALSE,FALSE,19,1,4
USW00023062,39.7633,-104.8694,DENVER-STAPLETON                       72469,1611,CO,2018-02-06,12.2,-6.1,0,0,0,2018,3.05,2,6,37,TRUE,FALSE,FALSE,20,1,4
USW00023062,39.7633,-104.8694,DENVER-STAPLETON                       72469,1611,CO,2018-02-07,8.9,-6.7,0,0,0,2018,1.1,2,7,38,FALSE,FALSE,FALSE,20,1,4
USW00023062,39.7633,-104.8694,DENVER-STAPLETON                       72469,1611,CO,2018-02-08,12.8,-7.2,0,0,0,2018,2.8000000000000003,2,8,39,TRUE,FALSE,FALSE,21,1,4
USW00023062,39.7633,-104.8694,DENVER-STAPLETON                       72469,1611,CO,2018-02-09,16.1,-3.3,0,0,0,2018,6.4,2,9,40,TRUE,FALSE,FALSE,22,1,4
USW00023062,39.7633,-104.8694,DENVER-STAPLETON                       72469,1611,CO,2018-02-10,1.1,-11.7,3,3,0,2018,-5.3,2,10,41,FALSE,FALSE,TRUE,22,1,5
USW00023062,39.7633,-104.8694,DENVER-STAPLETON                       72469,1611,CO,2018-02-11,-10,-13.9,33,53,51,2018,-11.95,2,11,42,FALSE,FALSE,TRUE,22,1,6
USW00023062,39.7633,-104.8694,DENVER-STAPLETON                       72469,1611,CO,2018-02-12,6.1,-12.8,0,0,25,2018,-3.3500000000000005,2,12,43,FALSE,FALSE,FALSE,22,1,6
USW00023062,39.7633,-104.8694,DENVER-STAPLETON                       72469,1611,CO,2018-02-13,-7.2,-10,0,0,25,2018,-8.6,2,13,44,FALSE,FALSE,FALSE,22,1,6
USW00023062,39.7633,-104.8694,DENVER-STAPLETON                       72469,1611,CO,2018-02-14,13.3,-8.3,0,0,0,2018,2.5,2,14,45,TRUE,FALSE,FALSE,23,1,6
USW00023062,39.7633,-104.8694,DENVER-STAPLETON                       72469,1611,CO,2018-02-15,18.9,0,0,0,0,2018,9.45,2,15,46,TRUE,FALSE,FALSE,24,1,6
USW00023062,39.7633,-104.8694,DENVER-STAPLETON                       72469,1611,CO,2018-02-16,8.3,-10.6,15,33,25,2018,-1.1499999999999995,2,16,47,FALSE,FALSE,TRUE,24,1,7
USW00023062,39.7633,-104.8694,DENVER-STAPLETON                       72469,1611,CO,2018-02-17,5.6,-10.6,0,0,0,2018,-2.5,2,17,48,FALSE,FALSE,FALSE,24,1,7
USW00023062,39.7633,-104.8694,DENVER-STAPLETON                       72469,1611,CO,2018-02-18,13.9,-2.8,0,0,0,2018,5.550000000000001,2,18,49,TRUE,FALSE,FALSE,25,1,7
USW00023062,39.7633,-104.8694,DENVER-STAPLETON                       72469,1611,CO,2018-02-19,20.6,-11.7,3,5,0,2018,4.450000000000001,2,19,50,TRUE,FALSE,TRUE,26,1,8
USW00023062,39.7633,-104.8694,DENVER-STAPLETON                       72469,1611,CO,2018-02-20,-10,-18.3,36,71,76,2018,-14.15,2,20,51,FALSE,FALSE,TRUE,26,1,9
USW00023062,39.7633,-104.8694,DENVER-STAPLETON                       72469,1611,CO,2018-02-21,-9.4,-19.4,0,0,51,2018,-14.399999999999999,2,21,52,FALSE,FALSE,FALSE,26,1,9
USW00023062,39.7633,-104.8694,DENVER-STAPLETON                       72469,1611,CO,2018-02-22,-6.7,-18.9,0,0,51,2018,-12.799999999999999,2,22,53,FALSE,FALSE,FALSE,26,1,9
USW00023062,39.7633,-104.8694,DENVER-STAPLETON                       72469,1611,CO,2018-02-23,-4.4,-13.3,8,13,51,2018,-8.850000000000001,2,23,54,FALSE,FALSE,TRUE,26,1,10
USW00023062,39.7633,-104.8694,DENVER-STAPLETON                       72469,1611,CO,2018-02-24,-2.8,-10.6,0,0,51,2018,-6.699999999999999,2,24,55,FALSE,FALSE,FALSE,26,1,10
USW00023062,39.7633,-104.8694,DENVER-STAPLETON                       72469,1611,CO,2018-02-25,1.7,-10,0,0,25,2018,-4.15,2,25,56,FALSE,FALSE,FALSE,26,1,10
USW00023062,39.7633,-104.8694,DENVER-STAPLETON                       72469,1611,CO,2018-02-26,5,-9.4,0,0,0,2018,-2.2,2,26,57,FALSE,FALSE,FALSE,26,1,10
USW00023062,39.7633,-104.8694,DENVER-STAPLETON                       72469,1611,CO,2018-02-27,12.8,-9.4,0,0,0,2018,1.7000000000000002,2,27,58,TRUE,FALSE,FALSE,27,1,10
USW00023062,39.7633,-104.8694,DENVER-STAPLETON                       72469,1611,CO,2018-02-28,12.8,-7.8,0,0,0,2018,2.5000000000000004,2,28,59,TRUE,FALSE,FALSE,28,1,10
USW00023062,39.7633,-104.8694,DENVER-STAPLETON                       72469,1611,CO,2018-03-01,10,-5.6,0,0,0,2018,2.2,3,1,60,TRUE,FALSE,FALSE,29,1,10
USW00023062,39.7633,-104.8694,DENVER-STAPLETON                       72469,1611,CO,2018-03-02,15,-6.1,0,0,0,2018,4.45,3,2,61,TRUE,FALSE,FALSE,30,1,10
USW00023062,39.7633,-104.8694,DENVER-STAPLETON                       72469,1611,CO,2018-03-03,21.7,1.1,0,0,0,2018,11.4,3,3,62,TRUE,TRUE,FALSE,31,2,10
USW00023062,39.7633,-104.8694,DENVER-STAPLETON                       72469,1611,CO,2018-03-04,22.2,3.3,0,0,0,2018,12.75,3,4,63,TRUE,TRUE,FALSE,32,3,10
USW00023062,39.7633,-104.8694,DENVER-STAPLETON                       72469,1611,CO,2018-03-05,19.4,-2.8,0,0,0,2018,8.299999999999999,3,5,64,TRUE,FALSE,FALSE,33,3,10
USW00023062,39.7633,-104.8694,DENVER-STAPLETON                       72469,1611,CO,2018-03-06,4.4,-3.3,0,0,0,2018,0.5500000000000003,3,6,65,FALSE,FALSE,FALSE,33,3,10
USW00023062,39.7633,-104.8694,DENVER-STAPLETON                       72469,1611,CO,2018-03-07,7.8,-8.9,0,0,0,2018,-0.5500000000000003,3,7,66,FALSE,FALSE,FALSE,33,3,10
USW00023062,39.7633,-104.8694,DENVER-STAPLETON                       72469,1611,CO,2018-03-08,10.6,-8.9,0,0,0,2018,0.8499999999999996,3,8,67,TRUE,FALSE,FALSE,34,3,10
USW00023062,39.7633,-104.8694,DENVER-STAPLETON                       72469,1611,CO,2018-03-09,17.8,-1.7,0,0,0,2018,8.05,3,9,68,TRUE,FALSE,FALSE,35,3,10
USW00023062,39.7633,-104.8694,DENVER-STAPLETON                       72469,1611,CO,2018-03-10,18.9,-1.7,0,0,0,2018,8.6,3,10,69,TRUE,FALSE,FALSE,36,3,10
USW00023062,39.7633,-104.8694,DENVER-STAPLETON                       72469,1611,CO,2018-03-11,11.1,-3.9,0,0,0,2018,3.5999999999999996,3,11,70,TRUE,FALSE,FALSE,37,3,10
USW00023062,39.7633,-104.8694,DENVER-STAPLETON                       72469,1611,CO,2018-03-12,8.9,-4.4,0,0,0,2018,2.25,3,12,71,FALSE,FALSE,FALSE,37,3,10
USW00023062,39.7633,-104.8694,DENVER-STAPLETON                       72469,1611,CO,2018-03-13,13.3,-5.6,0,0,0,2018,3.8500000000000005,3,13,72,TRUE,FALSE,FALSE,38,3,10
USW00023062,39.7633,-104.8694,DENVER-STAPLETON                       72469,1611,CO,2018-03-14,15,-4.4,0,0,0,2018,5.3,3,14,73,TRUE,FALSE,FALSE,39,3,10
USW00023062,39.7633,-104.8694,DENVER-STAPLETON                       72469,1611,CO,2018-03-15,19.4,-1.7,0,0,0,2018,8.85,3,15,74,TRUE,FALSE,FALSE,40,3,10
USW00023062,39.7633,-104.8694,DENVER-STAPLETON                       72469,1611,CO,2018-03-16,19.4,1.1,15,0,0,2018,10.25,3,16,75,TRUE,TRUE,TRUE,41,4,11
USW00023062,39.7633,-104.8694,DENVER-STAPLETON                       72469,1611,CO,2018-03-17,12.8,0.6,0,0,0,2018,6.7,3,17,76,TRUE,TRUE,FALSE,42,5,11
USW00023062,39.7633,-104.8694,DENVER-STAPLETON                       72469,1611,CO,2018-03-18,17.8,-1.7,0,0,0,2018,8.05,3,18,77,TRUE,FALSE,FALSE,43,5,11
USW00023062,39.7633,-104.8694,DENVER-STAPLETON                       72469,1611,CO,2018-03-19,11.7,-2.8,150,61,51,2018,4.449999999999999,3,19,78,TRUE,FALSE,TRUE,44,5,12
USW00023062,39.7633,-104.8694,DENVER-STAPLETON                       72469,1611,CO,2018-03-20,7.2,-3.3,0,0,0,2018,1.9500000000000002,3,20,79,FALSE,FALSE,FALSE,44,5,12
USW00023062,39.7633,-104.8694,DENVER-STAPLETON                       72469,1611,CO,2018-03-21,10,-3.9,0,0,0,2018,3.05,3,21,80,TRUE,FALSE,FALSE,45,5,12
USW00023062,39.7633,-104.8694,DENVER-STAPLETON                       72469,1611,CO,2018-03-22,17.2,-2.2,0,0,0,2018,7.5,3,22,81,TRUE,FALSE,FALSE,46,5,12
USW00023062,39.7633,-104.8694,DENVER-STAPLETON                       72469,1611,CO,2018-03-23,21.1,2.8,0,0,0,2018,11.950000000000001,3,23,82,TRUE,TRUE,FALSE,47,6,12
USW00023062,39.7633,-104.8694,DENVER-STAPLETON                       72469,1611,CO,2018-03-24,24.4,2.2,0,0,0,2018,13.299999999999999,3,24,83,TRUE,TRUE,FALSE,48,7,12
USW00023062,39.7633,-104.8694,DENVER-STAPLETON                       72469,1611,CO,2018-03-25,19.4,1.1,0,0,0,2018,10.25,3,25,84,TRUE,TRUE,FALSE,49,8,12
USW00023062,39.7633,-104.8694,DENVER-STAPLETON                       72469,1611,CO,2018-03-26,19.4,-0.6,0,0,0,2018,9.399999999999999,3,26,85,TRUE,FALSE,FALSE,50,8,12
USW00023062,39.7633,-104.8694,DENVER-STAPLETON                       72469,1611,CO,2018-03-27,11.7,-1.1,135,71,51,2018,5.3,3,27,86,TRUE,FALSE,TRUE,51,8,13
USW00023062,39.7633,-104.8694,DENVER-STAPLETON                       72469,1611,CO,2018-03-28,8.9,-1.7,0,0,0,2018,3.6,3,28,87,FALSE,FALSE,FALSE,51,8,13
USW00023062,39.7633,-104.8694,DENVER-STAPLETON                       72469,1611,CO,2018-03-29,7.2,-2.2,99,36,0,2018,2.5,3,29,88,FALSE,FALSE,TRUE,51,8,14
USW00023062,39.7633,-104.8694,DENVER-STAPLETON                       72469,1611,CO,2018-03-30,7.8,-2.2,8,3,0,2018,2.8,3,30,89,FALSE,FALSE,TRUE,51,8,15
USW00023062,39.7633,-104.8694,DENVER-STAPLETON                       72469,1611,CO,2018-03-31,17.2,-2.8,0,0,0,2018,7.199999999999999,3,31,90,TRUE,FALSE,FALSE,52,8,15
USW00023062,39.7633,-104.8694,DENVER-STAPLETON                       72469,1611,CO,2018-04-01,15,-4.4,0,0,0,2018,5.3,4,1,91,TRUE,FALSE,FALSE,53,8,15
USW00023062,39.7633,-104.8694,DENVER-STAPLETON                       72469,1611,CO,2018-04-02,12.2,-3.9,0,0,0,2018,4.1499999999999995,4,2,92,TRUE,FALSE,FALSE,54,8,15
USW00023062,39.7633,-104.8694,DENVER-STAPLETON                       72469,1611,CO,2018-04-03,24.4,-0.6,0,0,0,2018,11.899999999999999,4,3,93,TRUE,FALSE,FALSE,55,8,15
USW00023062,39.7633,-104.8694,DENVER-STAPLETON                       72469,1611,CO,2018-04-04,9.4,-3.3,0,0,0,2018,3.0500000000000003,4,4,94,FALSE,FALSE,FALSE,55,8,15
USW00023062,39.7633,-104.8694,DENVER-STAPLETON                       72469,1611,CO,2018-04-05,18.9,-3.9,0,0,0,2018,7.499999999999999,4,5,95,TRUE,FALSE,FALSE,56,8,15
USW00023062,39.7633,-104.8694,DENVER-STAPLETON                       72469,1611,CO,2018-04-06,18.9,4.4,0,0,0,2018,11.649999999999999,4,6,96,TRUE,TRUE,FALSE,57,9,15
USW00023062,39.7633,-104.8694,DENVER-STAPLETON                       72469,1611,CO,2018-04-07,4.4,-5.6,15,8,0,2018,-0.5999999999999996,4,7,97,FALSE,FALSE,TRUE,57,9,16
USW00023062,39.7633,-104.8694,DENVER-STAPLETON                       72469,1611,CO,2018-04-08,14.4,-5.6,0,0,0,2018,4.4,4,8,98,TRUE,FALSE,FALSE,58,9,16
USW00023062,39.7633,-104.8694,DENVER-STAPLETON                       72469,1611,CO,2018-04-09,17.2,2.2,5,0,0,2018,9.7,4,9,99,TRUE,TRUE,TRUE,59,10,17
USW00023062,39.7633,-104.8694,DENVER-STAPLETON                       72469,1611,CO,2018-04-10,12.8,0,18,0,0,2018,6.4,4,10,100,TRUE,FALSE,TRUE,60,10,18
USW00023062,39.7633,-104.8694,DENVER-STAPLETON                       72469,1611,CO,2018-04-11,23.3,2.8,0,0,0,2018,13.05,4,11,101,TRUE,TRUE,FALSE,61,11,18
USW00023062,39.7633,-104.8694,DENVER-STAPLETON                       72469,1611,CO,2018-04-12,27.8,7.2,0,0,0,2018,17.5,4,12,102,TRUE,TRUE,FALSE,62,12,18
USW00023062,39.7633,-104.8694,DENVER-STAPLETON                       72469,1611,CO,2018-04-13,26.7,0,43,3,0,2018,13.35,4,13,103,TRUE,FALSE,TRUE,63,12,19
USW00023062,39.7633,-104.8694,DENVER-STAPLETON                       72469,1611,CO,2018-04-14,7.2,-1.7,0,0,0,2018,2.75,4,14,104,FALSE,FALSE,FALSE,63,12,19
USW00023062,39.7633,-104.8694,DENVER-STAPLETON                       72469,1611,CO,2018-04-15,13.3,-1.7,0,0,0,2018,5.800000000000001,4,15,105,TRUE,FALSE,FALSE,64,12,19
USW00023062,39.7633,-104.8694,DENVER-STAPLETON                       72469,1611,CO,2018-04-16,17.2,-1.7,0,0,0,2018,7.75,4,16,106,TRUE,FALSE,FALSE,65,12,19
USW00023062,39.7633,-104.8694,DENVER-STAPLETON                       72469,1611,CO,2018-04-17,23.9,1.1,0,0,0,2018,12.5,4,17,107,TRUE,TRUE,FALSE,66,13,19
USW00023062,39.7633,-104.8694,DENVER-STAPLETON                       72469,1611,CO,2018-04-18,23.3,-2.2,0,0,0,2018,10.55,4,18,108,TRUE,FALSE,FALSE,67,13,19
USW00023062,39.7633,-104.8694,DENVER-STAPLETON                       72469,1611,CO,2018-04-19,13.9,-1.7,0,0,0,2018,6.1000000000000005,4,19,109,TRUE,FALSE,FALSE,68,13,19
USW00023062,39.7633,-104.8694,DENVER-STAPLETON                       72469,1611,CO,2018-04-20,20,2.8,0,0,0,2018,11.4,4,20,110,TRUE,TRUE,FALSE,69,14,19
USW00023062,39.7633,-104.8694,DENVER-STAPLETON                       72469,1611,CO,2018-04-21,13.9,-0.6,104,8,0,2018,6.65,4,21,111,TRUE,FALSE,TRUE,70,14,20
USW00023062,39.7633,-104.8694,DENVER-STAPLETON                       72469,1611,CO,2018-04-22,3.9,-1.1,33,43,0,2018,1.4,4,22,112,FALSE,FALSE,TRUE,70,14,21
USW00023062,39.7633,-104.8694,DENVER-STAPLETON                       72469,1611,CO,2018-04-23,17.2,-1.1,0,0,0,2018,8.049999999999999,4,23,113,TRUE,FALSE,FALSE,71,14,21
USW00023062,39.7633,-104.8694,DENVER-STAPLETON                       72469,1611,CO,2018-04-24,22.8,0,104,0,0,2018,11.4,4,24,114,TRUE,FALSE,TRUE,72,14,22
USW00023062,39.7633,-104.8694,DENVER-STAPLETON                       72469,1611,CO,2018-04-25,3.3,-0.6,3,0,0,2018,1.3499999999999999,4,25,115,FALSE,FALSE,TRUE,72,14,23
USW00023062,39.7633,-104.8694,DENVER-STAPLETON                       72469,1611,CO,2018-04-26,19.4,-0.6,0,0,0,2018,9.399999999999999,4,26,116,TRUE,FALSE,FALSE,73,14,23
USW00023062,39.7633,-104.8694,DENVER-STAPLETON                       72469,1611,CO,2018-04-27,15,2.8,0,0,0,2018,8.9,4,27,117,TRUE,TRUE,FALSE,74,15,23
USW00023062,39.7633,-104.8694,DENVER-STAPLETON                       72469,1611,CO,2018-04-28,23.3,2.8,0,0,0,2018,13.05,4,28,118,TRUE,TRUE,FALSE,75,16,23
USW00023062,39.7633,-104.8694,DENVER-STAPLETON                       72469,1611,CO,2018-04-29,26.7,3.9,0,0,0,2018,15.299999999999999,4,29,119,TRUE,TRUE,FALSE,76,17,23
USW00023062,39.7633,-104.8694,DENVER-STAPLETON                       72469,1611,CO,2018-04-30,28.3,8.3,0,0,0,2018,18.3,4,30,120,TRUE,TRUE,FALSE,77,18,23
USW00023062,39.7633,-104.8694,DENVER-STAPLETON                       72469,1611,CO,2018-05-01,23.9,8.3,0,0,0,2018,16.1,5,1,121,TRUE,TRUE,FALSE,78,19,23
USW00023062,39.7633,-104.8694,DENVER-STAPLETON                       72469,1611,CO,2018-05-02,20,6.7,0,0,0,2018,13.35,5,2,122,TRUE,TRUE,FALSE,79,20,23
USW00023062,39.7633,-104.8694,DENVER-STAPLETON                       72469,1611,CO,2018-05-03,10.6,3.9,127,0,0,2018,7.25,5,3,123,TRUE,TRUE,TRUE,80,21,24
USW00023062,39.7633,-104.8694,DENVER-STAPLETON                       72469,1611,CO,2018-05-04,11.7,3.3,152,0,0,2018,7.5,5,4,124,TRUE,TRUE,TRUE,81,22,25
USW00023062,39.7633,-104.8694,DENVER-STAPLETON                       72469,1611,CO,2018-05-05,21.1,4.4,0,0,0,2018,12.75,5,5,125,TRUE,TRUE,FALSE,82,23,25
USW00023062,39.7633,-104.8694,DENVER-STAPLETON                       72469,1611,CO,2018-05-06,24.4,4.4,0,0,0,2018,14.399999999999999,5,6,126,TRUE,TRUE,FALSE,83,24,25
USW00023062,39.7633,-104.8694,DENVER-STAPLETON                       72469,1611,CO,2018-05-07,26.7,7.8,0,0,0,2018,17.25,5,7,127,TRUE,TRUE,FALSE,84,25,25
USW00023062,39.7633,-104.8694,DENVER-STAPLETON                       72469,1611,CO,2018-05-08,28.3,10,0,0,0,2018,19.15,5,8,128,TRUE,TRUE,FALSE,85,26,25
USW00023062,39.7633,-104.8694,DENVER-STAPLETON                       72469,1611,CO,2018-05-09,25.6,7.8,0,0,0,2018,16.7,5,9,129,TRUE,TRUE,FALSE,86,27,25
USW00023062,39.7633,-104.8694,DENVER-STAPLETON                       72469,1611,CO,2018-05-10,26.1,7.8,0,0,0,2018,16.95,5,10,130,TRUE,TRUE,FALSE,87,28,25
USW00023062,39.7633,-104.8694,DENVER-STAPLETON                       72469,1611,CO,2018-05-11,32.8,8.3,0,0,0,2018,20.549999999999997,5,11,131,TRUE,TRUE,FALSE,88,29,25
USW00023062,39.7633,-104.8694,DENVER-STAPLETON                       72469,1611,CO,2018-05-12,27.8,9.4,0,0,0,2018,18.6,5,12,132,TRUE,TRUE,FALSE,89,30,25
USW00023062,39.7633,-104.8694,DENVER-STAPLETON                       72469,1611,CO,2018-05-13,18.9,10,0,0,0,2018,14.45,5,13,133,TRUE,TRUE,FALSE,90,31,25
USW00023062,39.7633,-104.8694,DENVER-STAPLETON                       72469,1611,CO,2018-05-14,15,8.3,188,0,0,2018,11.65,5,14,134,TRUE,TRUE,TRUE,91,32,26
USW00023062,39.7633,-104.8694,DENVER-STAPLETON                       72469,1611,CO,2018-05-15,18.9,7.8,43,0,0,2018,13.35,5,15,135,TRUE,TRUE,TRUE,92,33,27
USW00023062,39.7633,-104.8694,DENVER-STAPLETON                       72469,1611,CO,2018-05-16,24.4,7.8,0,0,0,2018,16.099999999999998,5,16,136,TRUE,TRUE,FALSE,93,34,27
USW00023062,39.7633,-104.8694,DENVER-STAPLETON                       72469,1611,CO,2018-05-17,27.8,7.8,0,0,0,2018,17.8,5,17,137,TRUE,TRUE,FALSE,94,35,27
USW00023062,39.7633,-104.8694,DENVER-STAPLETON                       72469,1611,CO,2018-05-18,31.1,7.8,0,0,0,2018,19.45,5,18,138,TRUE,TRUE,FALSE,95,36,27
USW00023062,39.7633,-104.8694,DENVER-STAPLETON                       72469,1611,CO,2018-05-19,19.4,10,0,0,0,2018,14.7,5,19,139,TRUE,TRUE,FALSE,96,37,27
USW00023062,39.7633,-104.8694,DENVER-STAPLETON                       72469,1611,CO,2018-05-20,10,5.6,3,0,0,2018,7.8,5,20,140,TRUE,TRUE,TRUE,97,38,28
USW00023062,39.7633,-104.8694,DENVER-STAPLETON                       72469,1611,CO,2018-05-21,13.9,5,3,0,0,2018,9.45,5,21,141,TRUE,TRUE,TRUE,98,39,29
USW00023062,39.7633,-104.8694,DENVER-STAPLETON                       72469,1611,CO,2018-05-22,27.8,5.6,0,0,0,2018,16.7,5,22,142,TRUE,TRUE,FALSE,99,40,29
USW00023062,39.7633,-104.8694,DENVER-STAPLETON                       72469,1611,CO,2018-05-23,28.3,8.9,3,0,0,2018,18.6,5,23,143,TRUE,TRUE,TRUE,100,41,30
USW00023062,39.7633,-104.8694,DENVER-STAPLETON                       72469,1611,CO,2018-05-24,29.4,8.9,0,0,0,2018,19.15,5,24,144,TRUE,TRUE,FALSE,101,42,30
USW00023062,39.7633,-104.8694,DENVER-STAPLETON                       72469,1611,CO,2018-05-25,31.1,10.6,10,0,0,2018,20.85,5,25,145,TRUE,TRUE,TRUE,102,43,31
USW00023062,39.7633,-104.8694,DENVER-STAPLETON                       72469,1611,CO,2018-05-26,32.8,12.8,0,0,0,2018,22.799999999999997,5,26,146,TRUE,TRUE,FALSE,103,44,31
USW00023062,39.7633,-104.8694,DENVER-STAPLETON                       72469,1611,CO,2018-05-27,35,13.9,0,0,0,2018,24.45,5,27,147,TRUE,TRUE,FALSE,104,45,31
USW00023062,39.7633,-104.8694,DENVER-STAPLETON                       72469,1611,CO,2018-05-28,31.1,13.9,0,0,0,2018,22.5,5,28,148,TRUE,TRUE,FALSE,105,46,31
USW00023062,39.7633,-104.8694,DENVER-STAPLETON                       72469,1611,CO,2018-05-29,20.6,10,30,0,0,2018,15.3,5,29,149,TRUE,TRUE,TRUE,106,47,32
USW00023062,39.7633,-104.8694,DENVER-STAPLETON                       72469,1611,CO,2018-05-30,25.6,11.1,0,0,0,2018,18.35,5,30,150,TRUE,TRUE,FALSE,107,48,32
USW00023062,39.7633,-104.8694,DENVER-STAPLETON                       72469,1611,CO,2018-05-31,29.4,11.1,0,0,0,2018,20.25,5,31,151,TRUE,TRUE,FALSE,108,49,32
USW00023062,39.7633,-104.8694,DENVER-STAPLETON                       72469,1611,CO,2018-06-01,34.4,10.6,0,0,0,2018,22.5,6,1,152,TRUE,TRUE,FALSE,109,50,32
USW00023062,39.7633,-104.8694,DENVER-STAPLETON                       72469,1611,CO,2018-06-02,34.4,10.6,0,0,0,2018,22.5,6,2,153,TRUE,TRUE,FALSE,110,51,32
USW00023062,39.7633,-104.8694,DENVER-STAPLETON                       72469,1611,CO,2018-06-03,27.2,10,0,0,0,2018,18.6,6,3,154,TRUE,TRUE,FALSE,111,52,32
USW00023062,39.7633,-104.8694,DENVER-STAPLETON                       72469,1611,CO,2018-06-04,26.1,10,0,0,0,2018,18.05,6,4,155,TRUE,TRUE,FALSE,112,53,32
USW00023062,39.7633,-104.8694,DENVER-STAPLETON                       72469,1611,CO,2018-06-05,35,13.3,0,0,0,2018,24.15,6,5,156,TRUE,TRUE,FALSE,113,54,32
USW00023062,39.7633,-104.8694,DENVER-STAPLETON                       72469,1611,CO,2018-06-06,37.2,16.7,0,0,0,2018,26.950000000000003,6,6,157,TRUE,TRUE,FALSE,114,55,32
USW00023062,39.7633,-104.8694,DENVER-STAPLETON                       72469,1611,CO,2018-06-07,35,16.7,0,0,0,2018,25.85,6,7,158,TRUE,TRUE,FALSE,115,56,32
USW00023062,39.7633,-104.8694,DENVER-STAPLETON                       72469,1611,CO,2018-06-08,35.6,13.9,0,0,0,2018,24.75,6,8,159,TRUE,TRUE,FALSE,116,57,32
USW00023062,39.7633,-104.8694,DENVER-STAPLETON                       72469,1611,CO,2018-06-09,36.7,13.9,0,0,0,2018,25.3,6,9,160,TRUE,TRUE,FALSE,117,58,32
USW00023062,39.7633,-104.8694,DENVER-STAPLETON                       72469,1611,CO,2018-06-10,36.1,14.4,0,0,0,2018,25.25,6,10,161,TRUE,TRUE,FALSE,118,59,32
USW00023062,39.7633,-104.8694,DENVER-STAPLETON                       72469,1611,CO,2018-06-11,37.8,13.9,0,0,0,2018,25.849999999999998,6,11,162,TRUE,TRUE,FALSE,119,60,32
USW00023062,39.7633,-104.8694,DENVER-STAPLETON                       72469,1611,CO,2018-06-12,28.9,11.7,0,0,0,2018,20.299999999999997,6,12,163,TRUE,TRUE,FALSE,120,61,32
USW00023062,39.7633,-104.8694,DENVER-STAPLETON                       72469,1611,CO,2018-06-13,31.7,12.8,0,0,0,2018,22.25,6,13,164,TRUE,TRUE,FALSE,121,62,32
USW00023062,39.7633,-104.8694,DENVER-STAPLETON                       72469,1611,CO,2018-06-14,35.6,17.2,0,0,0,2018,26.4,6,14,165,TRUE,TRUE,FALSE,122,63,32
USW00023062,39.7633,-104.8694,DENVER-STAPLETON                       72469,1611,CO,2018-06-15,37.2,15.6,0,0,0,2018,26.400000000000002,6,15,166,TRUE,TRUE,FALSE,123,64,32
USW00023062,39.7633,-104.8694,DENVER-STAPLETON                       72469,1611,CO,2018-06-16,35.6,16.1,0,0,0,2018,25.85,6,16,167,TRUE,TRUE,FALSE,124,65,32
USW00023062,39.7633,-104.8694,DENVER-STAPLETON                       72469,1611,CO,2018-06-17,30,16.1,8,0,0,2018,23.05,6,17,168,TRUE,TRUE,TRUE,125,66,33
USW00023062,39.7633,-104.8694,DENVER-STAPLETON                       72469,1611,CO,2018-06-18,24.4,12.8,91,0,0,2018,18.6,6,18,169,TRUE,TRUE,TRUE,126,67,34
USW00023062,39.7633,-104.8694,DENVER-STAPLETON                       72469,1611,CO,2018-06-19,28.9,13.3,0,0,0,2018,21.1,6,19,170,TRUE,TRUE,FALSE,127,68,34
USW00023062,39.7633,-104.8694,DENVER-STAPLETON                       72469,1611,CO,2018-06-20,27.8,11.7,30,0,0,2018,19.75,6,20,171,TRUE,TRUE,TRUE,128,69,35
USW00023062,39.7633,-104.8694,DENVER-STAPLETON                       72469,1611,CO,2018-06-21,26.1,11.7,0,0,0,2018,18.9,6,21,172,TRUE,TRUE,FALSE,129,70,35
USW00023062,39.7633,-104.8694,DENVER-STAPLETON                       72469,1611,CO,2018-06-22,30,12.2,0,0,0,2018,21.1,6,22,173,TRUE,TRUE,FALSE,130,71,35
USW00023062,39.7633,-104.8694,DENVER-STAPLETON                       72469,1611,CO,2018-06-23,31.7,11.7,0,0,0,2018,21.7,6,23,174,TRUE,TRUE,FALSE,131,72,35
USW00023062,39.7633,-104.8694,DENVER-STAPLETON                       72469,1611,CO,2018-06-24,31.1,12.8,0,0,0,2018,21.950000000000003,6,24,175,TRUE,TRUE,FALSE,132,73,35
USW00023062,39.7633,-104.8694,DENVER-STAPLETON                       72469,1611,CO,2018-06-25,21.7,10,53,0,0,2018,15.85,6,25,176,TRUE,TRUE,TRUE,133,74,36
USW00023062,39.7633,-104.8694,DENVER-STAPLETON                       72469,1611,CO,2018-06-26,28.3,10.6,0,0,0,2018,19.45,6,26,177,TRUE,TRUE,FALSE,134,75,36
USW00023062,39.7633,-104.8694,DENVER-STAPLETON                       72469,1611,CO,2018-06-27,36.7,13.3,0,0,0,2018,25,6,27,178,TRUE,TRUE,FALSE,135,76,36
USW00023062,39.7633,-104.8694,DENVER-STAPLETON                       72469,1611,CO,2018-06-28,38.3,17.2,0,0,0,2018,27.75,6,28,179,TRUE,TRUE,FALSE,136,77,36
USW00023062,39.7633,-104.8694,DENVER-STAPLETON                       72469,1611,CO,2018-06-29,40,18.9,0,0,0,2018,29.45,6,29,180,TRUE,TRUE,FALSE,137,78,36
USW00023062,39.7633,-104.8694,DENVER-STAPLETON                       72469,1611,CO,2018-06-30,35,16.1,0,0,0,2018,25.55,6,30,181,TRUE,TRUE,FALSE,138,79,36
USW00023062,39.7633,-104.8694,DENVER-STAPLETON                       72469,1611,CO,2018-07-01,23.9,11.1,0,0,0,2018,17.5,7,1,182,TRUE,TRUE,FALSE,139,80,36
USW00023062,39.7633,-104.8694,DENVER-STAPLETON                       72469,1611,CO,2018-07-02,32.2,12.2,0,0,0,2018,22.200000000000003,7,2,183,TRUE,TRUE,FALSE,140,81,36
USW00023062,39.7633,-104.8694,DENVER-STAPLETON                       72469,1611,CO,2018-07-03,35,15,18,0,0,2018,25,7,3,184,TRUE,TRUE,TRUE,141,82,37
USW00023062,39.7633,-104.8694,DENVER-STAPLETON                       72469,1611,CO,2018-07-04,36.1,15,0,0,0,2018,25.55,7,4,185,TRUE,TRUE,FALSE,142,83,37
USW00023062,39.7633,-104.8694,DENVER-STAPLETON                       72469,1611,CO,2018-07-05,34.4,16.1,0,0,0,2018,25.25,7,5,186,TRUE,TRUE,FALSE,143,84,37
USW00023062,39.7633,-104.8694,DENVER-STAPLETON                       72469,1611,CO,2018-07-06,31.1,15.6,3,0,0,2018,23.35,7,6,187,TRUE,TRUE,TRUE,144,85,38
USW00023062,39.7633,-104.8694,DENVER-STAPLETON                       72469,1611,CO,2018-07-07,33.9,15.6,0,0,0,2018,24.75,7,7,188,TRUE,TRUE,FALSE,145,86,38
USW00023062,39.7633,-104.8694,DENVER-STAPLETON                       72469,1611,CO,2018-07-08,37.8,18.9,0,0,0,2018,28.349999999999998,7,8,189,TRUE,TRUE,FALSE,146,87,38
USW00023062,39.7633,-104.8694,DENVER-STAPLETON                       72469,1611,CO,2018-07-09,36.1,18.3,0,0,0,2018,27.200000000000003,7,9,190,TRUE,TRUE,FALSE,147,88,38
USW00023062,39.7633,-104.8694,DENVER-STAPLETON                       72469,1611,CO,2018-07-10,35,17.8,0,0,0,2018,26.4,7,10,191,TRUE,TRUE,FALSE,148,89,38
USW00023062,39.7633,-104.8694,DENVER-STAPLETON                       72469,1611,CO,2018-07-11,36.7,16.7,0,0,0,2018,26.700000000000003,7,11,192,TRUE,TRUE,FALSE,149,90,38
USW00023062,39.7633,-104.8694,DENVER-STAPLETON                       72469,1611,CO,2018-07-12,35,18.3,0,0,0,2018,26.65,7,12,193,TRUE,TRUE,FALSE,150,91,38
USW00023062,39.7633,-104.8694,DENVER-STAPLETON                       72469,1611,CO,2018-07-13,30,16.1,0,0,0,2018,23.05,7,13,194,TRUE,TRUE,FALSE,151,92,38
USW00023062,39.7633,-104.8694,DENVER-STAPLETON                       72469,1611,CO,2018-07-14,31.7,16.7,0,0,0,2018,24.2,7,14,195,TRUE,TRUE,FALSE,152,93,38
USW00023062,39.7633,-104.8694,DENVER-STAPLETON                       72469,1611,CO,2018-07-15,36.1,18.9,0,0,0,2018,27.5,7,15,196,TRUE,TRUE,FALSE,153,94,38
USW00023062,39.7633,-104.8694,DENVER-STAPLETON                       72469,1611,CO,2018-07-16,21.7,16.1,173,0,0,2018,18.9,7,16,197,TRUE,TRUE,TRUE,154,95,39
USW00023062,39.7633,-104.8694,DENVER-STAPLETON                       72469,1611,CO,2018-07-17,31.7,16.7,0,0,0,2018,24.2,7,17,198,TRUE,TRUE,FALSE,155,96,39
USW00023062,39.7633,-104.8694,DENVER-STAPLETON                       72469,1611,CO,2018-07-18,31.7,17.2,0,0,0,2018,24.45,7,18,199,TRUE,TRUE,FALSE,156,97,39
USW00023062,39.7633,-104.8694,DENVER-STAPLETON                       72469,1611,CO,2018-07-19,35.6,18.3,0,0,0,2018,26.950000000000003,7,19,200,TRUE,TRUE,FALSE,157,98,39
USW00023062,39.7633,-104.8694,DENVER-STAPLETON                       72469,1611,CO,2018-07-20,36.7,18.3,0,0,0,2018,27.5,7,20,201,TRUE,TRUE,FALSE,158,99,39
USW00023062,39.7633,-104.8694,DENVER-STAPLETON                       72469,1611,CO,2018-07-21,35.6,18.9,0,0,0,2018,27.25,7,21,202,TRUE,TRUE,FALSE,159,100,39
USW00023062,39.7633,-104.8694,DENVER-STAPLETON                       72469,1611,CO,2018-07-22,36.1,20,0,0,0,2018,28.05,7,22,203,TRUE,TRUE,FALSE,160,101,39
USW00023062,39.7633,-104.8694,DENVER-STAPLETON                       72469,1611,CO,2018-07-23,34.4,17.8,36,0,0,2018,26.1,7,23,204,TRUE,TRUE,TRUE,161,102,40
USW00023062,39.7633,-104.8694,DENVER-STAPLETON                       72469,1611,CO,2018-07-24,25.6,16.1,69,0,0,2018,20.85,7,24,205,TRUE,TRUE,TRUE,162,103,41
USW00023062,39.7633,-104.8694,DENVER-STAPLETON                       72469,1611,CO,2018-07-25,31.7,16.1,0,0,0,2018,23.9,7,25,206,TRUE,TRUE,FALSE,163,104,41
USW00023062,39.7633,-104.8694,DENVER-STAPLETON                       72469,1611,CO,2018-07-26,27.2,15,61,0,0,2018,21.1,7,26,207,TRUE,TRUE,TRUE,164,105,42
USW00023062,39.7633,-104.8694,DENVER-STAPLETON                       72469,1611,CO,2018-07-27,27.8,15.6,3,0,0,2018,21.7,7,27,208,TRUE,TRUE,TRUE,165,106,43
USW00023062,39.7633,-104.8694,DENVER-STAPLETON                       72469,1611,CO,2018-07-28,27.8,13.9,3,0,0,2018,20.85,7,28,209,TRUE,TRUE,TRUE,166,107,44
USW00023062,39.7633,-104.8694,DENVER-STAPLETON                       72469,1611,CO,2018-07-29,26.1,13.3,0,0,0,2018,19.700000000000003,7,29,210,TRUE,TRUE,FALSE,167,108,44
USW00023062,39.7633,-104.8694,DENVER-STAPLETON                       72469,1611,CO,2018-07-30,25.6,13.3,0,0,0,2018,19.450000000000003,7,30,211,TRUE,TRUE,FALSE,168,109,44
USW00023062,39.7633,-104.8694,DENVER-STAPLETON                       72469,1611,CO,2018-07-31,25.6,11.1,0,0,0,2018,18.35,7,31,212,TRUE,TRUE,FALSE,169,110,44
USW00023062,39.7633,-104.8694,DENVER-STAPLETON                       72469,1611,CO,2018-08-01,30,11.1,0,0,0,2018,20.55,8,1,213,TRUE,TRUE,FALSE,170,111,44
USW00023062,39.7633,-104.8694,DENVER-STAPLETON                       72469,1611,CO,2018-08-02,28.9,13.3,0,0,0,2018,21.1,8,2,214,TRUE,TRUE,FALSE,171,112,44
USW00023062,39.7633,-104.8694,DENVER-STAPLETON                       72469,1611,CO,2018-08-03,33.9,13.3,0,0,0,2018,23.6,8,3,215,TRUE,TRUE,FALSE,172,113,44
USW00023062,39.7633,-104.8694,DENVER-STAPLETON                       72469,1611,CO,2018-08-04,27.2,17.2,15,0,0,2018,22.2,8,4,216,TRUE,TRUE,TRUE,173,114,45
USW00023062,39.7633,-104.8694,DENVER-STAPLETON                       72469,1611,CO,2018-08-05,35.6,17.2,0,0,0,2018,26.4,8,5,217,TRUE,TRUE,FALSE,174,115,45
USW00023062,39.7633,-104.8694,DENVER-STAPLETON                       72469,1611,CO,2018-08-06,30.6,15.6,5,0,0,2018,23.1,8,6,218,TRUE,TRUE,TRUE,175,116,46
USW00023062,39.7633,-104.8694,DENVER-STAPLETON                       72469,1611,CO,2018-08-07,28.3,14.4,13,0,0,2018,21.35,8,7,219,TRUE,TRUE,TRUE,176,117,47
USW00023062,39.7633,-104.8694,DENVER-STAPLETON                       72469,1611,CO,2018-08-08,31.7,14.4,0,0,0,2018,23.05,8,8,220,TRUE,TRUE,FALSE,177,118,47
USW00023062,39.7633,-104.8694,DENVER-STAPLETON                       72469,1611,CO,2018-08-09,28.9,14.4,0,0,0,2018,21.65,8,9,221,TRUE,TRUE,FALSE,178,119,47
USW00023062,39.7633,-104.8694,DENVER-STAPLETON                       72469,1611,CO,2018-08-10,31.1,13.9,0,0,0,2018,22.5,8,10,222,TRUE,TRUE,FALSE,179,120,47
USW00023062,39.7633,-104.8694,DENVER-STAPLETON                       72469,1611,CO,2018-08-11,31.7,15,0,0,0,2018,23.35,8,11,223,TRUE,TRUE,FALSE,180,121,47
USW00023062,39.7633,-104.8694,DENVER-STAPLETON                       72469,1611,CO,2018-08-12,33.9,16.7,0,0,0,2018,25.299999999999997,8,12,224,TRUE,TRUE,FALSE,181,122,47
USW00023062,39.7633,-104.8694,DENVER-STAPLETON                       72469,1611,CO,2018-08-13,33.3,12.8,0,0,0,2018,23.049999999999997,8,13,225,TRUE,TRUE,FALSE,182,123,47
USW00023062,39.7633,-104.8694,DENVER-STAPLETON                       72469,1611,CO,2018-08-14,31.1,12.2,0,0,0,2018,21.65,8,14,226,TRUE,TRUE,FALSE,183,124,47
USW00023062,39.7633,-104.8694,DENVER-STAPLETON                       72469,1611,CO,2018-08-15,29.4,14.4,246,0,0,2018,21.9,8,15,227,TRUE,TRUE,TRUE,184,125,48
USW00023062,39.7633,-104.8694,DENVER-STAPLETON                       72469,1611,CO,2018-08-16,30.6,14.4,0,0,0,2018,22.5,8,16,228,TRUE,TRUE,FALSE,185,126,48
USW00023062,39.7633,-104.8694,DENVER-STAPLETON                       72469,1611,CO,2018-08-17,32.2,13.9,0,0,0,2018,23.05,8,17,229,TRUE,TRUE,FALSE,186,127,48
USW00023062,39.7633,-104.8694,DENVER-STAPLETON                       72469,1611,CO,2018-08-18,31.1,15.6,0,0,0,2018,23.35,8,18,230,TRUE,TRUE,FALSE,187,128,48
USW00023062,39.7633,-104.8694,DENVER-STAPLETON                       72469,1611,CO,2018-08-19,26.1,12.2,102,0,0,2018,19.15,8,19,231,TRUE,TRUE,TRUE,188,129,49
USW00023062,39.7633,-104.8694,DENVER-STAPLETON                       72469,1611,CO,2018-08-20,21.7,10,0,0,0,2018,15.85,8,20,232,TRUE,TRUE,FALSE,189,130,49
USW00023062,39.7633,-104.8694,DENVER-STAPLETON                       72469,1611,CO,2018-08-21,25.6,9.4,0,0,0,2018,17.5,8,21,233,TRUE,TRUE,FALSE,190,131,49
USW00023062,39.7633,-104.8694,DENVER-STAPLETON                       72469,1611,CO,2018-08-22,22.2,13.3,15,0,0,2018,17.75,8,22,234,TRUE,TRUE,TRUE,191,132,50
USW00023062,39.7633,-104.8694,DENVER-STAPLETON                       72469,1611,CO,2018-08-23,26.1,13.9,0,0,0,2018,20,8,23,235,TRUE,TRUE,FALSE,192,133,50
USW00023062,39.7633,-104.8694,DENVER-STAPLETON                       72469,1611,CO,2018-08-24,31.1,14.4,0,0,0,2018,22.75,8,24,236,TRUE,TRUE,FALSE,193,134,50
USW00023062,39.7633,-104.8694,DENVER-STAPLETON                       72469,1611,CO,2018-08-25,31.7,15.6,0,0,0,2018,23.65,8,25,237,TRUE,TRUE,FALSE,194,135,50
USW00023062,39.7633,-104.8694,DENVER-STAPLETON                       72469,1611,CO,2018-08-26,32.2,16.1,0,0,0,2018,24.150000000000002,8,26,238,TRUE,TRUE,FALSE,195,136,50
USW00023062,39.7633,-104.8694,DENVER-STAPLETON                       72469,1611,CO,2018-08-27,33.9,16.1,0,0,0,2018,25,8,27,239,TRUE,TRUE,FALSE,196,137,50
USW00023062,39.7633,-104.8694,DENVER-STAPLETON                       72469,1611,CO,2018-08-28,33.3,12.2,0,0,0,2018,22.75,8,28,240,TRUE,TRUE,FALSE,197,138,50
USW00023062,39.7633,-104.8694,DENVER-STAPLETON                       72469,1611,CO,2018-08-29,23.3,11.1,0,0,0,2018,17.2,8,29,241,TRUE,TRUE,FALSE,198,139,50
USW00023062,39.7633,-104.8694,DENVER-STAPLETON                       72469,1611,CO,2018-08-30,31.7,11.7,0,0,0,2018,21.7,8,30,242,TRUE,TRUE,FALSE,199,140,50
USW00023062,39.7633,-104.8694,DENVER-STAPLETON                       72469,1611,CO,2018-08-31,33.3,15,0,0,0,2018,24.15,8,31,243,TRUE,TRUE,FALSE,200,141,50
USW00023062,39.7633,-104.8694,DENVER-STAPLETON                       72469,1611,CO,2018-09-01,31.1,13.3,0,0,0,2018,22.200000000000003,9,1,244,TRUE,TRUE,FALSE,201,142,50
USW00023062,39.7633,-104.8694,DENVER-STAPLETON                       72469,1611,CO,2018-09-02,29.4,13.3,0,0,0,2018,21.35,9,2,245,TRUE,TRUE,FALSE,202,143,50
USW00023062,39.7633,-104.8694,DENVER-STAPLETON                       72469,1611,CO,2018-09-03,26.7,14.4,0,0,0,2018,20.55,9,3,246,TRUE,TRUE,FALSE,203,144,50
USW00023062,39.7633,-104.8694,DENVER-STAPLETON                       72469,1611,CO,2018-09-04,27.2,11.7,0,0,0,2018,19.45,9,4,247,TRUE,TRUE,FALSE,204,145,50
USW00023062,39.7633,-104.8694,DENVER-STAPLETON                       72469,1611,CO,2018-09-05,27.2,11.7,94,0,0,2018,19.45,9,5,248,TRUE,TRUE,TRUE,205,146,51
USW00023062,39.7633,-104.8694,DENVER-STAPLETON                       72469,1611,CO,2018-09-06,22.2,11.7,15,0,0,2018,16.95,9,6,249,TRUE,TRUE,TRUE,206,147,52
USW00023062,39.7633,-104.8694,DENVER-STAPLETON                       72469,1611,CO,2018-09-07,23.9,11.1,0,0,0,2018,17.5,9,7,250,TRUE,TRUE,FALSE,207,148,52
USW00023062,39.7633,-104.8694,DENVER-STAPLETON                       72469,1611,CO,2018-09-08,23.9,10,0,0,0,2018,16.95,9,8,251,TRUE,TRUE,FALSE,208,149,52
USW00023062,39.7633,-104.8694,DENVER-STAPLETON                       72469,1611,CO,2018-09-09,29.4,10,51,0,0,2018,19.7,9,9,252,TRUE,TRUE,TRUE,209,150,53
USW00023062,39.7633,-104.8694,DENVER-STAPLETON                       72469,1611,CO,2018-09-10,30,12.8,0,0,0,2018,21.4,9,10,253,TRUE,TRUE,FALSE,210,151,53
USW00023062,39.7633,-104.8694,DENVER-STAPLETON                       72469,1611,CO,2018-09-11,32.2,13.9,0,0,0,2018,23.05,9,11,254,TRUE,TRUE,FALSE,211,152,53
USW00023062,39.7633,-104.8694,DENVER-STAPLETON                       72469,1611,CO,2018-09-12,32.2,15,0,0,0,2018,23.6,9,12,255,TRUE,TRUE,FALSE,212,153,53
USW00023062,39.7633,-104.8694,DENVER-STAPLETON                       72469,1611,CO,2018-09-13,33.9,13.9,0,0,0,2018,23.9,9,13,256,TRUE,TRUE,FALSE,213,154,53
USW00023062,39.7633,-104.8694,DENVER-STAPLETON                       72469,1611,CO,2018-09-14,35,13.9,0,0,0,2018,24.45,9,14,257,TRUE,TRUE,FALSE,214,155,53
USW00023062,39.7633,-104.8694,DENVER-STAPLETON                       72469,1611,CO,2018-09-15,32.8,10.6,0,0,0,2018,21.7,9,15,258,TRUE,TRUE,FALSE,215,156,53
USW00023062,39.7633,-104.8694,DENVER-STAPLETON                       72469,1611,CO,2018-09-16,33.9,11.1,0,0,0,2018,22.5,9,16,259,TRUE,TRUE,FALSE,216,157,53
USW00023062,39.7633,-104.8694,DENVER-STAPLETON                       72469,1611,CO,2018-09-17,35,13.3,0,0,0,2018,24.15,9,17,260,TRUE,TRUE,FALSE,217,158,53
USW00023062,39.7633,-104.8694,DENVER-STAPLETON                       72469,1611,CO,2018-09-18,33.3,12.8,0,0,0,2018,23.049999999999997,9,18,261,TRUE,TRUE,FALSE,218,159,53
USW00023062,39.7633,-104.8694,DENVER-STAPLETON                       72469,1611,CO,2018-09-19,32.2,12.8,0,0,0,2018,22.5,9,19,262,TRUE,TRUE,FALSE,219,160,53
USW00023062,39.7633,-104.8694,DENVER-STAPLETON                       72469,1611,CO,2018-09-20,29.4,15,69,0,0,2018,22.2,9,20,263,TRUE,TRUE,TRUE,220,161,54
USW00023062,39.7633,-104.8694,DENVER-STAPLETON                       72469,1611,CO,2018-09-21,28.3,10.6,0,0,0,2018,19.45,9,21,264,TRUE,TRUE,FALSE,221,162,54
USW00023062,39.7633,-104.8694,DENVER-STAPLETON                       72469,1611,CO,2018-09-22,26.1,8.3,0,0,0,2018,17.200000000000003,9,22,265,TRUE,TRUE,FALSE,222,163,54
USW00023062,39.7633,-104.8694,DENVER-STAPLETON                       72469,1611,CO,2018-09-23,29.4,8.3,0,0,0,2018,18.85,9,23,266,TRUE,TRUE,FALSE,223,164,54
USW00023062,39.7633,-104.8694,DENVER-STAPLETON                       72469,1611,CO,2018-09-24,30.6,13.3,0,0,0,2018,21.950000000000003,9,24,267,TRUE,TRUE,FALSE,224,165,54
USW00023062,39.7633,-104.8694,DENVER-STAPLETON                       72469,1611,CO,2018-09-25,24.4,6.1,0,0,0,2018,15.25,9,25,268,TRUE,TRUE,FALSE,225,166,54
USW00023062,39.7633,-104.8694,DENVER-STAPLETON                       72469,1611,CO,2018-09-26,17.8,5.6,0,0,0,2018,11.7,9,26,269,TRUE,TRUE,FALSE,226,167,54
USW00023062,39.7633,-104.8694,DENVER-STAPLETON                       72469,1611,CO,2018-09-27,22.8,6.7,0,0,0,2018,14.75,9,27,270,TRUE,TRUE,FALSE,227,168,54
USW00023062,39.7633,-104.8694,DENVER-STAPLETON                       72469,1611,CO,2018-09-28,26.7,5.6,0,0,0,2018,16.15,9,28,271,TRUE,TRUE,FALSE,228,169,54
USW00023062,39.7633,-104.8694,DENVER-STAPLETON                       72469,1611,CO,2018-09-29,12.2,3.3,0,0,0,2018,7.75,9,29,272,TRUE,TRUE,FALSE,229,170,54
USW00023062,39.7633,-104.8694,DENVER-STAPLETON                       72469,1611,CO,2018-09-30,29.4,3.3,0,0,0,2018,16.349999999999998,9,30,273,TRUE,TRUE,FALSE,230,171,54
USW00023062,39.7633,-104.8694,DENVER-STAPLETON                       72469,1611,CO,2018-10-01,29.4,3.3,0,0,0,2018,16.349999999999998,10,1,274,TRUE,TRUE,FALSE,231,172,54
USW00023062,39.7633,-104.8694,DENVER-STAPLETON                       72469,1611,CO,2018-10-02,19.4,7.8,0,0,0,2018,13.6,10,2,275,TRUE,TRUE,FALSE,232,173,54
USW00023062,39.7633,-104.8694,DENVER-STAPLETON                       72469,1611,CO,2018-10-03,26.7,8.9,0,0,0,2018,17.8,10,3,276,TRUE,TRUE,FALSE,233,174,54
USW00023062,39.7633,-104.8694,DENVER-STAPLETON                       72469,1611,CO,2018-10-04,30,10,0,0,0,2018,20,10,4,277,TRUE,TRUE,FALSE,234,175,54
USW00023062,39.7633,-104.8694,DENVER-STAPLETON                       72469,1611,CO,2018-10-05,18.3,6.1,0,0,0,2018,12.2,10,5,278,TRUE,TRUE,FALSE,235,176,54
USW00023062,39.7633,-104.8694,DENVER-STAPLETON                       72469,1611,CO,2018-10-06,22.8,1.7,46,0,0,2018,12.25,10,6,279,TRUE,TRUE,TRUE,236,177,55
USW00023062,39.7633,-104.8694,DENVER-STAPLETON                       72469,1611,CO,2018-10-07,14.4,3.3,0,0,0,2018,8.85,10,7,280,TRUE,TRUE,FALSE,237,178,55
USW00023062,39.7633,-104.8694,DENVER-STAPLETON                       72469,1611,CO,2018-10-08,8.3,3.3,56,0,0,2018,5.800000000000001,10,8,281,FALSE,TRUE,TRUE,237,179,56
USW00023062,39.7633,-104.8694,DENVER-STAPLETON                       72469,1611,CO,2018-10-09,5,2.2,5,0,0,2018,3.6,10,9,282,FALSE,TRUE,TRUE,237,180,57
USW00023062,39.7633,-104.8694,DENVER-STAPLETON                       72469,1611,CO,2018-10-10,3.3,0,8,0,0,2018,1.65,10,10,283,FALSE,FALSE,TRUE,237,180,58
USW00023062,39.7633,-104.8694,DENVER-STAPLETON                       72469,1611,CO,2018-10-11,2.8,0,3,0,0,2018,1.4,10,11,284,FALSE,FALSE,TRUE,237,180,59
USW00023062,39.7633,-104.8694,DENVER-STAPLETON                       72469,1611,CO,2018-10-12,7.8,1.1,3,0,0,2018,4.45,10,12,285,FALSE,TRUE,TRUE,237,181,60
USW00023062,39.7633,-104.8694,DENVER-STAPLETON                       72469,1611,CO,2018-10-13,18.9,1.7,0,0,0,2018,10.299999999999999,10,13,286,TRUE,TRUE,FALSE,238,182,60
USW00023062,39.7633,-104.8694,DENVER-STAPLETON                       72469,1611,CO,2018-10-14,18.3,-5.6,18,30,25,2018,6.3500000000000005,10,14,287,TRUE,FALSE,TRUE,239,182,61
USW00023062,39.7633,-104.8694,DENVER-STAPLETON                       72469,1611,CO,2018-10-15,-2.8,-7.2,15,28,0,2018,-5,10,15,288,FALSE,FALSE,TRUE,239,182,62
USW00023062,39.7633,-104.8694,DENVER-STAPLETON                       72469,1611,CO,2018-10-16,8.3,-7.2,0,0,0,2018,0.5500000000000003,10,16,289,FALSE,FALSE,FALSE,239,182,62
USW00023062,39.7633,-104.8694,DENVER-STAPLETON                       72469,1611,CO,2018-10-17,12.8,-2.2,0,0,0,2018,5.300000000000001,10,17,290,TRUE,FALSE,FALSE,240,182,62
USW00023062,39.7633,-104.8694,DENVER-STAPLETON                       72469,1611,CO,2018-10-18,16.1,-0.6,0,0,0,2018,7.750000000000001,10,18,291,TRUE,FALSE,FALSE,241,182,62
USW00023062,39.7633,-104.8694,DENVER-STAPLETON                       72469,1611,CO,2018-10-19,21.1,5,0,0,0,2018,13.05,10,19,292,TRUE,TRUE,FALSE,242,183,62
USW00023062,39.7633,-104.8694,DENVER-STAPLETON                       72469,1611,CO,2018-10-20,18.9,2.2,0,0,0,2018,10.549999999999999,10,20,293,TRUE,TRUE,FALSE,243,184,62
USW00023062,39.7633,-104.8694,DENVER-STAPLETON                       72469,1611,CO,2018-10-21,21.1,1.1,0,0,0,2018,11.100000000000001,10,21,294,TRUE,TRUE,FALSE,244,185,62
USW00023062,39.7633,-104.8694,DENVER-STAPLETON                       72469,1611,CO,2018-10-22,23.3,2.8,0,0,0,2018,13.05,10,22,295,TRUE,TRUE,FALSE,245,186,62
USW00023062,39.7633,-104.8694,DENVER-STAPLETON                       72469,1611,CO,2018-10-23,23.9,5,0,0,0,2018,14.45,10,23,296,TRUE,TRUE,FALSE,246,187,62
USW00023062,39.7633,-104.8694,DENVER-STAPLETON                       72469,1611,CO,2018-10-24,20,6.7,0,0,0,2018,13.35,10,24,297,TRUE,TRUE,FALSE,247,188,62
USW00023062,39.7633,-104.8694,DENVER-STAPLETON                       72469,1611,CO,2018-10-25,16.1,5,0,0,0,2018,10.55,10,25,298,TRUE,TRUE,FALSE,248,189,62
USW00023062,39.7633,-104.8694,DENVER-STAPLETON                       72469,1611,CO,2018-10-26,18.3,4.4,0,0,0,2018,11.350000000000001,10,26,299,TRUE,TRUE,FALSE,249,190,62
USW00023062,39.7633,-104.8694,DENVER-STAPLETON                       72469,1611,CO,2018-10-27,20.6,3.9,0,0,0,2018,12.25,10,27,300,TRUE,TRUE,FALSE,250,191,62
USW00023062,39.7633,-104.8694,DENVER-STAPLETON                       72469,1611,CO,2018-10-28,22.8,2.2,0,0,0,2018,12.5,10,28,301,TRUE,TRUE,FALSE,251,192,62
USW00023062,39.7633,-104.8694,DENVER-STAPLETON                       72469,1611,CO,2018-10-29,25.6,1.7,0,0,0,2018,13.65,10,29,302,TRUE,TRUE,FALSE,252,193,62
USW00023062,39.7633,-104.8694,DENVER-STAPLETON                       72469,1611,CO,2018-10-30,26.1,2.8,0,0,0,2018,14.450000000000001,10,30,303,TRUE,TRUE,FALSE,253,194,62
USW00023062,39.7633,-104.8694,DENVER-STAPLETON                       72469,1611,CO,2018-10-31,6.1,0,66,8,0,2018,3.05,10,31,304,FALSE,FALSE,TRUE,253,194,63
USW00023062,39.7633,-104.8694,DENVER-STAPLETON                       72469,1611,CO,2018-11-01,8.3,1.1,0,0,0,2018,4.7,11,1,305,FALSE,TRUE,FALSE,253,195,63
USW00023062,39.7633,-104.8694,DENVER-STAPLETON                       72469,1611,CO,2018-11-02,12.8,0.6,0,0,0,2018,6.7,11,2,306,TRUE,TRUE,FALSE,254,196,63
USW00023062,39.7633,-104.8694,DENVER-STAPLETON                       72469,1611,CO,2018-11-03,18.3,0,3,0,0,2018,9.15,11,3,307,TRUE,FALSE,TRUE,255,196,64
USW00023062,39.7633,-104.8694,DENVER-STAPLETON                       72469,1611,CO,2018-11-04,11.7,-1.7,15,0,0,2018,5,11,4,308,TRUE,FALSE,TRUE,256,196,65
USW00023062,39.7633,-104.8694,DENVER-STAPLETON                       72469,1611,CO,2018-11-05,12.8,-0.6,0,0,0,2018,6.1000000000000005,11,5,309,TRUE,FALSE,FALSE,257,196,65
USW00023062,39.7633,-104.8694,DENVER-STAPLETON                       72469,1611,CO,2018-11-06,13.3,-2.2,0,0,0,2018,5.550000000000001,11,6,310,TRUE,FALSE,FALSE,258,196,65
USW00023062,39.7633,-104.8694,DENVER-STAPLETON                       72469,1611,CO,2018-11-07,10.6,-3.3,0,0,0,2018,3.65,11,7,311,TRUE,FALSE,FALSE,259,196,65
USW00023062,39.7633,-104.8694,DENVER-STAPLETON                       72469,1611,CO,2018-11-08,6.7,-2.8,0,0,0,2018,1.9500000000000002,11,8,312,FALSE,FALSE,FALSE,259,196,65
USW00023062,39.7633,-104.8694,DENVER-STAPLETON                       72469,1611,CO,2018-11-09,3.9,-6.7,0,0,0,2018,-1.4000000000000001,11,9,313,FALSE,FALSE,FALSE,259,196,65
USW00023062,39.7633,-104.8694,DENVER-STAPLETON                       72469,1611,CO,2018-11-10,7.8,-6.1,0,0,0,2018,0.8500000000000001,11,10,314,FALSE,FALSE,FALSE,259,196,65
USW00023062,39.7633,-104.8694,DENVER-STAPLETON                       72469,1611,CO,2018-11-11,13.9,-3.9,5,8,0,2018,5,11,11,315,TRUE,FALSE,TRUE,260,196,66
USW00023062,39.7633,-104.8694,DENVER-STAPLETON                       72469,1611,CO,2018-11-12,-2.2,-6.7,30,38,25,2018,-4.45,11,12,316,FALSE,FALSE,TRUE,260,196,67
USW00023062,39.7633,-104.8694,DENVER-STAPLETON                       72469,1611,CO,2018-11-13,-0.6,-8.3,8,18,25,2018,-4.45,11,13,317,FALSE,FALSE,TRUE,260,196,68
USW00023062,39.7633,-104.8694,DENVER-STAPLETON                       72469,1611,CO,2018-11-14,9.4,-5,0,0,0,2018,2.2,11,14,318,FALSE,FALSE,FALSE,260,196,68
USW00023062,39.7633,-104.8694,DENVER-STAPLETON                       72469,1611,CO,2018-11-15,17.2,-0.6,0,0,0,2018,8.299999999999999,11,15,319,TRUE,FALSE,FALSE,261,196,68
USW00023062,39.7633,-104.8694,DENVER-STAPLETON                       72469,1611,CO,2018-11-16,15,-2.2,0,0,0,2018,6.4,11,16,320,TRUE,FALSE,FALSE,262,196,68
USW00023062,39.7633,-104.8694,DENVER-STAPLETON                       72469,1611,CO,2018-11-17,14.4,0,0,0,0,2018,7.2,11,17,321,TRUE,FALSE,FALSE,263,196,68
USW00023062,39.7633,-104.8694,DENVER-STAPLETON                       72469,1611,CO,2018-11-18,1.1,-6.7,10,0,0,2018,-2.8,11,18,322,FALSE,FALSE,TRUE,263,196,69
USW00023062,39.7633,-104.8694,DENVER-STAPLETON                       72469,1611,CO,2018-11-19,10.6,-7.2,0,0,0,2018,1.6999999999999997,11,19,323,TRUE,FALSE,FALSE,264,196,69
USW00023062,39.7633,-104.8694,DENVER-STAPLETON                       72469,1611,CO,2018-11-20,10,-5.6,0,0,0,2018,2.2,11,20,324,TRUE,FALSE,FALSE,265,196,69
USW00023062,39.7633,-104.8694,DENVER-STAPLETON                       72469,1611,CO,2018-11-21,14.4,-6.1,0,0,0,2018,4.15,11,21,325,TRUE,FALSE,FALSE,266,196,69
USW00023062,39.7633,-104.8694,DENVER-STAPLETON                       72469,1611,CO,2018-11-22,16.7,-1.1,0,0,0,2018,7.8,11,22,326,TRUE,FALSE,FALSE,267,196,69
USW00023062,39.7633,-104.8694,DENVER-STAPLETON                       72469,1611,CO,2018-11-23,15.6,2.2,0,0,0,2018,8.9,11,23,327,TRUE,TRUE,FALSE,268,197,69
USW00023062,39.7633,-104.8694,DENVER-STAPLETON                       72469,1611,CO,2018-11-24,11.7,-1.1,0,0,0,2018,5.3,11,24,328,TRUE,FALSE,FALSE,269,197,69
USW00023062,39.7633,-104.8694,DENVER-STAPLETON                       72469,1611,CO,2018-11-25,13.9,-3.9,13,5,0,2018,5,11,25,329,TRUE,FALSE,TRUE,270,197,70
USW00023062,39.7633,-104.8694,DENVER-STAPLETON                       72469,1611,CO,2018-11-26,5.6,-7.8,0,0,0,2018,-1.1,11,26,330,FALSE,FALSE,FALSE,270,197,70
USW00023062,39.7633,-104.8694,DENVER-STAPLETON                       72469,1611,CO,2018-11-27,11.7,-6.7,0,0,0,2018,2.4999999999999996,11,27,331,TRUE,FALSE,FALSE,271,197,70
USW00023062,39.7633,-104.8694,DENVER-STAPLETON                       72469,1611,CO,2018-11-28,12.8,-4.4,0,0,0,2018,4.2,11,28,332,TRUE,FALSE,FALSE,272,197,70
USW00023062,39.7633,-104.8694,DENVER-STAPLETON                       72469,1611,CO,2018-11-29,15.6,0.6,0,0,0,2018,8.1,11,29,333,TRUE,TRUE,FALSE,273,198,70
USW00023062,39.7633,-104.8694,DENVER-STAPLETON                       72469,1611,CO,2018-11-30,8.9,-4.4,0,0,0,2018,2.25,11,30,334,FALSE,FALSE,FALSE,273,198,70
USW00023062,39.7633,-104.8694,DENVER-STAPLETON                       72469,1611,CO,2018-12-01,1.7,-5.6,8,10,0,2018,-1.9499999999999997,12,1,335,FALSE,FALSE,TRUE,273,198,71
USW00023062,39.7633,-104.8694,DENVER-STAPLETON                       72469,1611,CO,2018-12-02,6.7,-7.8,0,0,0,2018,-0.5499999999999998,12,2,336,FALSE,FALSE,FALSE,273,198,71
USW00023062,39.7633,-104.8694,DENVER-STAPLETON                       72469,1611,CO,2018-12-03,1.7,-8.3,0,0,0,2018,-3.3000000000000003,12,3,337,FALSE,FALSE,FALSE,273,198,71
USW00023062,39.7633,-104.8694,DENVER-STAPLETON                       72469,1611,CO,2018-12-04,0.6,-7.8,0,0,0,2018,-3.6,12,4,338,FALSE,FALSE,FALSE,273,198,71
USW00023062,39.7633,-104.8694,DENVER-STAPLETON                       72469,1611,CO,2018-12-05,3.9,-9.4,0,0,0,2018,-2.75,12,5,339,FALSE,FALSE,FALSE,273,198,71
USW00023062,39.7633,-104.8694,DENVER-STAPLETON                       72469,1611,CO,2018-12-06,10,-9.4,0,0,0,2018,0.2999999999999998,12,6,340,TRUE,FALSE,FALSE,274,198,71
USW00023062,39.7633,-104.8694,DENVER-STAPLETON                       72469,1611,CO,2018-12-07,0,-7.2,0,0,0,2018,-3.6,12,7,341,FALSE,FALSE,FALSE,274,198,71
USW00023062,39.7633,-104.8694,DENVER-STAPLETON                       72469,1611,CO,2018-12-08,6.7,-8.3,0,0,0,2018,-0.8000000000000003,12,8,342,FALSE,FALSE,FALSE,274,198,71
USW00023062,39.7633,-104.8694,DENVER-STAPLETON                       72469,1611,CO,2018-12-09,9.4,-6.7,0,0,0,2018,1.35,12,9,343,FALSE,FALSE,FALSE,274,198,71
USW00023062,39.7633,-104.8694,DENVER-STAPLETON                       72469,1611,CO,2018-12-10,7.2,-6.1,0,0,0,2018,0.5500000000000003,12,10,344,FALSE,FALSE,FALSE,274,198,71
USW00023062,39.7633,-104.8694,DENVER-STAPLETON                       72469,1611,CO,2018-12-11,14.4,-4.4,0,0,0,2018,5,12,11,345,TRUE,FALSE,FALSE,275,198,71
USW00023062,39.7633,-104.8694,DENVER-STAPLETON                       72469,1611,CO,2018-12-12,15.6,-4.4,0,0,0,2018,5.6,12,12,346,TRUE,FALSE,FALSE,276,198,71
USW00023062,39.7633,-104.8694,DENVER-STAPLETON                       72469,1611,CO,2018-12-13,14.4,-3.3,0,0,0,2018,5.550000000000001,12,13,347,TRUE,FALSE,FALSE,277,198,71
USW00023062,39.7633,-104.8694,DENVER-STAPLETON                       72469,1611,CO,2018-12-14,5.6,-6.7,0,0,0,2018,-0.5500000000000003,12,14,348,FALSE,FALSE,FALSE,277,198,71
USW00023062,39.7633,-104.8694,DENVER-STAPLETON                       72469,1611,CO,2018-12-15,13.3,-6.7,0,0,0,2018,3.3000000000000003,12,15,349,TRUE,FALSE,FALSE,278,198,71
USW00023062,39.7633,-104.8694,DENVER-STAPLETON                       72469,1611,CO,2018-12-16,13.9,-3.9,0,0,0,2018,5,12,16,350,TRUE,FALSE,FALSE,279,198,71
USW00023062,39.7633,-104.8694,DENVER-STAPLETON                       72469,1611,CO,2018-12-17,16.1,-5.6,0,0,0,2018,5.250000000000001,12,17,351,TRUE,FALSE,FALSE,280,198,71
USW00023062,39.7633,-104.8694,DENVER-STAPLETON                       72469,1611,CO,2018-12-18,14.4,-5,0,0,0,2018,4.7,12,18,352,TRUE,FALSE,FALSE,281,198,71
USW00023062,39.7633,-104.8694,DENVER-STAPLETON                       72469,1611,CO,2018-12-19,13.9,-1.7,0,0,0,2018,6.1000000000000005,12,19,353,TRUE,FALSE,FALSE,282,198,71
USW00023062,39.7633,-104.8694,DENVER-STAPLETON                       72469,1611,CO,2018-12-20,10,-6.7,0,0,0,2018,1.65,12,20,354,TRUE,FALSE,FALSE,283,198,71
USW00023062,39.7633,-104.8694,DENVER-STAPLETON                       72469,1611,CO,2018-12-21,10,-6.1,0,0,0,2018,1.9500000000000002,12,21,355,TRUE,FALSE,FALSE,284,198,71
USW00023062,39.7633,-104.8694,DENVER-STAPLETON                       72469,1611,CO,2018-12-22,16.7,-3.3,0,0,0,2018,6.699999999999999,12,22,356,TRUE,FALSE,FALSE,285,198,71
USW00023062,39.7633,-104.8694,DENVER-STAPLETON                       72469,1611,CO,2018-12-23,2.8,-9.4,0,0,0,2018,-3.3000000000000003,12,23,357,FALSE,FALSE,FALSE,285,198,71
USW00023062,39.7633,-104.8694,DENVER-STAPLETON                       72469,1611,CO,2018-12-24,11.1,-8.3,0,0,0,2018,1.3999999999999995,12,24,358,TRUE,FALSE,FALSE,286,198,71
USW00023062,39.7633,-104.8694,DENVER-STAPLETON                       72469,1611,CO,2018-12-25,10,-5.6,0,0,0,2018,2.2,12,25,359,TRUE,FALSE,FALSE,287,198,71
USW00023062,39.7633,-104.8694,DENVER-STAPLETON                       72469,1611,CO,2018-12-26,6.7,-7.8,0,0,0,2018,-0.5499999999999998,12,26,360,FALSE,FALSE,FALSE,287,198,71
USW00023062,39.7633,-104.8694,DENVER-STAPLETON                       72469,1611,CO,2018-12-27,2.2,-8.3,0,0,0,2018,-3.0500000000000003,12,27,361,FALSE,FALSE,FALSE,287,198,71
USW00023062,39.7633,-104.8694,DENVER-STAPLETON                       72469,1611,CO,2018-12-28,-0.6,-9.4,0,0,0,2018,-5,12,28,362,FALSE,FALSE,FALSE,287,198,71
USW00023062,39.7633,-104.8694,DENVER-STAPLETON                       72469,1611,CO,2018-12-29,-5,-12.8,0,0,0,2018,-8.9,12,29,363,FALSE,FALSE,FALSE,287,198,71
USW00023062,39.7633,-104.8694,DENVER-STAPLETON                       72469,1611,CO,2018-12-30,5,-12.8,0,0,0,2018,-3.9000000000000004,12,30,364,FALSE,FALSE,FALSE,287,198,71
USW00023062,39.7633,-104.8694,DENVER-STAPLETON                       72469,1611,CO,2018-12-31,11.7,-5.6,0,0,0,2018,3.05,12,31,365,TRUE,FALSE,FALSE,288,198,71
USW00023062,39.7633,-104.8694,DENVER-STAPLETON                       72469,1611,CO,2019-01-01,-5.6,-17.8,10,15,25,2019,-11.7,1,1,1,FALSE,FALSE,TRUE,0,0,1
USW00023062,39.7633,-104.8694,DENVER-STAPLETON                       72469,1611,CO,2019-01-02,-10,-17.2,0,0,25,2019,-13.6,1,2,2,FALSE,FALSE,FALSE,0,0,1
USW00023062,39.7633,-104.8694,DENVER-STAPLETON                       72469,1611,CO,2019-01-03,6.7,-13.9,0,0,0,2019,-3.6,1,3,3,FALSE,FALSE,FALSE,0,0,1
USW00023062,39.7633,-104.8694,DENVER-STAPLETON                       72469,1611,CO,2019-01-04,13.3,-6.7,0,0,0,2019,3.3000000000000003,1,4,4,TRUE,FALSE,FALSE,1,0,1
USW00023062,39.7633,-104.8694,DENVER-STAPLETON                       72469,1611,CO,2019-01-05,17.2,-3.9,0,0,0,2019,6.6499999999999995,1,5,5,TRUE,FALSE,FALSE,2,0,1
USW00023062,39.7633,-104.8694,DENVER-STAPLETON                       72469,1611,CO,2019-01-06,13.9,-3.3,0,0,0,2019,5.300000000000001,1,6,6,TRUE,FALSE,FALSE,3,0,1
USW00023062,39.7633,-104.8694,DENVER-STAPLETON                       72469,1611,CO,2019-01-07,13.9,-5,0,0,0,2019,4.45,1,7,7,TRUE,FALSE,FALSE,4,0,1
USW00023062,39.7633,-104.8694,DENVER-STAPLETON                       72469,1611,CO,2019-01-08,11.7,-5,0,0,0,2019,3.3499999999999996,1,8,8,TRUE,FALSE,FALSE,5,0,1
USW00023062,39.7633,-104.8694,DENVER-STAPLETON                       72469,1611,CO,2019-01-09,7.2,-6.1,0,0,0,2019,0.5500000000000003,1,9,9,FALSE,FALSE,FALSE,5,0,1
USW00023062,39.7633,-104.8694,DENVER-STAPLETON                       72469,1611,CO,2019-01-10,10,-6.7,0,0,0,2019,1.65,1,10,10,TRUE,FALSE,FALSE,6,0,1
USW00023062,39.7633,-104.8694,DENVER-STAPLETON                       72469,1611,CO,2019-01-11,14.4,0,18,0,0,2019,7.2,1,11,11,TRUE,FALSE,TRUE,7,0,2
USW00023062,39.7633,-104.8694,DENVER-STAPLETON                       72469,1611,CO,2019-01-12,1.1,-0.6,135,74,51,2019,0.25000000000000006,1,12,12,FALSE,FALSE,TRUE,7,0,3
USW00023062,39.7633,-104.8694,DENVER-STAPLETON                       72469,1611,CO,2019-01-13,5,-6.7,0,0,51,2019,-0.8500000000000001,1,13,13,FALSE,FALSE,FALSE,7,0,3
USW00023062,39.7633,-104.8694,DENVER-STAPLETON                       72469,1611,CO,2019-01-14,5.6,-7.8,0,0,25,2019,-1.1,1,14,14,FALSE,FALSE,FALSE,7,0,3
USW00023062,39.7633,-104.8694,DENVER-STAPLETON                       72469,1611,CO,2019-01-15,9.4,-7.2,0,0,25,2019,1.1,1,15,15,FALSE,FALSE,FALSE,7,0,3
USW00023062,39.7633,-104.8694,DENVER-STAPLETON                       72469,1611,CO,2019-01-16,10,-7.8,0,0,25,2019,1.1,1,16,16,TRUE,FALSE,FALSE,8,0,3
USW00023062,39.7633,-104.8694,DENVER-STAPLETON                       72469,1611,CO,2019-01-17,11.7,-1.7,0,0,0,2019,5,1,17,17,TRUE,FALSE,FALSE,9,0,3
USW00023062,39.7633,-104.8694,DENVER-STAPLETON                       72469,1611,CO,2019-01-18,13.9,-1.1,0,0,0,2019,6.4,1,18,18,TRUE,FALSE,FALSE,10,0,3
USW00023062,39.7633,-104.8694,DENVER-STAPLETON                       72469,1611,CO,2019-01-19,2.8,-6.7,33,13,25,2019,-1.9500000000000002,1,19,19,FALSE,FALSE,TRUE,10,0,4
USW00023062,39.7633,-104.8694,DENVER-STAPLETON                       72469,1611,CO,2019-01-20,9.4,-6.7,0,0,0,2019,1.35,1,20,20,FALSE,FALSE,FALSE,10,0,4
USW00023062,39.7633,-104.8694,DENVER-STAPLETON                       72469,1611,CO,2019-01-21,14.4,-2.8,0,0,0,2019,5.800000000000001,1,21,21,TRUE,FALSE,FALSE,11,0,4
USW00023062,39.7633,-104.8694,DENVER-STAPLETON                       72469,1611,CO,2019-01-22,13.9,-5.6,48,28,25,2019,4.15,1,22,22,TRUE,FALSE,TRUE,12,0,5
USW00023062,39.7633,-104.8694,DENVER-STAPLETON                       72469,1611,CO,2019-01-23,-0.6,-8.9,3,3,0,2019,-4.75,1,23,23,FALSE,FALSE,TRUE,12,0,6
USW00023062,39.7633,-104.8694,DENVER-STAPLETON                       72469,1611,CO,2019-01-24,7.8,-6.7,0,0,0,2019,0.5499999999999998,1,24,24,FALSE,FALSE,FALSE,12,0,6
USW00023062,39.7633,-104.8694,DENVER-STAPLETON                       72469,1611,CO,2019-01-25,-1.7,-11.7,18,38,51,2019,-6.699999999999999,1,25,25,FALSE,FALSE,TRUE,12,0,7
USW00023062,39.7633,-104.8694,DENVER-STAPLETON                       72469,1611,CO,2019-01-26,3.3,-11.7,0,0,25,2019,-4.199999999999999,1,26,26,FALSE,FALSE,FALSE,12,0,7
USW00023062,39.7633,-104.8694,DENVER-STAPLETON                       72469,1611,CO,2019-01-27,7.2,-5.6,0,0,25,2019,0.8000000000000003,1,27,27,FALSE,FALSE,FALSE,12,0,7
USW00023062,39.7633,-104.8694,DENVER-STAPLETON                       72469,1611,CO,2019-01-28,11.1,-3.9,23,43,51,2019,3.5999999999999996,1,28,28,TRUE,FALSE,TRUE,13,0,8
USW00023062,39.7633,-104.8694,DENVER-STAPLETON                       72469,1611,CO,2019-01-29,-2.2,-14.4,25,61,102,2019,-8.3,1,29,29,FALSE,FALSE,TRUE,13,0,9
USW00023062,39.7633,-104.8694,DENVER-STAPLETON                       72469,1611,CO,2019-01-30,-0.6,-15,0,0,76,2019,-7.8,1,30,30,FALSE,FALSE,FALSE,13,0,9
USW00023062,39.7633,-104.8694,DENVER-STAPLETON                       72469,1611,CO,2019-01-31,9.4,-15,0,0,25,2019,-2.8,1,31,31,FALSE,FALSE,FALSE,13,0,9
USW00023062,39.7633,-104.8694,DENVER-STAPLETON                       72469,1611,CO,2019-02-01,12.8,-6.1,0,0,0,2019,3.3500000000000005,2,1,32,TRUE,FALSE,FALSE,14,0,9
USW00023062,39.7633,-104.8694,DENVER-STAPLETON                       72469,1611,CO,2019-02-02,13.9,-5,0,0,0,2019,4.45,2,2,33,TRUE,FALSE,FALSE,15,0,9
USW00023062,39.7633,-104.8694,DENVER-STAPLETON                       72469,1611,CO,2019-02-03,15,-0.6,0,0,0,2019,7.2,2,3,34,TRUE,FALSE,FALSE,16,0,9
USW00023062,39.7633,-104.8694,DENVER-STAPLETON                       72469,1611,CO,2019-02-04,18.3,-0.6,0,0,0,2019,8.85,2,4,35,TRUE,FALSE,FALSE,17,0,9
USW00023062,39.7633,-104.8694,DENVER-STAPLETON                       72469,1611,CO,2019-02-05,15,-7.2,0,0,0,2019,3.9,2,5,36,TRUE,FALSE,FALSE,18,0,9
USW00023062,39.7633,-104.8694,DENVER-STAPLETON                       72469,1611,CO,2019-02-06,11.7,-9.4,0,0,0,2019,1.1499999999999995,2,6,37,TRUE,FALSE,FALSE,19,0,9
USW00023062,39.7633,-104.8694,DENVER-STAPLETON                       72469,1611,CO,2019-02-07,-7.8,-20.6,46,66,76,2019,-14.200000000000001,2,7,38,FALSE,FALSE,TRUE,19,0,10
USW00023062,39.7633,-104.8694,DENVER-STAPLETON                       72469,1611,CO,2019-02-08,-8.3,-20,0,0,76,2019,-14.15,2,8,39,FALSE,FALSE,FALSE,19,0,10
USW00023062,39.7633,-104.8694,DENVER-STAPLETON                       72469,1611,CO,2019-02-09,-5.6,-20,0,0,76,2019,-12.8,2,9,40,FALSE,FALSE,FALSE,19,0,10
USW00023062,39.7633,-104.8694,DENVER-STAPLETON                       72469,1611,CO,2019-02-10,4.4,-11.7,0,0,76,2019,-3.6499999999999995,2,10,41,FALSE,FALSE,FALSE,19,0,10
USW00023062,39.7633,-104.8694,DENVER-STAPLETON                       72469,1611,CO,2019-02-11,-0.6,-12.8,0,0,51,2019,-6.7,2,11,42,FALSE,FALSE,FALSE,19,0,10
USW00023062,39.7633,-104.8694,DENVER-STAPLETON                       72469,1611,CO,2019-02-12,1.1,-12.8,0,0,51,2019,-5.8500000000000005,2,12,43,FALSE,FALSE,FALSE,19,0,10
USW00023062,39.7633,-104.8694,DENVER-STAPLETON                       72469,1611,CO,2019-02-13,10,-6.7,0,0,25,2019,1.65,2,13,44,TRUE,FALSE,FALSE,20,0,10
USW00023062,39.7633,-104.8694,DENVER-STAPLETON                       72469,1611,CO,2019-02-14,14.4,-4.4,0,0,0,2019,5,2,14,45,TRUE,FALSE,FALSE,21,0,10
USW00023062,39.7633,-104.8694,DENVER-STAPLETON                       72469,1611,CO,2019-02-15,13.9,-4.4,0,0,0,2019,4.75,2,15,46,TRUE,FALSE,FALSE,22,0,10
USW00023062,39.7633,-104.8694,DENVER-STAPLETON                       72469,1611,CO,2019-02-16,15,-6.1,0,0,0,2019,4.45,2,16,47,TRUE,FALSE,FALSE,23,0,10
USW00023062,39.7633,-104.8694,DENVER-STAPLETON                       72469,1611,CO,2019-02-17,3.9,-7.8,8,13,25,2019,-1.95,2,17,48,FALSE,FALSE,TRUE,23,0,11
USW00023062,39.7633,-104.8694,DENVER-STAPLETON                       72469,1611,CO,2019-02-18,1.7,-13.3,3,5,0,2019,-5.800000000000001,2,18,49,FALSE,FALSE,TRUE,23,0,12
USW00023062,39.7633,-104.8694,DENVER-STAPLETON                       72469,1611,CO,2019-02-19,-7.2,-14.4,0,3,0,2019,-10.8,2,19,50,FALSE,FALSE,FALSE,23,0,12
USW00023062,39.7633,-104.8694,DENVER-STAPLETON                       72469,1611,CO,2019-02-20,-6.7,-13.3,0,5,0,2019,-10,2,20,51,FALSE,FALSE,FALSE,23,0,12
USW00023062,39.7633,-104.8694,DENVER-STAPLETON                       72469,1611,CO,2019-02-21,2.2,-12.8,0,0,0,2019,-5.300000000000001,2,21,52,FALSE,FALSE,FALSE,23,0,12
USW00023062,39.7633,-104.8694,DENVER-STAPLETON                       72469,1611,CO,2019-02-22,0.6,-10.6,3,0,0,2019,-5,2,22,53,FALSE,FALSE,TRUE,23,0,13
USW00023062,39.7633,-104.8694,DENVER-STAPLETON                       72469,1611,CO,2019-02-23,-2.8,-6.7,150,185,178,2019,-4.75,2,23,54,FALSE,FALSE,TRUE,23,0,14
USW00023062,39.7633,-104.8694,DENVER-STAPLETON                       72469,1611,CO,2019-02-24,3.3,-11.7,0,0,127,2019,-4.199999999999999,2,24,55,FALSE,FALSE,FALSE,23,0,14
USW00023062,39.7633,-104.8694,DENVER-STAPLETON                       72469,1611,CO,2019-02-25,5.6,-11.1,0,0,76,2019,-2.75,2,25,56,FALSE,FALSE,FALSE,23,0,14
USW00023062,39.7633,-104.8694,DENVER-STAPLETON                       72469,1611,CO,2019-02-26,7.2,-10.6,0,0,51,2019,-1.6999999999999997,2,26,57,FALSE,FALSE,FALSE,23,0,14
USW00023062,39.7633,-104.8694,DENVER-STAPLETON                       72469,1611,CO,2019-02-27,10,-7.8,0,0,51,2019,1.1,2,27,58,TRUE,FALSE,FALSE,24,0,14
USW00023062,39.7633,-104.8694,DENVER-STAPLETON                       72469,1611,CO,2019-02-28,-1.7,-10,0,0,25,2019,-5.85,2,28,59,FALSE,FALSE,FALSE,24,0,14
USW00023062,39.7633,-104.8694,DENVER-STAPLETON                       72469,1611,CO,2019-03-01,12.2,-5,0,0,0,2019,3.5999999999999996,3,1,60,TRUE,FALSE,FALSE,25,0,14
USW00023062,39.7633,-104.8694,DENVER-STAPLETON                       72469,1611,CO,2019-03-02,8.9,-3.9,0,0,0,2019,2.5,3,2,61,FALSE,FALSE,FALSE,25,0,14
USW00023062,39.7633,-104.8694,DENVER-STAPLETON                       72469,1611,CO,2019-03-03,-2.8,-19.4,53,81,76,2019,-11.1,3,3,62,FALSE,FALSE,TRUE,25,0,15
USW00023062,39.7633,-104.8694,DENVER-STAPLETON                       72469,1611,CO,2019-03-04,-14.4,-20,5,8,76,2019,-17.2,3,4,63,FALSE,FALSE,TRUE,25,0,16
USW00023062,39.7633,-104.8694,DENVER-STAPLETON                       72469,1611,CO,2019-03-05,-7.2,-17.2,0,0,51,2019,-12.2,3,5,64,FALSE,FALSE,FALSE,25,0,16
USW00023062,39.7633,-104.8694,DENVER-STAPLETON                       72469,1611,CO,2019-03-06,-1.1,-16.1,0,0,51,2019,-8.600000000000001,3,6,65,FALSE,FALSE,FALSE,25,0,16
USW00023062,39.7633,-104.8694,DENVER-STAPLETON                       72469,1611,CO,2019-03-07,3.3,-8.3,28,8,51,2019,-2.5000000000000004,3,7,66,FALSE,FALSE,TRUE,25,0,17
USW00023062,39.7633,-104.8694,DENVER-STAPLETON                       72469,1611,CO,2019-03-08,11.7,-4.4,0,0,0,2019,3.6499999999999995,3,8,67,TRUE,FALSE,FALSE,26,0,17
USW00023062,39.7633,-104.8694,DENVER-STAPLETON                       72469,1611,CO,2019-03-09,10,-2.2,5,0,0,2019,3.9,3,9,68,TRUE,FALSE,TRUE,27,0,18
USW00023062,39.7633,-104.8694,DENVER-STAPLETON                       72469,1611,CO,2019-03-10,10.6,-3.3,0,0,0,2019,3.65,3,10,69,TRUE,FALSE,FALSE,28,0,18
USW00023062,39.7633,-104.8694,DENVER-STAPLETON                       72469,1611,CO,2019-03-11,10,-4.4,0,0,0,2019,2.8,3,11,70,TRUE,FALSE,FALSE,29,0,18
USW00023062,39.7633,-104.8694,DENVER-STAPLETON                       72469,1611,CO,2019-03-12,12.8,-2.8,0,0,0,2019,5,3,12,71,TRUE,FALSE,FALSE,30,0,18
USW00023062,39.7633,-104.8694,DENVER-STAPLETON                       72469,1611,CO,2019-03-13,15,0.6,18,0,0,2019,7.8,3,13,72,TRUE,TRUE,TRUE,31,1,19
USW00023062,39.7633,-104.8694,DENVER-STAPLETON                       72469,1611,CO,2019-03-14,3.9,-2.8,224,79,76,2019,0.55,3,14,73,FALSE,FALSE,TRUE,31,1,20
USW00023062,39.7633,-104.8694,DENVER-STAPLETON                       72469,1611,CO,2019-03-15,1.1,-8.3,0,0,76,2019,-3.6000000000000005,3,15,74,FALSE,FALSE,FALSE,31,1,20
USW00023062,39.7633,-104.8694,DENVER-STAPLETON                       72469,1611,CO,2019-03-16,7.2,-8.3,0,0,25,2019,-0.5500000000000003,3,16,75,FALSE,FALSE,FALSE,31,1,20
USW00023062,39.7633,-104.8694,DENVER-STAPLETON                       72469,1611,CO,2019-03-17,6.7,-4.4,0,0,0,2019,1.15,3,17,76,FALSE,FALSE,FALSE,31,1,20
USW00023062,39.7633,-104.8694,DENVER-STAPLETON                       72469,1611,CO,2019-03-18,9.4,-3.9,0,0,0,2019,2.75,3,18,77,FALSE,FALSE,FALSE,31,1,20
USW00023062,39.7633,-104.8694,DENVER-STAPLETON                       72469,1611,CO,2019-03-19,7.8,-1.1,0,0,0,2019,3.3499999999999996,3,19,78,FALSE,FALSE,FALSE,31,1,20
USW00023062,39.7633,-104.8694,DENVER-STAPLETON                       72469,1611,CO,2019-03-20,7.8,-3.3,0,0,0,2019,2.25,3,20,79,FALSE,FALSE,FALSE,31,1,20
USW00023062,39.7633,-104.8694,DENVER-STAPLETON                       72469,1611,CO,2019-03-21,13.9,-2.8,0,0,0,2019,5.550000000000001,3,21,80,TRUE,FALSE,FALSE,32,1,20
USW00023062,39.7633,-104.8694,DENVER-STAPLETON                       72469,1611,CO,2019-03-22,16.1,-1.7,0,0,0,2019,7.200000000000001,3,22,81,TRUE,FALSE,FALSE,33,1,20
USW00023062,39.7633,-104.8694,DENVER-STAPLETON                       72469,1611,CO,2019-03-23,13.3,2.2,8,0,0,2019,7.75,3,23,82,TRUE,TRUE,TRUE,34,2,21
USW00023062,39.7633,-104.8694,DENVER-STAPLETON                       72469,1611,CO,2019-03-24,7.8,-1.1,0,0,0,2019,3.3499999999999996,3,24,83,FALSE,FALSE,FALSE,34,2,21
USW00023062,39.7633,-104.8694,DENVER-STAPLETON                       72469,1611,CO,2019-03-25,13.9,-1.7,3,0,0,2019,6.1000000000000005,3,25,84,TRUE,FALSE,TRUE,35,2,22
USW00023062,39.7633,-104.8694,DENVER-STAPLETON                       72469,1611,CO,2019-03-26,14.4,-0.6,0,0,0,2019,6.9,3,26,85,TRUE,FALSE,FALSE,36,2,22
USW00023062,39.7633,-104.8694,DENVER-STAPLETON                       72469,1611,CO,2019-03-27,21.7,-0.6,0,0,0,2019,10.549999999999999,3,27,86,TRUE,FALSE,FALSE,37,2,22
USW00023062,39.7633,-104.8694,DENVER-STAPLETON                       72469,1611,CO,2019-03-28,23.3,3.9,0,0,0,2019,13.6,3,28,87,TRUE,TRUE,FALSE,38,3,22
USW00023062,39.7633,-104.8694,DENVER-STAPLETON                       72469,1611,CO,2019-03-29,17.2,3.3,0,0,0,2019,10.25,3,29,88,TRUE,TRUE,FALSE,39,4,22
USW00023062,39.7633,-104.8694,DENVER-STAPLETON                       72469,1611,CO,2019-03-30,6.1,-2.2,74,38,51,2019,1.9499999999999997,3,30,89,FALSE,FALSE,TRUE,39,4,23
USW00023062,39.7633,-104.8694,DENVER-STAPLETON                       72469,1611,CO,2019-03-31,3.9,-2.2,0,0,0,2019,0.8499999999999999,3,31,90,FALSE,FALSE,FALSE,39,4,23
USW00023062,39.7633,-104.8694,DENVER-STAPLETON                       72469,1611,CO,2019-04-01,9.4,-1.7,0,0,0,2019,3.85,4,1,91,FALSE,FALSE,FALSE,39,4,23
USW00023062,39.7633,-104.8694,DENVER-STAPLETON                       72469,1611,CO,2019-04-02,13.9,-1.1,0,0,0,2019,6.4,4,2,92,TRUE,FALSE,FALSE,40,4,23
USW00023062,39.7633,-104.8694,DENVER-STAPLETON                       72469,1611,CO,2019-04-03,11.7,1.1,0,0,0,2019,6.3999999999999995,4,3,93,TRUE,TRUE,FALSE,41,5,23
USW00023062,39.7633,-104.8694,DENVER-STAPLETON                       72469,1611,CO,2019-04-04,16.7,1.7,0,0,0,2019,9.2,4,4,94,TRUE,TRUE,FALSE,42,6,23
USW00023062,39.7633,-104.8694,DENVER-STAPLETON                       72469,1611,CO,2019-04-05,19.4,2.2,0,0,0,2019,10.799999999999999,4,5,95,TRUE,TRUE,FALSE,43,7,23
USW00023062,39.7633,-104.8694,DENVER-STAPLETON                       72469,1611,CO,2019-04-06,21.7,5.6,0,0,0,2019,13.649999999999999,4,6,96,TRUE,TRUE,FALSE,44,8,23
USW00023062,39.7633,-104.8694,DENVER-STAPLETON                       72469,1611,CO,2019-04-07,20,6.7,0,0,0,2019,13.35,4,7,97,TRUE,TRUE,FALSE,45,9,23
USW00023062,39.7633,-104.8694,DENVER-STAPLETON                       72469,1611,CO,2019-04-08,21.7,5.6,0,0,0,2019,13.649999999999999,4,8,98,TRUE,TRUE,FALSE,46,10,23
USW00023062,39.7633,-104.8694,DENVER-STAPLETON                       72469,1611,CO,2019-04-09,23.9,6.7,0,0,0,2019,15.299999999999999,4,9,99,TRUE,TRUE,FALSE,47,11,23
USW00023062,39.7633,-104.8694,DENVER-STAPLETON                       72469,1611,CO,2019-04-10,25.6,5,0,0,0,2019,15.3,4,10,100,TRUE,TRUE,FALSE,48,12,23
USW00023062,39.7633,-104.8694,DENVER-STAPLETON                       72469,1611,CO,2019-04-11,5.6,-8.3,99,84,51,2019,-1.3500000000000005,4,11,101,FALSE,FALSE,TRUE,48,12,24
USW00023062,39.7633,-104.8694,DENVER-STAPLETON                       72469,1611,CO,2019-04-12,5,-7.8,0,0,0,2019,-1.4,4,12,102,FALSE,FALSE,FALSE,48,12,24
USW00023062,39.7633,-104.8694,DENVER-STAPLETON                       72469,1611,CO,2019-04-13,6.1,-3.9,13,23,25,2019,1.0999999999999999,4,13,103,FALSE,FALSE,TRUE,48,12,25
USW00023062,39.7633,-104.8694,DENVER-STAPLETON                       72469,1611,CO,2019-04-14,8.3,-1.7,5,5,0,2019,3.3000000000000003,4,14,104,FALSE,FALSE,TRUE,48,12,26
USW00023062,39.7633,-104.8694,DENVER-STAPLETON                       72469,1611,CO,2019-04-15,18.9,1.1,0,0,0,2019,10,4,15,105,TRUE,TRUE,FALSE,49,13,26
USW00023062,39.7633,-104.8694,DENVER-STAPLETON                       72469,1611,CO,2019-04-16,22.8,3.9,0,0,0,2019,13.35,4,16,106,TRUE,TRUE,FALSE,50,14,26
USW00023062,39.7633,-104.8694,DENVER-STAPLETON                       72469,1611,CO,2019-04-17,17.8,3.9,0,0,0,2019,10.85,4,17,107,TRUE,TRUE,FALSE,51,15,26
USW00023062,39.7633,-104.8694,DENVER-STAPLETON                       72469,1611,CO,2019-04-18,16.7,3.9,0,0,0,2019,10.299999999999999,4,18,108,TRUE,TRUE,FALSE,52,16,26
USW00023062,39.7633,-104.8694,DENVER-STAPLETON                       72469,1611,CO,2019-04-19,17.2,2.2,0,0,0,2019,9.7,4,19,109,TRUE,TRUE,FALSE,53,17,26
USW00023062,39.7633,-104.8694,DENVER-STAPLETON                       72469,1611,CO,2019-04-20,22.2,2.8,0,0,0,2019,12.5,4,20,110,TRUE,TRUE,FALSE,54,18,26
USW00023062,39.7633,-104.8694,DENVER-STAPLETON                       72469,1611,CO,2019-04-21,27.2,9.4,0,0,0,2019,18.3,4,21,111,TRUE,TRUE,FALSE,55,19,26
USW00023062,39.7633,-104.8694,DENVER-STAPLETON                       72469,1611,CO,2019-04-22,20.6,5,3,0,0,2019,12.8,4,22,112,TRUE,TRUE,TRUE,56,20,27
USW00023062,39.7633,-104.8694,DENVER-STAPLETON                       72469,1611,CO,2019-04-23,7.2,5,0,0,0,2019,6.1,4,23,113,FALSE,TRUE,FALSE,56,21,27
USW00023062,39.7633,-104.8694,DENVER-STAPLETON                       72469,1611,CO,2019-04-24,18.9,6.1,0,0,0,2019,12.5,4,24,114,TRUE,TRUE,FALSE,57,22,27
USW00023062,39.7633,-104.8694,DENVER-STAPLETON                       72469,1611,CO,2019-04-25,22.8,6.7,0,0,0,2019,14.75,4,25,115,TRUE,TRUE,FALSE,58,23,27
USW00023062,39.7633,-104.8694,DENVER-STAPLETON                       72469,1611,CO,2019-04-26,17.8,6.1,0,0,0,2019,11.95,4,26,116,TRUE,TRUE,FALSE,59,24,27
USW00023062,39.7633,-104.8694,DENVER-STAPLETON                       72469,1611,CO,2019-04-27,26.1,6.1,0,0,0,2019,16.1,4,27,117,TRUE,TRUE,FALSE,60,25,27
USW00023062,39.7633,-104.8694,DENVER-STAPLETON                       72469,1611,CO,2019-04-28,21.1,6.1,0,0,0,2019,13.600000000000001,4,28,118,TRUE,TRUE,FALSE,61,26,27
USW00023062,39.7633,-104.8694,DENVER-STAPLETON                       72469,1611,CO,2019-04-29,25,0,0,0,0,2019,12.5,4,29,119,TRUE,FALSE,FALSE,62,26,27
USW00023062,39.7633,-104.8694,DENVER-STAPLETON                       72469,1611,CO,2019-04-30,5.6,-1.1,33,30,25,2019,2.25,4,30,120,FALSE,FALSE,TRUE,62,26,28
USW00023062,39.7633,-104.8694,DENVER-STAPLETON                       72469,1611,CO,2019-05-01,3.9,-0.6,8,0,0,2019,1.65,5,1,121,FALSE,FALSE,TRUE,62,26,29
USW00023062,39.7633,-104.8694,DENVER-STAPLETON                       72469,1611,CO,2019-05-02,7.2,1.7,3,0,0,2019,4.45,5,2,122,FALSE,TRUE,TRUE,62,27,30
USW00023062,39.7633,-104.8694,DENVER-STAPLETON                       72469,1611,CO,2019-05-03,16.7,2.8,0,0,0,2019,9.75,5,3,123,TRUE,TRUE,FALSE,63,28,30
USW00023062,39.7633,-104.8694,DENVER-STAPLETON                       72469,1611,CO,2019-05-04,20,2.2,0,0,0,2019,11.1,5,4,124,TRUE,TRUE,FALSE,64,29,30
USW00023062,39.7633,-104.8694,DENVER-STAPLETON                       72469,1611,CO,2019-05-05,22.8,3.9,0,0,0,2019,13.35,5,5,125,TRUE,TRUE,FALSE,65,30,30
USW00023062,39.7633,-104.8694,DENVER-STAPLETON                       72469,1611,CO,2019-05-06,23.3,7.8,0,0,0,2019,15.55,5,6,126,TRUE,TRUE,FALSE,66,31,30
USW00023062,39.7633,-104.8694,DENVER-STAPLETON                       72469,1611,CO,2019-05-07,21.1,7.2,15,0,0,2019,14.15,5,7,127,TRUE,TRUE,TRUE,67,32,31
USW00023062,39.7633,-104.8694,DENVER-STAPLETON                       72469,1611,CO,2019-05-08,13.3,6.7,66,0,0,2019,10,5,8,128,TRUE,TRUE,TRUE,68,33,32
USW00023062,39.7633,-104.8694,DENVER-STAPLETON                       72469,1611,CO,2019-05-09,6.7,0,119,18,0,2019,3.35,5,9,129,FALSE,FALSE,TRUE,68,33,33
USW00023062,39.7633,-104.8694,DENVER-STAPLETON                       72469,1611,CO,2019-05-10,5,0,10,0,0,2019,2.5,5,10,130,FALSE,FALSE,TRUE,68,33,34
USW00023062,39.7633,-104.8694,DENVER-STAPLETON                       72469,1611,CO,2019-05-11,13.3,0.6,0,0,0,2019,6.95,5,11,131,TRUE,TRUE,FALSE,69,34,34
USW00023062,39.7633,-104.8694,DENVER-STAPLETON                       72469,1611,CO,2019-05-12,17.8,2.8,0,0,0,2019,10.3,5,12,132,TRUE,TRUE,FALSE,70,35,34
USW00023062,39.7633,-104.8694,DENVER-STAPLETON                       72469,1611,CO,2019-05-13,22.8,5,0,0,0,2019,13.9,5,13,133,TRUE,TRUE,FALSE,71,36,34
USW00023062,39.7633,-104.8694,DENVER-STAPLETON                       72469,1611,CO,2019-05-14,26.1,7.2,0,0,0,2019,16.650000000000002,5,14,134,TRUE,TRUE,FALSE,72,37,34
USW00023062,39.7633,-104.8694,DENVER-STAPLETON                       72469,1611,CO,2019-05-15,26.7,10,0,0,0,2019,18.35,5,15,135,TRUE,TRUE,FALSE,73,38,34
USW00023062,39.7633,-104.8694,DENVER-STAPLETON                       72469,1611,CO,2019-05-16,28.9,10,0,0,0,2019,19.45,5,16,136,TRUE,TRUE,FALSE,74,39,34
USW00023062,39.7633,-104.8694,DENVER-STAPLETON                       72469,1611,CO,2019-05-17,26.7,11.7,0,0,0,2019,19.2,5,17,137,TRUE,TRUE,FALSE,75,40,34
USW00023062,39.7633,-104.8694,DENVER-STAPLETON                       72469,1611,CO,2019-05-18,22.2,4.4,18,0,0,2019,13.3,5,18,138,TRUE,TRUE,TRUE,76,41,35
USW00023062,39.7633,-104.8694,DENVER-STAPLETON                       72469,1611,CO,2019-05-19,16.1,3.3,5,0,0,2019,9.700000000000001,5,19,139,TRUE,TRUE,TRUE,77,42,36
USW00023062,39.7633,-104.8694,DENVER-STAPLETON                       72469,1611,CO,2019-05-20,14.4,2.2,5,0,0,2019,8.3,5,20,140,TRUE,TRUE,TRUE,78,43,37
USW00023062,39.7633,-104.8694,DENVER-STAPLETON                       72469,1611,CO,2019-05-21,5,-0.6,234,71,51,2019,2.2,5,21,141,FALSE,FALSE,TRUE,78,43,38
USW00023062,39.7633,-104.8694,DENVER-STAPLETON                       72469,1611,CO,2019-05-22,5,-0.6,3,0,0,2019,2.2,5,22,142,FALSE,FALSE,TRUE,78,43,39
USW00023062,39.7633,-104.8694,DENVER-STAPLETON                       72469,1611,CO,2019-05-23,10,0.6,5,0,0,2019,5.3,5,23,143,TRUE,TRUE,TRUE,79,44,40
USW00023062,39.7633,-104.8694,DENVER-STAPLETON                       72469,1611,CO,2019-05-24,8.3,2.8,0,0,0,2019,5.550000000000001,5,24,144,FALSE,TRUE,FALSE,79,45,40
USW00023062,39.7633,-104.8694,DENVER-STAPLETON                       72469,1611,CO,2019-05-25,22.2,3.9,0,0,0,2019,13.049999999999999,5,25,145,TRUE,TRUE,FALSE,80,46,40
USW00023062,39.7633,-104.8694,DENVER-STAPLETON                       72469,1611,CO,2019-05-26,24.4,6.1,0,0,0,2019,15.25,5,26,146,TRUE,TRUE,FALSE,81,47,40
USW00023062,39.7633,-104.8694,DENVER-STAPLETON                       72469,1611,CO,2019-05-27,23.3,8.3,170,0,0,2019,15.8,5,27,147,TRUE,TRUE,TRUE,82,48,41
USW00023062,39.7633,-104.8694,DENVER-STAPLETON                       72469,1611,CO,2019-05-28,22.2,6.1,114,0,0,2019,14.149999999999999,5,28,148,TRUE,TRUE,TRUE,83,49,42
USW00023062,39.7633,-104.8694,DENVER-STAPLETON                       72469,1611,CO,2019-05-29,15.6,5.6,28,0,0,2019,10.6,5,29,149,TRUE,TRUE,TRUE,84,50,43
USW00023062,39.7633,-104.8694,DENVER-STAPLETON                       72469,1611,CO,2019-05-30,15,5.6,0,0,0,2019,10.3,5,30,150,TRUE,TRUE,FALSE,85,51,43
USW00023062,39.7633,-104.8694,DENVER-STAPLETON                       72469,1611,CO,2019-05-31,20,5.6,0,0,0,2019,12.8,5,31,151,TRUE,TRUE,FALSE,86,52,43
USW00023062,39.7633,-104.8694,DENVER-STAPLETON                       72469,1611,CO,2019-06-01,25,8.9,0,0,0,2019,16.95,6,1,152,TRUE,TRUE,FALSE,87,53,43
USW00023062,39.7633,-104.8694,DENVER-STAPLETON                       72469,1611,CO,2019-06-02,23.9,8.9,5,0,0,2019,16.4,6,2,153,TRUE,TRUE,TRUE,88,54,44
USW00023062,39.7633,-104.8694,DENVER-STAPLETON                       72469,1611,CO,2019-06-03,27.8,9.4,3,0,0,2019,18.6,6,3,154,TRUE,TRUE,TRUE,89,55,45
USW00023062,39.7633,-104.8694,DENVER-STAPLETON                       72469,1611,CO,2019-06-04,26.7,10.6,15,0,0,2019,18.65,6,4,155,TRUE,TRUE,TRUE,90,56,46
USW00023062,39.7633,-104.8694,DENVER-STAPLETON                       72469,1611,CO,2019-06-05,25.6,10,0,0,0,2019,17.8,6,5,156,TRUE,TRUE,FALSE,91,57,46
USW00023062,39.7633,-104.8694,DENVER-STAPLETON                       72469,1611,CO,2019-06-06,25.6,10,0,0,0,2019,17.8,6,6,157,TRUE,TRUE,FALSE,92,58,46
USW00023062,39.7633,-104.8694,DENVER-STAPLETON                       72469,1611,CO,2019-06-07,27.8,11.7,0,0,0,2019,19.75,6,7,158,TRUE,TRUE,FALSE,93,59,46
USW00023062,39.7633,-104.8694,DENVER-STAPLETON                       72469,1611,CO,2019-06-08,29.4,12.8,13,0,0,2019,21.1,6,8,159,TRUE,TRUE,TRUE,94,60,47
USW00023062,39.7633,-104.8694,DENVER-STAPLETON                       72469,1611,CO,2019-06-09,26.7,7.2,3,0,0,2019,16.95,6,9,160,TRUE,TRUE,TRUE,95,61,48
USW00023062,39.7633,-104.8694,DENVER-STAPLETON                       72469,1611,CO,2019-06-10,17.2,6.1,0,0,0,2019,11.649999999999999,6,10,161,TRUE,TRUE,FALSE,96,62,48
USW00023062,39.7633,-104.8694,DENVER-STAPLETON                       72469,1611,CO,2019-06-11,27.2,7.8,0,0,0,2019,17.5,6,11,162,TRUE,TRUE,FALSE,97,63,48
USW00023062,39.7633,-104.8694,DENVER-STAPLETON                       72469,1611,CO,2019-06-12,26.1,10,0,0,0,2019,18.05,6,12,163,TRUE,TRUE,FALSE,98,64,48
USW00023062,39.7633,-104.8694,DENVER-STAPLETON                       72469,1611,CO,2019-06-13,23.3,11.1,0,0,0,2019,17.2,6,13,164,TRUE,TRUE,FALSE,99,65,48
USW00023062,39.7633,-104.8694,DENVER-STAPLETON                       72469,1611,CO,2019-06-14,30.6,11.7,0,0,0,2019,21.15,6,14,165,TRUE,TRUE,FALSE,100,66,48
USW00023062,39.7633,-104.8694,DENVER-STAPLETON                       72469,1611,CO,2019-06-15,29.4,12.2,5,0,0,2019,20.799999999999997,6,15,166,TRUE,TRUE,TRUE,101,67,49
USW00023062,39.7633,-104.8694,DENVER-STAPLETON                       72469,1611,CO,2019-06-16,26.1,11.7,0,0,0,2019,18.9,6,16,167,TRUE,TRUE,FALSE,102,68,49
USW00023062,39.7633,-104.8694,DENVER-STAPLETON                       72469,1611,CO,2019-06-17,28.3,12.2,15,0,0,2019,20.25,6,17,168,TRUE,TRUE,TRUE,103,69,50
USW00023062,39.7633,-104.8694,DENVER-STAPLETON                       72469,1611,CO,2019-06-18,22.8,12.2,20,0,0,2019,17.5,6,18,169,TRUE,TRUE,TRUE,104,70,51
USW00023062,39.7633,-104.8694,DENVER-STAPLETON                       72469,1611,CO,2019-06-19,22.2,11.1,0,0,0,2019,16.65,6,19,170,TRUE,TRUE,FALSE,105,71,51
USW00023062,39.7633,-104.8694,DENVER-STAPLETON                       72469,1611,CO,2019-06-20,29.4,12.2,0,0,0,2019,20.799999999999997,6,20,171,TRUE,TRUE,FALSE,106,72,51
USW00023062,39.7633,-104.8694,DENVER-STAPLETON                       72469,1611,CO,2019-06-21,30,11.7,0,0,0,2019,20.85,6,21,172,TRUE,TRUE,FALSE,107,73,51
USW00023062,39.7633,-104.8694,DENVER-STAPLETON                       72469,1611,CO,2019-06-22,21.1,7.8,20,0,0,2019,14.450000000000001,6,22,173,TRUE,TRUE,TRUE,108,74,52
USW00023062,39.7633,-104.8694,DENVER-STAPLETON                       72469,1611,CO,2019-06-23,17.8,6.7,66,0,0,2019,12.25,6,23,174,TRUE,TRUE,TRUE,109,75,53
USW00023062,39.7633,-104.8694,DENVER-STAPLETON                       72469,1611,CO,2019-06-24,17.8,7.2,0,0,0,2019,12.5,6,24,175,TRUE,TRUE,FALSE,110,76,53
USW00023062,39.7633,-104.8694,DENVER-STAPLETON                       72469,1611,CO,2019-06-25,27.8,8.9,0,0,0,2019,18.35,6,25,176,TRUE,TRUE,FALSE,111,77,53
USW00023062,39.7633,-104.8694,DENVER-STAPLETON                       72469,1611,CO,2019-06-26,28.9,11.1,0,0,0,2019,20,6,26,177,TRUE,TRUE,FALSE,112,78,53
USW00023062,39.7633,-104.8694,DENVER-STAPLETON                       72469,1611,CO,2019-06-27,33.3,12.2,0,0,0,2019,22.75,6,27,178,TRUE,TRUE,FALSE,113,79,53
USW00023062,39.7633,-104.8694,DENVER-STAPLETON                       72469,1611,CO,2019-06-28,35,14.4,0,0,0,2019,24.7,6,28,179,TRUE,TRUE,FALSE,114,80,53
USW00023062,39.7633,-104.8694,DENVER-STAPLETON                       72469,1611,CO,2019-06-29,36.7,15,0,0,0,2019,25.85,6,29,180,TRUE,TRUE,FALSE,115,81,53
USW00023062,39.7633,-104.8694,DENVER-STAPLETON                       72469,1611,CO,2019-06-30,35,16.1,0,0,0,2019,25.55,6,30,181,TRUE,TRUE,FALSE,116,82,53
USW00023062,39.7633,-104.8694,DENVER-STAPLETON                       72469,1611,CO,2019-07-01,34.4,15,10,0,0,2019,24.7,7,1,182,TRUE,TRUE,TRUE,117,83,54
USW00023062,39.7633,-104.8694,DENVER-STAPLETON                       72469,1611,CO,2019-07-02,30.6,13.9,10,0,0,2019,22.25,7,2,183,TRUE,TRUE,TRUE,118,84,55
USW00023062,39.7633,-104.8694,DENVER-STAPLETON                       72469,1611,CO,2019-07-03,30,14.4,25,0,0,2019,22.2,7,3,184,TRUE,TRUE,TRUE,119,85,56
USW00023062,39.7633,-104.8694,DENVER-STAPLETON                       72469,1611,CO,2019-07-04,34.4,15,0,0,0,2019,24.7,7,4,185,TRUE,TRUE,FALSE,120,86,56
USW00023062,39.7633,-104.8694,DENVER-STAPLETON                       72469,1611,CO,2019-07-05,30.6,15,79,0,0,2019,22.8,7,5,186,TRUE,TRUE,TRUE,121,87,57
USW00023062,39.7633,-104.8694,DENVER-STAPLETON                       72469,1611,CO,2019-07-06,26.7,14.4,10,0,0,2019,20.55,7,6,187,TRUE,TRUE,TRUE,122,88,58
USW00023062,39.7633,-104.8694,DENVER-STAPLETON                       72469,1611,CO,2019-07-07,28.9,14.4,0,0,0,2019,21.65,7,7,188,TRUE,TRUE,FALSE,123,89,58
USW00023062,39.7633,-104.8694,DENVER-STAPLETON                       72469,1611,CO,2019-07-08,31.7,14.4,13,0,0,2019,23.05,7,8,189,TRUE,TRUE,TRUE,124,90,59
USW00023062,39.7633,-104.8694,DENVER-STAPLETON                       72469,1611,CO,2019-07-09,28.9,12.8,0,0,0,2019,20.85,7,9,190,TRUE,TRUE,FALSE,125,91,59
USW00023062,39.7633,-104.8694,DENVER-STAPLETON                       72469,1611,CO,2019-07-10,32.8,13.3,0,0,0,2019,23.049999999999997,7,10,191,TRUE,TRUE,FALSE,126,92,59
USW00023062,39.7633,-104.8694,DENVER-STAPLETON                       72469,1611,CO,2019-07-11,31.7,15,0,0,0,2019,23.35,7,11,192,TRUE,TRUE,FALSE,127,93,59
USW00023062,39.7633,-104.8694,DENVER-STAPLETON                       72469,1611,CO,2019-07-12,35.6,18.9,23,0,0,2019,27.25,7,12,193,TRUE,TRUE,TRUE,128,94,60
USW00023062,39.7633,-104.8694,DENVER-STAPLETON                       72469,1611,CO,2019-07-13,34.4,17.2,0,0,0,2019,25.799999999999997,7,13,194,TRUE,TRUE,FALSE,129,95,60
USW00023062,39.7633,-104.8694,DENVER-STAPLETON                       72469,1611,CO,2019-07-14,36.1,17.2,25,0,0,2019,26.65,7,14,195,TRUE,TRUE,TRUE,130,96,61
USW00023062,39.7633,-104.8694,DENVER-STAPLETON                       72469,1611,CO,2019-07-15,32.8,16.7,0,0,0,2019,24.75,7,15,196,TRUE,TRUE,FALSE,131,97,61
USW00023062,39.7633,-104.8694,DENVER-STAPLETON                       72469,1611,CO,2019-07-16,33.9,15.6,0,0,0,2019,24.75,7,16,197,TRUE,TRUE,FALSE,132,98,61
USW00023062,39.7633,-104.8694,DENVER-STAPLETON                       72469,1611,CO,2019-07-17,35.6,15.6,0,0,0,2019,25.6,7,17,198,TRUE,TRUE,FALSE,133,99,61
USW00023062,39.7633,-104.8694,DENVER-STAPLETON                       72469,1611,CO,2019-07-18,36.1,16.7,0,0,0,2019,26.4,7,18,199,TRUE,TRUE,FALSE,134,100,61
USW00023062,39.7633,-104.8694,DENVER-STAPLETON                       72469,1611,CO,2019-07-19,37.2,16.7,0,0,0,2019,26.950000000000003,7,19,200,TRUE,TRUE,FALSE,135,101,61
USW00023062,39.7633,-104.8694,DENVER-STAPLETON                       72469,1611,CO,2019-07-20,37.8,18.9,0,0,0,2019,28.349999999999998,7,20,201,TRUE,TRUE,FALSE,136,102,61
USW00023062,39.7633,-104.8694,DENVER-STAPLETON                       72469,1611,CO,2019-07-21,30.6,15,25,0,0,2019,22.8,7,21,202,TRUE,TRUE,TRUE,137,103,62
USW00023062,39.7633,-104.8694,DENVER-STAPLETON                       72469,1611,CO,2019-07-22,30,15,0,0,0,2019,22.5,7,22,203,TRUE,TRUE,FALSE,138,104,62
USW00023062,39.7633,-104.8694,DENVER-STAPLETON                       72469,1611,CO,2019-07-23,31.1,15.6,0,0,0,2019,23.35,7,23,204,TRUE,TRUE,FALSE,139,105,62
USW00023062,39.7633,-104.8694,DENVER-STAPLETON                       72469,1611,CO,2019-07-24,32.8,15.6,0,0,0,2019,24.2,7,24,205,TRUE,TRUE,FALSE,140,106,62
USW00023062,39.7633,-104.8694,DENVER-STAPLETON                       72469,1611,CO,2019-07-25,36.7,17.8,3,0,0,2019,27.25,7,25,206,TRUE,TRUE,TRUE,141,107,63
USW00023062,39.7633,-104.8694,DENVER-STAPLETON                       72469,1611,CO,2019-07-26,32.2,16.7,3,0,0,2019,24.450000000000003,7,26,207,TRUE,TRUE,TRUE,142,108,64
USW00023062,39.7633,-104.8694,DENVER-STAPLETON                       72469,1611,CO,2019-07-27,34.4,16.7,0,0,0,2019,25.549999999999997,7,27,208,TRUE,TRUE,FALSE,143,109,64
USW00023062,39.7633,-104.8694,DENVER-STAPLETON                       72469,1611,CO,2019-07-28,31.7,17.8,0,0,0,2019,24.75,7,28,209,TRUE,TRUE,FALSE,144,110,64
USW00023062,39.7633,-104.8694,DENVER-STAPLETON                       72469,1611,CO,2019-07-29,32.8,16.1,0,0,0,2019,24.45,7,29,210,TRUE,TRUE,FALSE,145,111,64
USW00023062,39.7633,-104.8694,DENVER-STAPLETON                       72469,1611,CO,2019-07-30,35,16.1,0,0,0,2019,25.55,7,30,211,TRUE,TRUE,FALSE,146,112,64
USW00023062,39.7633,-104.8694,DENVER-STAPLETON                       72469,1611,CO,2019-07-31,37.2,16.7,8,0,0,2019,26.950000000000003,7,31,212,TRUE,TRUE,TRUE,147,113,65
USW00023062,39.7633,-104.8694,DENVER-STAPLETON                       72469,1611,CO,2019-08-01,33.9,17.8,10,0,0,2019,25.85,8,1,213,TRUE,TRUE,TRUE,148,114,66
USW00023062,39.7633,-104.8694,DENVER-STAPLETON                       72469,1611,CO,2019-08-02,30,16.7,8,0,0,2019,23.35,8,2,214,TRUE,TRUE,TRUE,149,115,67
USW00023062,39.7633,-104.8694,DENVER-STAPLETON                       72469,1611,CO,2019-08-03,31.7,16.7,0,0,0,2019,24.2,8,3,215,TRUE,TRUE,FALSE,150,116,67
USW00023062,39.7633,-104.8694,DENVER-STAPLETON                       72469,1611,CO,2019-08-04,35.6,17.8,0,0,0,2019,26.700000000000003,8,4,216,TRUE,TRUE,FALSE,151,117,67
USW00023062,39.7633,-104.8694,DENVER-STAPLETON                       72469,1611,CO,2019-08-05,35.6,18.3,0,0,0,2019,26.950000000000003,8,5,217,TRUE,TRUE,FALSE,152,118,67
USW00023062,39.7633,-104.8694,DENVER-STAPLETON                       72469,1611,CO,2019-08-06,32.8,16.7,0,0,0,2019,24.75,8,6,218,TRUE,TRUE,FALSE,153,119,67
USW00023062,39.7633,-104.8694,DENVER-STAPLETON                       72469,1611,CO,2019-08-07,36.1,16.7,0,0,0,2019,26.4,8,7,219,TRUE,TRUE,FALSE,154,120,67
USW00023062,39.7633,-104.8694,DENVER-STAPLETON                       72469,1611,CO,2019-08-08,32.2,17.8,23,0,0,2019,25,8,8,220,TRUE,TRUE,TRUE,155,121,68
USW00023062,39.7633,-104.8694,DENVER-STAPLETON                       72469,1611,CO,2019-08-09,28.9,18.3,0,0,0,2019,23.6,8,9,221,TRUE,TRUE,FALSE,156,122,68
USW00023062,39.7633,-104.8694,DENVER-STAPLETON                       72469,1611,CO,2019-08-10,35,18.9,0,0,0,2019,26.95,8,10,222,TRUE,TRUE,FALSE,157,123,68
USW00023062,39.7633,-104.8694,DENVER-STAPLETON                       72469,1611,CO,2019-08-11,28.9,18.9,0,0,0,2019,23.9,8,11,223,TRUE,TRUE,FALSE,158,124,68
USW00023062,39.7633,-104.8694,DENVER-STAPLETON                       72469,1611,CO,2019-08-12,30,14.4,5,0,0,2019,22.2,8,12,224,TRUE,TRUE,TRUE,159,125,69
USW00023062,39.7633,-104.8694,DENVER-STAPLETON                       72469,1611,CO,2019-08-13,32.2,15.6,0,0,0,2019,23.900000000000002,8,13,225,TRUE,TRUE,FALSE,160,126,69
USW00023062,39.7633,-104.8694,DENVER-STAPLETON                       72469,1611,CO,2019-08-14,32.2,15,0,0,0,2019,23.6,8,14,226,TRUE,TRUE,FALSE,161,127,69
USW00023062,39.7633,-104.8694,DENVER-STAPLETON                       72469,1611,CO,2019-08-15,33.3,15,0,0,0,2019,24.15,8,15,227,TRUE,TRUE,FALSE,162,128,69
USW00023062,39.7633,-104.8694,DENVER-STAPLETON                       72469,1611,CO,2019-08-16,35.6,15,0,0,0,2019,25.3,8,16,228,TRUE,TRUE,FALSE,163,129,69
USW00023062,39.7633,-104.8694,DENVER-STAPLETON                       72469,1611,CO,2019-08-17,31.7,15,0,0,0,2019,23.35,8,17,229,TRUE,TRUE,FALSE,164,130,69
USW00023062,39.7633,-104.8694,DENVER-STAPLETON                       72469,1611,CO,2019-08-18,33.3,13.3,0,0,0,2019,23.299999999999997,8,18,230,TRUE,TRUE,FALSE,165,131,69
USW00023062,39.7633,-104.8694,DENVER-STAPLETON                       72469,1611,CO,2019-08-19,34.4,13.3,0,0,0,2019,23.85,8,19,231,TRUE,TRUE,FALSE,166,132,69
USW00023062,39.7633,-104.8694,DENVER-STAPLETON                       72469,1611,CO,2019-08-20,36.7,16.1,0,0,0,2019,26.400000000000002,8,20,232,TRUE,TRUE,FALSE,167,133,69
USW00023062,39.7633,-104.8694,DENVER-STAPLETON                       72469,1611,CO,2019-08-21,36.7,17.2,0,0,0,2019,26.950000000000003,8,21,233,TRUE,TRUE,FALSE,168,134,69
USW00023062,39.7633,-104.8694,DENVER-STAPLETON                       72469,1611,CO,2019-08-22,27.8,13.9,218,0,0,2019,20.85,8,22,234,TRUE,TRUE,TRUE,169,135,70
USW00023062,39.7633,-104.8694,DENVER-STAPLETON                       72469,1611,CO,2019-08-23,31.1,14.4,0,0,0,2019,22.75,8,23,235,TRUE,TRUE,FALSE,170,136,70
USW00023062,39.7633,-104.8694,DENVER-STAPLETON                       72469,1611,CO,2019-08-24,31.7,13.9,0,0,0,2019,22.8,8,24,236,TRUE,TRUE,FALSE,171,137,70
USW00023062,39.7633,-104.8694,DENVER-STAPLETON                       72469,1611,CO,2019-08-25,30,13.3,0,0,0,2019,21.65,8,25,237,TRUE,TRUE,FALSE,172,138,70
USW00023062,39.7633,-104.8694,DENVER-STAPLETON                       72469,1611,CO,2019-08-26,35.6,15,0,0,0,2019,25.3,8,26,238,TRUE,TRUE,FALSE,173,139,70
USW00023062,39.7633,-104.8694,DENVER-STAPLETON                       72469,1611,CO,2019-08-27,26.1,14.4,0,0,0,2019,20.25,8,27,239,TRUE,TRUE,FALSE,174,140,70
USW00023062,39.7633,-104.8694,DENVER-STAPLETON                       72469,1611,CO,2019-08-28,25,12.8,0,0,0,2019,18.9,8,28,240,TRUE,TRUE,FALSE,175,141,70
USW00023062,39.7633,-104.8694,DENVER-STAPLETON                       72469,1611,CO,2019-08-29,33.3,12.2,0,0,0,2019,22.75,8,29,241,TRUE,TRUE,FALSE,176,142,70
USW00023062,39.7633,-104.8694,DENVER-STAPLETON                       72469,1611,CO,2019-08-30,32.8,15.6,0,0,0,2019,24.2,8,30,242,TRUE,TRUE,FALSE,177,143,70
USW00023062,39.7633,-104.8694,DENVER-STAPLETON                       72469,1611,CO,2019-08-31,30,15,10,0,0,2019,22.5,8,31,243,TRUE,TRUE,TRUE,178,144,71
USW00023062,39.7633,-104.8694,DENVER-STAPLETON                       72469,1611,CO,2019-09-01,32.8,15.6,0,0,0,2019,24.2,9,1,244,TRUE,TRUE,FALSE,179,145,71
USW00023062,39.7633,-104.8694,DENVER-STAPLETON                       72469,1611,CO,2019-09-02,36.1,15,0,0,0,2019,25.55,9,2,245,TRUE,TRUE,FALSE,180,146,71
USW00023062,39.7633,-104.8694,DENVER-STAPLETON                       72469,1611,CO,2019-09-03,36.7,16.1,0,0,0,2019,26.400000000000002,9,3,246,TRUE,TRUE,FALSE,181,147,71
USW00023062,39.7633,-104.8694,DENVER-STAPLETON                       72469,1611,CO,2019-09-04,27.2,16.7,0,0,0,2019,21.95,9,4,247,TRUE,TRUE,FALSE,182,148,71
USW00023062,39.7633,-104.8694,DENVER-STAPLETON                       72469,1611,CO,2019-09-05,31.7,16.1,0,0,0,2019,23.9,9,5,248,TRUE,TRUE,FALSE,183,149,71
USW00023062,39.7633,-104.8694,DENVER-STAPLETON                       72469,1611,CO,2019-09-06,35.6,18.3,0,0,0,2019,26.950000000000003,9,6,249,TRUE,TRUE,FALSE,184,150,71
USW00023062,39.7633,-104.8694,DENVER-STAPLETON                       72469,1611,CO,2019-09-07,29.4,16.1,5,0,0,2019,22.75,9,7,250,TRUE,TRUE,TRUE,185,151,72
USW00023062,39.7633,-104.8694,DENVER-STAPLETON                       72469,1611,CO,2019-09-08,31.7,13.9,0,0,0,2019,22.8,9,8,251,TRUE,TRUE,FALSE,186,152,72
USW00023062,39.7633,-104.8694,DENVER-STAPLETON                       72469,1611,CO,2019-09-09,25,12.2,81,0,0,2019,18.6,9,9,252,TRUE,TRUE,TRUE,187,153,73
USW00023062,39.7633,-104.8694,DENVER-STAPLETON                       72469,1611,CO,2019-09-10,27.8,12.2,0,0,0,2019,20,9,10,253,TRUE,TRUE,FALSE,188,154,73
USW00023062,39.7633,-104.8694,DENVER-STAPLETON                       72469,1611,CO,2019-09-11,31.7,12.8,0,0,0,2019,22.25,9,11,254,TRUE,TRUE,FALSE,189,155,73
USW00023062,39.7633,-104.8694,DENVER-STAPLETON                       72469,1611,CO,2019-09-12,26.7,10.6,18,0,0,2019,18.65,9,12,255,TRUE,TRUE,TRUE,190,156,74
USW00023062,39.7633,-104.8694,DENVER-STAPLETON                       72469,1611,CO,2019-09-13,24.4,10,0,0,0,2019,17.2,9,13,256,TRUE,TRUE,FALSE,191,157,74
USW00023062,39.7633,-104.8694,DENVER-STAPLETON                       72469,1611,CO,2019-09-14,26.7,9.4,0,0,0,2019,18.05,9,14,257,TRUE,TRUE,FALSE,192,158,74
USW00023062,39.7633,-104.8694,DENVER-STAPLETON                       72469,1611,CO,2019-09-15,31.1,11.1,0,0,0,2019,21.1,9,15,258,TRUE,TRUE,FALSE,193,159,74
USW00023062,39.7633,-104.8694,DENVER-STAPLETON                       72469,1611,CO,2019-09-16,32.2,11.1,0,0,0,2019,21.650000000000002,9,16,259,TRUE,TRUE,FALSE,194,160,74
USW00023062,39.7633,-104.8694,DENVER-STAPLETON                       72469,1611,CO,2019-09-17,31.1,16.1,0,0,0,2019,23.6,9,17,260,TRUE,TRUE,FALSE,195,161,74
USW00023062,39.7633,-104.8694,DENVER-STAPLETON                       72469,1611,CO,2019-09-18,31.7,11.7,0,0,0,2019,21.7,9,18,261,TRUE,TRUE,FALSE,196,162,74
USW00023062,39.7633,-104.8694,DENVER-STAPLETON                       72469,1611,CO,2019-09-19,28.9,10,0,0,0,2019,19.45,9,19,262,TRUE,TRUE,FALSE,197,163,74
USW00023062,39.7633,-104.8694,DENVER-STAPLETON                       72469,1611,CO,2019-09-20,30.6,9.4,0,0,0,2019,20,9,20,263,TRUE,TRUE,FALSE,198,164,74
USW00023062,39.7633,-104.8694,DENVER-STAPLETON                       72469,1611,CO,2019-09-21,30.6,12.8,0,0,0,2019,21.700000000000003,9,21,264,TRUE,TRUE,FALSE,199,165,74
USW00023062,39.7633,-104.8694,DENVER-STAPLETON                       72469,1611,CO,2019-09-22,26.7,7.8,3,0,0,2019,17.25,9,22,265,TRUE,TRUE,TRUE,200,166,75
USW00023062,39.7633,-104.8694,DENVER-STAPLETON                       72469,1611,CO,2019-09-23,24.4,6.7,0,0,0,2019,15.549999999999999,9,23,266,TRUE,TRUE,FALSE,201,167,75
USW00023062,39.7633,-104.8694,DENVER-STAPLETON                       72469,1611,CO,2019-09-24,27.2,7.2,0,0,0,2019,17.2,9,24,267,TRUE,TRUE,FALSE,202,168,75
USW00023062,39.7633,-104.8694,DENVER-STAPLETON                       72469,1611,CO,2019-09-25,30,8.3,0,0,0,2019,19.15,9,25,268,TRUE,TRUE,FALSE,203,169,75
USW00023062,39.7633,-104.8694,DENVER-STAPLETON                       72469,1611,CO,2019-09-26,27.8,7.8,0,0,0,2019,17.8,9,26,269,TRUE,TRUE,FALSE,204,170,75
USW00023062,39.7633,-104.8694,DENVER-STAPLETON                       72469,1611,CO,2019-09-27,30.6,7.2,0,0,0,2019,18.900000000000002,9,27,270,TRUE,TRUE,FALSE,205,171,75
USW00023062,39.7633,-104.8694,DENVER-STAPLETON                       72469,1611,CO,2019-09-28,27.2,8.3,0,0,0,2019,17.75,9,28,271,TRUE,TRUE,FALSE,206,172,75
USW00023062,39.7633,-104.8694,DENVER-STAPLETON                       72469,1611,CO,2019-09-29,25.6,8.9,0,0,0,2019,17.25,9,29,272,TRUE,TRUE,FALSE,207,173,75
USW00023062,39.7633,-104.8694,DENVER-STAPLETON                       72469,1611,CO,2019-09-30,31.7,8.9,0,0,0,2019,20.3,9,30,273,TRUE,TRUE,FALSE,208,174,75
USW00023062,39.7633,-104.8694,DENVER-STAPLETON                       72469,1611,CO,2019-10-01,22.8,10.6,0,0,0,2019,16.7,10,1,274,TRUE,TRUE,FALSE,209,175,75
USW00023062,39.7633,-104.8694,DENVER-STAPLETON                       72469,1611,CO,2019-10-02,11.7,5.6,10,0,0,2019,8.649999999999999,10,2,275,TRUE,TRUE,TRUE,210,176,76
USW00023062,39.7633,-104.8694,DENVER-STAPLETON                       72469,1611,CO,2019-10-03,17.8,5,0,0,0,2019,11.4,10,3,276,TRUE,TRUE,FALSE,211,177,76
USW00023062,39.7633,-104.8694,DENVER-STAPLETON                       72469,1611,CO,2019-10-04,20.6,4.4,0,0,0,2019,12.5,10,4,277,TRUE,TRUE,FALSE,212,178,76
USW00023062,39.7633,-104.8694,DENVER-STAPLETON                       72469,1611,CO,2019-10-05,22.8,3.9,0,0,0,2019,13.35,10,5,278,TRUE,TRUE,FALSE,213,179,76
USW00023062,39.7633,-104.8694,DENVER-STAPLETON                       72469,1611,CO,2019-10-06,20,5.6,0,0,0,2019,12.8,10,6,279,TRUE,TRUE,FALSE,214,180,76
USW00023062,39.7633,-104.8694,DENVER-STAPLETON                       72469,1611,CO,2019-10-07,16.7,0.6,0,0,0,2019,8.65,10,7,280,TRUE,TRUE,FALSE,215,181,76
USW00023062,39.7633,-104.8694,DENVER-STAPLETON                       72469,1611,CO,2019-10-08,26.1,0.6,0,0,0,2019,13.350000000000001,10,8,281,TRUE,TRUE,FALSE,216,182,76
USW00023062,39.7633,-104.8694,DENVER-STAPLETON                       72469,1611,CO,2019-10-09,26.1,6.7,0,0,0,2019,16.400000000000002,10,9,282,TRUE,TRUE,FALSE,217,183,76
USW00023062,39.7633,-104.8694,DENVER-STAPLETON                       72469,1611,CO,2019-10-10,27.2,-5,3,0,0,2019,11.1,10,10,283,TRUE,FALSE,TRUE,218,183,77
USW00023062,39.7633,-104.8694,DENVER-STAPLETON                       72469,1611,CO,2019-10-11,-3.9,-10,51,81,51,2019,-6.95,10,11,284,FALSE,FALSE,TRUE,218,183,78
USW00023062,39.7633,-104.8694,DENVER-STAPLETON                       72469,1611,CO,2019-10-12,11.1,-9.4,0,0,0,2019,0.8499999999999996,10,12,285,TRUE,FALSE,FALSE,219,183,78
USW00023062,39.7633,-104.8694,DENVER-STAPLETON                       72469,1611,CO,2019-10-13,19.4,-3.3,0,0,0,2019,8.049999999999999,10,13,286,TRUE,FALSE,FALSE,220,183,78
USW00023062,39.7633,-104.8694,DENVER-STAPLETON                       72469,1611,CO,2019-10-14,22.2,-1.1,0,0,0,2019,10.549999999999999,10,14,287,TRUE,FALSE,FALSE,221,183,78
USW00023062,39.7633,-104.8694,DENVER-STAPLETON                       72469,1611,CO,2019-10-15,23.3,1.7,0,0,0,2019,12.5,10,15,288,TRUE,TRUE,FALSE,222,184,78
USW00023062,39.7633,-104.8694,DENVER-STAPLETON                       72469,1611,CO,2019-10-16,15.6,1.1,0,0,0,2019,8.35,10,16,289,TRUE,TRUE,FALSE,223,185,78
USW00023062,39.7633,-104.8694,DENVER-STAPLETON                       72469,1611,CO,2019-10-17,26.1,1.7,0,0,0,2019,13.9,10,17,290,TRUE,TRUE,FALSE,224,186,78
USW00023062,39.7633,-104.8694,DENVER-STAPLETON                       72469,1611,CO,2019-10-18,26.1,5,0,0,0,2019,15.55,10,18,291,TRUE,TRUE,FALSE,225,187,78
USW00023062,39.7633,-104.8694,DENVER-STAPLETON                       72469,1611,CO,2019-10-19,17.8,0.6,0,0,0,2019,9.200000000000001,10,19,292,TRUE,TRUE,FALSE,226,188,78
USW00023062,39.7633,-104.8694,DENVER-STAPLETON                       72469,1611,CO,2019-10-20,17.2,1.1,0,0,0,2019,9.15,10,20,293,TRUE,TRUE,FALSE,227,189,78
USW00023062,39.7633,-104.8694,DENVER-STAPLETON                       72469,1611,CO,2019-10-21,10,-1.7,0,0,0,2019,4.15,10,21,294,TRUE,FALSE,FALSE,228,189,78
USW00023062,39.7633,-104.8694,DENVER-STAPLETON                       72469,1611,CO,2019-10-22,12.2,-1.7,0,0,0,2019,5.25,10,22,295,TRUE,FALSE,FALSE,229,189,78
USW00023062,39.7633,-104.8694,DENVER-STAPLETON                       72469,1611,CO,2019-10-23,17.8,-0.6,0,0,0,2019,8.6,10,23,296,TRUE,FALSE,FALSE,230,189,78
USW00023062,39.7633,-104.8694,DENVER-STAPLETON                       72469,1611,CO,2019-10-24,11.7,-1.7,64,46,25,2019,5,10,24,297,TRUE,FALSE,TRUE,231,189,79
USW00023062,39.7633,-104.8694,DENVER-STAPLETON                       72469,1611,CO,2019-10-25,5.6,-1.1,0,0,0,2019,2.25,10,25,298,FALSE,FALSE,FALSE,231,189,79
USW00023062,39.7633,-104.8694,DENVER-STAPLETON                       72469,1611,CO,2019-10-26,17.2,-0.6,0,0,0,2019,8.299999999999999,10,26,299,TRUE,FALSE,FALSE,232,189,79
USW00023062,39.7633,-104.8694,DENVER-STAPLETON                       72469,1611,CO,2019-10-27,22.8,-3.9,0,0,0,2019,9.450000000000001,10,27,300,TRUE,FALSE,FALSE,233,189,79
USW00023062,39.7633,-104.8694,DENVER-STAPLETON                       72469,1611,CO,2019-10-28,-3.3,-8.9,74,163,127,2019,-6.1,10,28,301,FALSE,FALSE,TRUE,233,189,80
USW00023062,39.7633,-104.8694,DENVER-STAPLETON                       72469,1611,CO,2019-10-29,-1.7,-8.9,10,43,76,2019,-5.3,10,29,302,FALSE,FALSE,TRUE,233,189,81
USW00023062,39.7633,-104.8694,DENVER-STAPLETON                       72469,1611,CO,2019-10-30,-7.2,-14.4,51,66,127,2019,-10.8,10,30,303,FALSE,FALSE,TRUE,233,189,82
USW00023062,39.7633,-104.8694,DENVER-STAPLETON                       72469,1611,CO,2019-10-31,-5,-14.4,0,0,76,2019,-9.7,10,31,304,FALSE,FALSE,FALSE,233,189,82
USW00023062,39.7633,-104.8694,DENVER-STAPLETON                       72469,1611,CO,2019-11-01,5.6,-13.3,0,0,51,2019,-3.8500000000000005,11,1,305,FALSE,FALSE,FALSE,233,189,82
USW00023062,39.7633,-104.8694,DENVER-STAPLETON                       72469,1611,CO,2019-11-02,1.7,-6.7,0,0,51,2019,-2.5,11,2,306,FALSE,FALSE,FALSE,233,189,82
USW00023062,39.7633,-104.8694,DENVER-STAPLETON                       72469,1611,CO,2019-11-03,12.2,-6.1,0,0,25,2019,3.05,11,3,307,TRUE,FALSE,FALSE,234,189,82
USW00023062,39.7633,-104.8694,DENVER-STAPLETON                       72469,1611,CO,2019-11-04,13.9,-2.8,0,0,0,2019,5.550000000000001,11,4,308,TRUE,FALSE,FALSE,235,189,82
USW00023062,39.7633,-104.8694,DENVER-STAPLETON                       72469,1611,CO,2019-11-05,9.4,-2.8,0,0,0,2019,3.3000000000000003,11,5,309,FALSE,FALSE,FALSE,235,189,82
USW00023062,39.7633,-104.8694,DENVER-STAPLETON                       72469,1611,CO,2019-11-06,15.6,-2.2,0,0,0,2019,6.699999999999999,11,6,310,TRUE,FALSE,FALSE,236,189,82
USW00023062,39.7633,-104.8694,DENVER-STAPLETON                       72469,1611,CO,2019-11-07,14.4,-2.2,0,0,0,2019,6.1,11,7,311,TRUE,FALSE,FALSE,237,189,82
USW00023062,39.7633,-104.8694,DENVER-STAPLETON                       72469,1611,CO,2019-11-08,9.4,-3.3,0,0,0,2019,3.0500000000000003,11,8,312,FALSE,FALSE,FALSE,237,189,82
USW00023062,39.7633,-104.8694,DENVER-STAPLETON                       72469,1611,CO,2019-11-09,21.1,-2.2,0,0,0,2019,9.450000000000001,11,9,313,TRUE,FALSE,FALSE,238,189,82
USW00023062,39.7633,-104.8694,DENVER-STAPLETON                       72469,1611,CO,2019-11-10,25.6,0.6,0,0,0,2019,13.100000000000001,11,10,314,TRUE,TRUE,FALSE,239,190,82
USW00023062,39.7633,-104.8694,DENVER-STAPLETON                       72469,1611,CO,2019-11-11,19.4,-10,13,43,25,2019,4.699999999999999,11,11,315,TRUE,FALSE,TRUE,240,190,83
USW00023062,39.7633,-104.8694,DENVER-STAPLETON                       72469,1611,CO,2019-11-12,-2.8,-11.1,0,0,0,2019,-6.949999999999999,11,12,316,FALSE,FALSE,FALSE,240,190,83
USW00023062,39.7633,-104.8694,DENVER-STAPLETON                       72469,1611,CO,2019-11-13,17.8,-4.4,0,0,0,2019,6.7,11,13,317,TRUE,FALSE,FALSE,241,190,83
USW00023062,39.7633,-104.8694,DENVER-STAPLETON                       72469,1611,CO,2019-11-14,13.9,0,0,0,0,2019,6.95,11,14,318,TRUE,FALSE,FALSE,242,190,83
USW00023062,39.7633,-104.8694,DENVER-STAPLETON                       72469,1611,CO,2019-11-15,13.3,-0.6,0,0,0,2019,6.3500000000000005,11,15,319,TRUE,FALSE,FALSE,243,190,83
USW00023062,39.7633,-104.8694,DENVER-STAPLETON                       72469,1611,CO,2019-11-16,21.1,1.1,0,0,0,2019,11.100000000000001,11,16,320,TRUE,TRUE,FALSE,244,191,83
USW00023062,39.7633,-104.8694,DENVER-STAPLETON                       72469,1611,CO,2019-11-17,17.8,-0.6,0,0,0,2019,8.6,11,17,321,TRUE,FALSE,FALSE,245,191,83
USW00023062,39.7633,-104.8694,DENVER-STAPLETON                       72469,1611,CO,2019-11-18,17.8,-0.6,0,0,0,2019,8.6,11,18,322,TRUE,FALSE,FALSE,246,191,83
USW00023062,39.7633,-104.8694,DENVER-STAPLETON                       72469,1611,CO,2019-11-19,18.9,1.1,0,0,0,2019,10,11,19,323,TRUE,TRUE,FALSE,247,192,83
USW00023062,39.7633,-104.8694,DENVER-STAPLETON                       72469,1611,CO,2019-11-20,18.3,0,0,0,0,2019,9.15,11,20,324,TRUE,FALSE,FALSE,248,192,83
USW00023062,39.7633,-104.8694,DENVER-STAPLETON                       72469,1611,CO,2019-11-21,11.1,-3.3,28,5,0,2019,3.9,11,21,325,TRUE,FALSE,TRUE,249,192,84
USW00023062,39.7633,-104.8694,DENVER-STAPLETON                       72469,1611,CO,2019-11-22,-1.7,-3.9,41,43,25,2019,-2.8,11,22,326,FALSE,FALSE,TRUE,249,192,85
USW00023062,39.7633,-104.8694,DENVER-STAPLETON                       72469,1611,CO,2019-11-23,2.8,-3.3,3,10,25,2019,-0.25,11,23,327,FALSE,FALSE,TRUE,249,192,86
USW00023062,39.7633,-104.8694,DENVER-STAPLETON                       72469,1611,CO,2019-11-24,14.4,-2.2,0,0,0,2019,6.1,11,24,328,TRUE,FALSE,FALSE,250,192,86
USW00023062,39.7633,-104.8694,DENVER-STAPLETON                       72469,1611,CO,2019-11-25,17.8,-1.1,0,0,0,2019,8.35,11,25,329,TRUE,FALSE,FALSE,251,192,86
USW00023062,39.7633,-104.8694,DENVER-STAPLETON                       72469,1611,CO,2019-11-26,3.3,-5.6,107,188,178,2019,-1.15,11,26,330,FALSE,FALSE,TRUE,251,192,87
USW00023062,39.7633,-104.8694,DENVER-STAPLETON                       72469,1611,CO,2019-11-27,-5,-15.6,28,53,203,2019,-10.3,11,27,331,FALSE,FALSE,TRUE,251,192,88
USW00023062,39.7633,-104.8694,DENVER-STAPLETON                       72469,1611,CO,2019-11-28,-6.7,-16.7,0,0,127,2019,-11.7,11,28,332,FALSE,FALSE,FALSE,251,192,88
USW00023062,39.7633,-104.8694,DENVER-STAPLETON                       72469,1611,CO,2019-11-29,-5,-11.7,0,0,102,2019,-8.35,11,29,333,FALSE,FALSE,FALSE,251,192,88
USW00023062,39.7633,-104.8694,DENVER-STAPLETON                       72469,1611,CO,2019-11-30,-0.6,-8.3,10,13,102,2019,-4.45,11,30,334,FALSE,FALSE,TRUE,251,192,89
USW00023062,39.7633,-104.8694,DENVER-STAPLETON                       72469,1611,CO,2019-12-01,1.7,-12.2,0,0,76,2019,-5.25,12,1,335,FALSE,FALSE,FALSE,251,192,89
USW00023062,39.7633,-104.8694,DENVER-STAPLETON                       72469,1611,CO,2019-12-02,1.7,-11.7,0,0,76,2019,-5,12,2,336,FALSE,FALSE,FALSE,251,192,89
USW00023062,39.7633,-104.8694,DENVER-STAPLETON                       72469,1611,CO,2019-12-03,10,-7.8,0,0,51,2019,1.1,12,3,337,TRUE,FALSE,FALSE,252,192,89
USW00023062,39.7633,-104.8694,DENVER-STAPLETON                       72469,1611,CO,2019-12-04,13.3,-1.1,0,0,51,2019,6.1000000000000005,12,4,338,TRUE,FALSE,FALSE,253,192,89
USW00023062,39.7633,-104.8694,DENVER-STAPLETON                       72469,1611,CO,2019-12-05,12.2,-1.1,0,0,25,2019,5.55,12,5,339,TRUE,FALSE,FALSE,254,192,89
USW00023062,39.7633,-104.8694,DENVER-STAPLETON                       72469,1611,CO,2019-12-06,4.4,-4.4,28,0,25,2019,0,12,6,340,FALSE,FALSE,TRUE,254,192,90
USW00023062,39.7633,-104.8694,DENVER-STAPLETON                       72469,1611,CO,2019-12-07,8.3,-4.4,0,0,25,2019,1.9500000000000002,12,7,341,FALSE,FALSE,FALSE,254,192,90
USW00023062,39.7633,-104.8694,DENVER-STAPLETON                       72469,1611,CO,2019-12-08,16.7,-4.4,0,0,0,2019,6.1499999999999995,12,8,342,TRUE,FALSE,FALSE,255,192,90
USW00023062,39.7633,-104.8694,DENVER-STAPLETON                       72469,1611,CO,2019-12-09,13.3,-4.4,0,0,0,2019,4.45,12,9,343,TRUE,FALSE,FALSE,256,192,90
USW00023062,39.7633,-104.8694,DENVER-STAPLETON                       72469,1611,CO,2019-12-10,2.2,-6.7,0,0,0,2019,-2.25,12,10,344,FALSE,FALSE,FALSE,256,192,90
USW00023062,39.7633,-104.8694,DENVER-STAPLETON                       72469,1611,CO,2019-12-11,3.9,-6.7,0,0,0,2019,-1.4000000000000001,12,11,345,FALSE,FALSE,FALSE,256,192,90
USW00023062,39.7633,-104.8694,DENVER-STAPLETON                       72469,1611,CO,2019-12-12,11.7,-2.8,0,0,0,2019,4.449999999999999,12,12,346,TRUE,FALSE,FALSE,257,192,90
USW00023062,39.7633,-104.8694,DENVER-STAPLETON                       72469,1611,CO,2019-12-13,12.2,-0.6,0,0,0,2019,5.8,12,13,347,TRUE,FALSE,FALSE,258,192,90
USW00023062,39.7633,-104.8694,DENVER-STAPLETON                       72469,1611,CO,2019-12-14,7.8,-1.7,0,0,0,2019,3.05,12,14,348,FALSE,FALSE,FALSE,258,192,90
USW00023062,39.7633,-104.8694,DENVER-STAPLETON                       72469,1611,CO,2019-12-15,3.3,-7.2,0,0,0,2019,-1.9500000000000002,12,15,349,FALSE,FALSE,FALSE,258,192,90
USW00023062,39.7633,-104.8694,DENVER-STAPLETON                       72469,1611,CO,2019-12-16,-0.6,-6.7,0,0,0,2019,-3.65,12,16,350,FALSE,FALSE,FALSE,258,192,90
USW00023062,39.7633,-104.8694,DENVER-STAPLETON                       72469,1611,CO,2019-12-17,0,-8.9,0,0,0,2019,-4.45,12,17,351,FALSE,FALSE,FALSE,258,192,90
USW00023062,39.7633,-104.8694,DENVER-STAPLETON                       72469,1611,CO,2019-12-18,6.1,-8.3,0,0,0,2019,-1.1000000000000005,12,18,352,FALSE,FALSE,FALSE,258,192,90
USW00023062,39.7633,-104.8694,DENVER-STAPLETON                       72469,1611,CO,2019-12-19,15,-3.3,0,0,0,2019,5.85,12,19,353,TRUE,FALSE,FALSE,259,192,90
USW00023062,39.7633,-104.8694,DENVER-STAPLETON                       72469,1611,CO,2019-12-20,7.2,-6.7,0,0,0,2019,0.25,12,20,354,FALSE,FALSE,FALSE,259,192,90
USW00023062,39.7633,-104.8694,DENVER-STAPLETON                       72469,1611,CO,2019-12-21,13.3,-4.4,0,0,0,2019,4.45,12,21,355,TRUE,FALSE,FALSE,260,192,90
USW00023062,39.7633,-104.8694,DENVER-STAPLETON                       72469,1611,CO,2019-12-22,19.4,-1.1,0,0,0,2019,9.149999999999999,12,22,356,TRUE,FALSE,FALSE,261,192,90
USW00023062,39.7633,-104.8694,DENVER-STAPLETON                       72469,1611,CO,2019-12-23,20,1.1,0,0,0,2019,10.55,12,23,357,TRUE,TRUE,FALSE,262,193,90
USW00023062,39.7633,-104.8694,DENVER-STAPLETON                       72469,1611,CO,2019-12-24,16.7,0.6,0,0,0,2019,8.65,12,24,358,TRUE,TRUE,FALSE,263,194,90
USW00023062,39.7633,-104.8694,DENVER-STAPLETON                       72469,1611,CO,2019-12-25,11.7,-3.9,0,0,0,2019,3.8999999999999995,12,25,359,TRUE,FALSE,FALSE,264,194,90
USW00023062,39.7633,-104.8694,DENVER-STAPLETON                       72469,1611,CO,2019-12-26,12.2,-5,0,0,0,2019,3.5999999999999996,12,26,360,TRUE,FALSE,FALSE,265,194,90
USW00023062,39.7633,-104.8694,DENVER-STAPLETON                       72469,1611,CO,2019-12-27,2.8,-6.1,0,0,0,2019,-1.65,12,27,361,FALSE,FALSE,FALSE,265,194,90
USW00023062,39.7633,-104.8694,DENVER-STAPLETON                       72469,1611,CO,2019-12-28,1.7,-6.1,8,13,25,2019,-2.1999999999999997,12,28,362,FALSE,FALSE,TRUE,265,194,91
USW00023062,39.7633,-104.8694,DENVER-STAPLETON                       72469,1611,CO,2019-12-29,-3.3,-10.6,13,51,76,2019,-6.949999999999999,12,29,363,FALSE,FALSE,TRUE,265,194,92
USW00023062,39.7633,-104.8694,DENVER-STAPLETON                       72469,1611,CO,2019-12-30,-0.6,-12.2,0,0,76,2019,-6.3999999999999995,12,30,364,FALSE,FALSE,FALSE,265,194,92
USW00023062,39.7633,-104.8694,DENVER-STAPLETON                       72469,1611,CO,2019-12-31,2.2,-10.6,0,0,51,2019,-4.199999999999999,12,31,365,FALSE,FALSE,FALSE,265,194,92
USW00023062,39.7633,-104.8694,DENVER-STAPLETON                       72469,1611,CO,2020-01-01,10,-8.9,0,0,51,2020,0.5499999999999998,1,1,1,TRUE,FALSE,FALSE,1,0,0
USW00023062,39.7633,-104.8694,DENVER-STAPLETON                       72469,1611,CO,2020-01-02,11.1,-2.8,0,0,25,2020,4.15,1,2,2,TRUE,FALSE,FALSE,2,0,0
USW00023062,39.7633,-104.8694,DENVER-STAPLETON                       72469,1611,CO,2020-01-03,8.3,-5.6,0,0,0,2020,1.3500000000000005,1,3,3,FALSE,FALSE,FALSE,2,0,0
USW00023062,39.7633,-104.8694,DENVER-STAPLETON                       72469,1611,CO,2020-01-04,8.9,-5.6,0,0,0,2020,1.6500000000000004,1,4,4,FALSE,FALSE,FALSE,2,0,0
USW00023062,39.7633,-104.8694,DENVER-STAPLETON                       72469,1611,CO,2020-01-05,16.7,-1.1,0,0,0,2020,7.8,1,5,5,TRUE,FALSE,FALSE,3,0,0
USW00023062,39.7633,-104.8694,DENVER-STAPLETON                       72469,1611,CO,2020-01-06,7.8,-4.4,0,0,0,2020,1.6999999999999997,1,6,6,FALSE,FALSE,FALSE,3,0,0
USW00023062,39.7633,-104.8694,DENVER-STAPLETON                       72469,1611,CO,2020-01-07,6.1,-1.7,0,0,0,2020,2.1999999999999997,1,7,7,FALSE,FALSE,FALSE,3,0,0
USW00023062,39.7633,-104.8694,DENVER-STAPLETON                       72469,1611,CO,2020-01-08,14.4,-1.7,0,0,0,2020,6.3500000000000005,1,8,8,TRUE,FALSE,FALSE,4,0,0
USW00023062,39.7633,-104.8694,DENVER-STAPLETON                       72469,1611,CO,2020-01-09,16.7,0,0,0,0,2020,8.35,1,9,9,TRUE,FALSE,FALSE,5,0,0
USW00023062,39.7633,-104.8694,DENVER-STAPLETON                       72469,1611,CO,2020-01-10,6.7,-3.9,0,0,0,2020,1.4000000000000001,1,10,10,FALSE,FALSE,FALSE,5,0,0
USW00023062,39.7633,-104.8694,DENVER-STAPLETON                       72469,1611,CO,2020-01-11,-0.6,-11.7,0,0,0,2020,-6.1499999999999995,1,11,11,FALSE,FALSE,FALSE,5,0,0
USW00023062,39.7633,-104.8694,DENVER-STAPLETON                       72469,1611,CO,2020-01-12,5,-11.1,0,0,0,2020,-3.05,1,12,12,FALSE,FALSE,FALSE,5,0,0
USW00023062,39.7633,-104.8694,DENVER-STAPLETON                       72469,1611,CO,2020-01-13,6.7,-7.8,0,0,0,2020,-0.5499999999999998,1,13,13,FALSE,FALSE,FALSE,5,0,0
USW00023062,39.7633,-104.8694,DENVER-STAPLETON                       72469,1611,CO,2020-01-14,7.2,-8.3,0,0,0,2020,-0.5500000000000003,1,14,14,FALSE,FALSE,FALSE,5,0,0
USW00023062,39.7633,-104.8694,DENVER-STAPLETON                       72469,1611,CO,2020-01-15,14.4,-8.3,0,0,0,2020,3.05,1,15,15,TRUE,FALSE,FALSE,6,0,0
USW00023062,39.7633,-104.8694,DENVER-STAPLETON                       72469,1611,CO,2020-01-16,10,-6.7,0,0,0,2020,1.65,1,16,16,TRUE,FALSE,FALSE,7,0,0
USW00023062,39.7633,-104.8694,DENVER-STAPLETON                       72469,1611,CO,2020-01-17,1.1,-7.2,0,0,0,2020,-3.05,1,17,17,FALSE,FALSE,FALSE,7,0,0
USW00023062,39.7633,-104.8694,DENVER-STAPLETON                       72469,1611,CO,2020-01-18,11.7,-7.8,0,0,0,2020,1.9499999999999997,1,18,18,TRUE,FALSE,FALSE,8,0,0
USW00023062,39.7633,-104.8694,DENVER-STAPLETON                       72469,1611,CO,2020-01-19,7.2,-8.3,0,0,0,2020,-0.5500000000000003,1,19,19,FALSE,FALSE,FALSE,8,0,0
USW00023062,39.7633,-104.8694,DENVER-STAPLETON                       72469,1611,CO,2020-01-20,8.3,-9.4,0,0,0,2020,-0.5499999999999998,1,20,20,FALSE,FALSE,FALSE,8,0,0
USW00023062,39.7633,-104.8694,DENVER-STAPLETON                       72469,1611,CO,2020-01-21,11.7,-7.2,0,0,0,2020,2.2499999999999996,1,21,21,TRUE,FALSE,FALSE,9,0,0
USW00023062,39.7633,-104.8694,DENVER-STAPLETON                       72469,1611,CO,2020-01-22,9.4,-0.6,0,0,0,2020,4.4,1,22,22,FALSE,FALSE,FALSE,9,0,0
USW00023062,39.7633,-104.8694,DENVER-STAPLETON                       72469,1611,CO,2020-01-23,12.2,-3.9,0,0,0,2020,4.1499999999999995,1,23,23,TRUE,FALSE,FALSE,10,0,0
USW00023062,39.7633,-104.8694,DENVER-STAPLETON                       72469,1611,CO,2020-01-24,5,-6.7,0,0,0,2020,-0.8500000000000001,1,24,24,FALSE,FALSE,FALSE,10,0,0
USW00023062,39.7633,-104.8694,DENVER-STAPLETON                       72469,1611,CO,2020-01-25,13.9,-6.7,0,0,0,2020,3.6,1,25,25,TRUE,FALSE,FALSE,11,0,0
USW00023062,39.7633,-104.8694,DENVER-STAPLETON                       72469,1611,CO,2020-01-26,13.3,-2.2,0,0,0,2020,5.550000000000001,1,26,26,TRUE,FALSE,FALSE,12,0,0
USW00023062,39.7633,-104.8694,DENVER-STAPLETON                       72469,1611,CO,2020-01-27,12.2,-3.9,0,0,0,2020,4.1499999999999995,1,27,27,TRUE,FALSE,FALSE,13,0,0
USW00023062,39.7633,-104.8694,DENVER-STAPLETON                       72469,1611,CO,2020-01-28,3.9,-5.6,0,0,0,2020,-0.8499999999999999,1,28,28,FALSE,FALSE,FALSE,13,0,0
USW00023062,39.7633,-104.8694,DENVER-STAPLETON                       72469,1611,CO,2020-01-29,7.8,-6.1,0,0,0,2020,0.8500000000000001,1,29,29,FALSE,FALSE,FALSE,13,0,0
USW00023062,39.7633,-104.8694,DENVER-STAPLETON                       72469,1611,CO,2020-01-30,6.7,-6.1,0,0,0,2020,0.30000000000000027,1,30,30,FALSE,FALSE,FALSE,13,0,0
USW00023062,39.7633,-104.8694,DENVER-STAPLETON                       72469,1611,CO,2020-01-31,3.9,-6.7,3,13,0,2020,-1.4000000000000001,1,31,31,FALSE,FALSE,TRUE,13,0,1
USW00023062,39.7633,-104.8694,DENVER-STAPLETON                       72469,1611,CO,2020-02-01,12.2,-5,0,0,0,2020,3.5999999999999996,2,1,32,TRUE,FALSE,FALSE,14,0,1
USW00023062,39.7633,-104.8694,DENVER-STAPLETON                       72469,1611,CO,2020-02-02,20,2.8,0,0,0,2020,11.4,2,2,33,TRUE,TRUE,FALSE,15,1,1
USW00023062,39.7633,-104.8694,DENVER-STAPLETON                       72469,1611,CO,2020-02-03,22.8,-3.9,0,0,0,2020,9.450000000000001,2,3,34,TRUE,FALSE,FALSE,16,1,1
USW00023062,39.7633,-104.8694,DENVER-STAPLETON                       72469,1611,CO,2020-02-04,-3.3,-13.3,28,53,25,2020,-8.3,2,4,35,FALSE,FALSE,TRUE,16,1,2
USW00023062,39.7633,-104.8694,DENVER-STAPLETON                       72469,1611,CO,2020-02-05,-8.9,-18.3,8,41,51,2020,-13.600000000000001,2,5,36,FALSE,FALSE,TRUE,16,1,3
USW00023062,39.7633,-104.8694,DENVER-STAPLETON                       72469,1611,CO,2020-02-06,-1.7,-18.3,0,0,51,2020,-10,2,6,37,FALSE,FALSE,FALSE,16,1,3
USW00023062,39.7633,-104.8694,DENVER-STAPLETON                       72469,1611,CO,2020-02-07,4.4,-5,71,94,102,2020,-0.2999999999999998,2,7,38,FALSE,FALSE,TRUE,16,1,4
USW00023062,39.7633,-104.8694,DENVER-STAPLETON                       72469,1611,CO,2020-02-08,-1.7,-11.1,36,61,152,2020,-6.3999999999999995,2,8,39,FALSE,FALSE,TRUE,16,1,5
USW00023062,39.7633,-104.8694,DENVER-STAPLETON                       72469,1611,CO,2020-02-09,8.3,-10.6,5,10,127,2020,-1.1499999999999995,2,9,40,FALSE,FALSE,TRUE,16,1,6
USW00023062,39.7633,-104.8694,DENVER-STAPLETON                       72469,1611,CO,2020-02-10,-2.2,-13.3,18,28,127,2020,-7.75,2,10,41,FALSE,FALSE,TRUE,16,1,7
USW00023062,39.7633,-104.8694,DENVER-STAPLETON                       72469,1611,CO,2020-02-11,-1.1,-12.2,48,76,178,2020,-6.6499999999999995,2,11,42,FALSE,FALSE,TRUE,16,1,8
USW00023062,39.7633,-104.8694,DENVER-STAPLETON                       72469,1611,CO,2020-02-12,3.3,-12.8,0,0,127,2020,-4.75,2,12,43,FALSE,FALSE,FALSE,16,1,8
USW00023062,39.7633,-104.8694,DENVER-STAPLETON                       72469,1611,CO,2020-02-13,0.6,-9.4,51,81,203,2020,-4.4,2,13,44,FALSE,FALSE,TRUE,16,1,9
USW00023062,39.7633,-104.8694,DENVER-STAPLETON                       72469,1611,CO,2020-02-14,-2.2,-12.2,0,0,152,2020,-7.199999999999999,2,14,45,FALSE,FALSE,FALSE,16,1,9
USW00023062,39.7633,-104.8694,DENVER-STAPLETON                       72469,1611,CO,2020-02-15,13.3,-12.2,0,0,127,2020,0.5500000000000007,2,15,46,TRUE,FALSE,FALSE,17,1,9
USW00023062,39.7633,-104.8694,DENVER-STAPLETON                       72469,1611,CO,2020-02-16,6.1,-6.1,0,0,102,2020,0,2,16,47,FALSE,FALSE,FALSE,17,1,9
USW00023062,39.7633,-104.8694,DENVER-STAPLETON                       72469,1611,CO,2020-02-17,10,-5,0,0,76,2020,2.5,2,17,48,TRUE,FALSE,FALSE,18,1,9
USW00023062,39.7633,-104.8694,DENVER-STAPLETON                       72469,1611,CO,2020-02-18,3.3,-5,0,3,76,2020,-0.8500000000000001,2,18,49,FALSE,FALSE,FALSE,18,1,9
USW00023062,39.7633,-104.8694,DENVER-STAPLETON                       72469,1611,CO,2020-02-19,1.7,-8.3,0,0,51,2020,-3.3000000000000003,2,19,50,FALSE,FALSE,FALSE,18,1,9
USW00023062,39.7633,-104.8694,DENVER-STAPLETON                       72469,1611,CO,2020-02-20,-5,-14.4,10,18,76,2020,-9.7,2,20,51,FALSE,FALSE,TRUE,18,1,10
USW00023062,39.7633,-104.8694,DENVER-STAPLETON                       72469,1611,CO,2020-02-21,3.9,-13.3,0,0,76,2020,-4.7,2,21,52,FALSE,FALSE,FALSE,18,1,10
USW00023062,39.7633,-104.8694,DENVER-STAPLETON                       72469,1611,CO,2020-02-22,12.2,-8.9,0,0,76,2020,1.6499999999999995,2,22,53,TRUE,FALSE,FALSE,19,1,10
USW00023062,39.7633,-104.8694,DENVER-STAPLETON                       72469,1611,CO,2020-02-23,15,-1.1,0,0,51,2020,6.95,2,23,54,TRUE,FALSE,FALSE,20,1,10
USW00023062,39.7633,-104.8694,DENVER-STAPLETON                       72469,1611,CO,2020-02-24,15,-2.2,5,8,25,2020,6.4,2,24,55,TRUE,FALSE,TRUE,21,1,11
USW00023062,39.7633,-104.8694,DENVER-STAPLETON                       72469,1611,CO,2020-02-25,4.4,-6.1,0,0,0,2020,-0.8499999999999996,2,25,56,FALSE,FALSE,FALSE,21,1,11
USW00023062,39.7633,-104.8694,DENVER-STAPLETON                       72469,1611,CO,2020-02-26,-3.3,-11.1,0,0,0,2020,-7.199999999999999,2,26,57,FALSE,FALSE,FALSE,21,1,11
USW00023062,39.7633,-104.8694,DENVER-STAPLETON                       72469,1611,CO,2020-02-27,6.7,-10.6,0,0,0,2020,-1.9499999999999997,2,27,58,FALSE,FALSE,FALSE,21,1,11
USW00023062,39.7633,-104.8694,DENVER-STAPLETON                       72469,1611,CO,2020-02-28,10,-2.8,0,0,0,2020,3.6,2,28,59,TRUE,FALSE,FALSE,22,1,11
USW00023062,39.7633,-104.8694,DENVER-STAPLETON                       72469,1611,CO,2020-02-29,15,-2.2,0,0,0,2020,6.4,2,29,60,TRUE,FALSE,FALSE,23,1,11
USW00023062,39.7633,-104.8694,DENVER-STAPLETON                       72469,1611,CO,2020-03-01,13.9,1.1,0,0,0,2020,7.5,3,1,61,TRUE,TRUE,FALSE,24,2,11
USW00023062,39.7633,-104.8694,DENVER-STAPLETON                       72469,1611,CO,2020-03-02,5,-6.1,25,38,51,2020,-0.5499999999999998,3,2,62,FALSE,FALSE,TRUE,24,2,12
USW00023062,39.7633,-104.8694,DENVER-STAPLETON                       72469,1611,CO,2020-03-03,10.6,-5,0,0,0,2020,2.8,3,3,63,TRUE,FALSE,FALSE,25,2,12
USW00023062,39.7633,-104.8694,DENVER-STAPLETON                       72469,1611,CO,2020-03-04,16.1,-1.7,0,0,0,2020,7.200000000000001,3,4,64,TRUE,FALSE,FALSE,26,2,12
USW00023062,39.7633,-104.8694,DENVER-STAPLETON                       72469,1611,CO,2020-03-05,17.8,-2.8,0,0,0,2020,7.5,3,5,65,TRUE,FALSE,FALSE,27,2,12
USW00023062,39.7633,-104.8694,DENVER-STAPLETON                       72469,1611,CO,2020-03-06,12.2,-2.2,0,0,0,2020,5,3,6,66,TRUE,FALSE,FALSE,28,2,12
USW00023062,39.7633,-104.8694,DENVER-STAPLETON                       72469,1611,CO,2020-03-07,20,0,0,0,0,2020,10,3,7,67,TRUE,FALSE,FALSE,29,2,12
USW00023062,39.7633,-104.8694,DENVER-STAPLETON                       72469,1611,CO,2020-03-08,20.6,3.9,0,0,0,2020,12.25,3,8,68,TRUE,TRUE,FALSE,30,3,12
USW00023062,39.7633,-104.8694,DENVER-STAPLETON                       72469,1611,CO,2020-03-09,20,3.3,81,0,0,2020,11.65,3,9,69,TRUE,TRUE,TRUE,31,4,13
USW00023062,39.7633,-104.8694,DENVER-STAPLETON                       72469,1611,CO,2020-03-10,15,1.7,0,0,0,2020,8.35,3,10,70,TRUE,TRUE,FALSE,32,5,13
USW00023062,39.7633,-104.8694,DENVER-STAPLETON                       72469,1611,CO,2020-03-11,17.2,1.1,0,0,0,2020,9.15,3,11,71,TRUE,TRUE,FALSE,33,6,13
USW00023062,39.7633,-104.8694,DENVER-STAPLETON                       72469,1611,CO,2020-03-12,21.1,2.2,0,0,0,2020,11.65,3,12,72,TRUE,TRUE,FALSE,34,7,13
USW00023062,39.7633,-104.8694,DENVER-STAPLETON                       72469,1611,CO,2020-03-13,12.2,0.6,0,0,0,2020,6.3999999999999995,3,13,73,TRUE,TRUE,FALSE,35,8,13
USW00023062,39.7633,-104.8694,DENVER-STAPLETON                       72469,1611,CO,2020-03-14,6.1,-1.1,0,0,0,2020,2.5,3,14,74,FALSE,FALSE,FALSE,35,8,13
USW00023062,39.7633,-104.8694,DENVER-STAPLETON                       72469,1611,CO,2020-03-15,8.9,-1.1,0,0,0,2020,3.9000000000000004,3,15,75,FALSE,FALSE,FALSE,35,8,13
USW00023062,39.7633,-104.8694,DENVER-STAPLETON                       72469,1611,CO,2020-03-16,13.9,0,0,0,0,2020,6.95,3,16,76,TRUE,FALSE,FALSE,36,8,13
USW00023062,39.7633,-104.8694,DENVER-STAPLETON                       72469,1611,CO,2020-03-17,17.2,0,0,0,0,2020,8.6,3,17,77,TRUE,FALSE,FALSE,37,8,13
USW00023062,39.7633,-104.8694,DENVER-STAPLETON                       72469,1611,CO,2020-03-18,13.9,-0.6,0,0,0,2020,6.65,3,18,78,TRUE,FALSE,FALSE,38,8,13
USW00023062,39.7633,-104.8694,DENVER-STAPLETON                       72469,1611,CO,2020-03-19,20,-1.1,5,0,0,2020,9.45,3,19,79,TRUE,FALSE,TRUE,39,8,14
USW00023062,39.7633,-104.8694,DENVER-STAPLETON                       72469,1611,CO,2020-03-20,3.3,-6.1,279,229,203,2020,-1.4,3,20,80,FALSE,FALSE,TRUE,39,8,15
USW00023062,39.7633,-104.8694,DENVER-STAPLETON                       72469,1611,CO,2020-03-21,-2.8,-9.4,0,0,178,2020,-6.1,3,21,81,FALSE,FALSE,FALSE,39,8,15
USW00023062,39.7633,-104.8694,DENVER-STAPLETON                       72469,1611,CO,2020-03-22,10,-8.9,0,0,76,2020,0.5499999999999998,3,22,82,TRUE,FALSE,FALSE,40,8,15
USW00023062,39.7633,-104.8694,DENVER-STAPLETON                       72469,1611,CO,2020-03-23,11.7,-1.1,0,0,0,2020,5.3,3,23,83,TRUE,FALSE,FALSE,41,8,15
USW00023062,39.7633,-104.8694,DENVER-STAPLETON                       72469,1611,CO,2020-03-24,15,0.6,0,0,0,2020,7.8,3,24,84,TRUE,TRUE,FALSE,42,9,15
USW00023062,39.7633,-104.8694,DENVER-STAPLETON                       72469,1611,CO,2020-03-25,17.2,2.2,0,0,0,2020,9.7,3,25,85,TRUE,TRUE,FALSE,43,10,15
USW00023062,39.7633,-104.8694,DENVER-STAPLETON                       72469,1611,CO,2020-03-26,20,1.1,0,0,0,2020,10.55,3,26,86,TRUE,TRUE,FALSE,44,11,15
USW00023062,39.7633,-104.8694,DENVER-STAPLETON                       72469,1611,CO,2020-03-27,11.1,-0.6,0,0,0,2020,5.25,3,27,87,TRUE,FALSE,FALSE,45,11,15
USW00023062,39.7633,-104.8694,DENVER-STAPLETON                       72469,1611,CO,2020-03-28,6.7,-1.1,71,64,51,2020,2.8,3,28,88,FALSE,FALSE,TRUE,45,11,16
USW00023062,39.7633,-104.8694,DENVER-STAPLETON                       72469,1611,CO,2020-03-29,9.4,-2.2,0,0,0,2020,3.6,3,29,89,FALSE,FALSE,FALSE,45,11,16
USW00023062,39.7633,-104.8694,DENVER-STAPLETON                       72469,1611,CO,2020-03-30,12.8,-2.2,0,0,0,2020,5.300000000000001,3,30,90,TRUE,FALSE,FALSE,46,11,16
USW00023062,39.7633,-104.8694,DENVER-STAPLETON                       72469,1611,CO,2020-03-31,13.9,2.8,0,0,0,2020,8.35,3,31,91,TRUE,TRUE,FALSE,47,12,16
USW00023062,39.7633,-104.8694,DENVER-STAPLETON                       72469,1611,CO,2020-04-01,19.4,2.8,0,0,0,2020,11.1,4,1,92,TRUE,TRUE,FALSE,48,13,16
USW00023062,39.7633,-104.8694,DENVER-STAPLETON                       72469,1611,CO,2020-04-02,20.6,-1.1,0,0,0,2020,9.75,4,2,93,TRUE,FALSE,FALSE,49,13,16
USW00023062,39.7633,-104.8694,DENVER-STAPLETON                       72469,1611,CO,2020-04-03,-1.1,-8.3,25,30,25,2020,-4.7,4,3,94,FALSE,FALSE,TRUE,49,13,17
USW00023062,39.7633,-104.8694,DENVER-STAPLETON                       72469,1611,CO,2020-04-04,6.1,-6.7,0,0,0,2020,-0.30000000000000027,4,4,95,FALSE,FALSE,FALSE,49,13,17
USW00023062,39.7633,-104.8694,DENVER-STAPLETON                       72469,1611,CO,2020-04-05,15,-2.8,0,0,0,2020,6.1,4,5,96,TRUE,FALSE,FALSE,50,13,17
USW00023062,39.7633,-104.8694,DENVER-STAPLETON                       72469,1611,CO,2020-04-06,21.1,1.7,0,0,0,2020,11.4,4,6,97,TRUE,TRUE,FALSE,51,14,17
USW00023062,39.7633,-104.8694,DENVER-STAPLETON                       72469,1611,CO,2020-04-07,23.3,2.8,0,0,0,2020,13.05,4,7,98,TRUE,TRUE,FALSE,52,15,17
USW00023062,39.7633,-104.8694,DENVER-STAPLETON                       72469,1611,CO,2020-04-08,22.8,3.3,0,0,0,2020,13.05,4,8,99,TRUE,TRUE,FALSE,53,16,17
USW00023062,39.7633,-104.8694,DENVER-STAPLETON                       72469,1611,CO,2020-04-09,21.1,2.2,0,0,0,2020,11.65,4,9,100,TRUE,TRUE,FALSE,54,17,17
USW00023062,39.7633,-104.8694,DENVER-STAPLETON                       72469,1611,CO,2020-04-10,14.4,1.7,0,0,0,2020,8.05,4,10,101,TRUE,TRUE,FALSE,55,18,17
USW00023062,39.7633,-104.8694,DENVER-STAPLETON                       72469,1611,CO,2020-04-11,22.2,4.4,0,0,0,2020,13.3,4,11,102,TRUE,TRUE,FALSE,56,19,17
USW00023062,39.7633,-104.8694,DENVER-STAPLETON                       72469,1611,CO,2020-04-12,21.1,-6.1,10,20,25,2020,7.500000000000001,4,12,103,TRUE,FALSE,TRUE,57,19,18
USW00023062,39.7633,-104.8694,DENVER-STAPLETON                       72469,1611,CO,2020-04-13,-1.7,-8.3,3,10,0,2020,-5,4,13,104,FALSE,FALSE,TRUE,57,19,19
USW00023062,39.7633,-104.8694,DENVER-STAPLETON                       72469,1611,CO,2020-04-14,-3.9,-8.9,28,38,25,2020,-6.4,4,14,105,FALSE,FALSE,TRUE,57,19,20
USW00023062,39.7633,-104.8694,DENVER-STAPLETON                       72469,1611,CO,2020-04-15,7.8,-8.9,0,0,0,2020,-0.5500000000000003,4,15,106,FALSE,FALSE,FALSE,57,19,20
USW00023062,39.7633,-104.8694,DENVER-STAPLETON                       72469,1611,CO,2020-04-16,11.1,-1.1,33,38,25,2020,5,4,16,107,TRUE,FALSE,TRUE,58,19,21
USW00023062,39.7633,-104.8694,DENVER-STAPLETON                       72469,1611,CO,2020-04-17,-1.1,-8.9,36,43,76,2020,-5,4,17,108,FALSE,FALSE,TRUE,58,19,22
USW00023062,39.7633,-104.8694,DENVER-STAPLETON                       72469,1611,CO,2020-04-18,12.2,-8.3,0,0,0,2020,1.9499999999999993,4,18,109,TRUE,FALSE,FALSE,59,19,22
USW00023062,39.7633,-104.8694,DENVER-STAPLETON                       72469,1611,CO,2020-04-19,13.3,-1.1,0,0,0,2020,6.1000000000000005,4,19,110,TRUE,FALSE,FALSE,60,19,22
USW00023062,39.7633,-104.8694,DENVER-STAPLETON                       72469,1611,CO,2020-04-20,17.2,1.7,0,0,0,2020,9.45,4,20,111,TRUE,TRUE,FALSE,61,20,22
USW00023062,39.7633,-104.8694,DENVER-STAPLETON                       72469,1611,CO,2020-04-21,17.8,3.3,0,0,0,2020,10.55,4,21,112,TRUE,TRUE,FALSE,62,21,22
USW00023062,39.7633,-104.8694,DENVER-STAPLETON                       72469,1611,CO,2020-04-22,20.6,3.3,0,0,0,2020,11.950000000000001,4,22,113,TRUE,TRUE,FALSE,63,22,22
USW00023062,39.7633,-104.8694,DENVER-STAPLETON                       72469,1611,CO,2020-04-23,18.9,4.4,0,0,0,2020,11.649999999999999,4,23,114,TRUE,TRUE,FALSE,64,23,22
USW00023062,39.7633,-104.8694,DENVER-STAPLETON                       72469,1611,CO,2020-04-24,20,5,36,0,0,2020,12.5,4,24,115,TRUE,TRUE,TRUE,65,24,23
USW00023062,39.7633,-104.8694,DENVER-STAPLETON                       72469,1611,CO,2020-04-25,15.6,5,0,0,0,2020,10.3,4,25,116,TRUE,TRUE,FALSE,66,25,23
USW00023062,39.7633,-104.8694,DENVER-STAPLETON                       72469,1611,CO,2020-04-26,18.3,5.6,0,0,0,2020,11.95,4,26,117,TRUE,TRUE,FALSE,67,26,23
USW00023062,39.7633,-104.8694,DENVER-STAPLETON                       72469,1611,CO,2020-04-27,23.3,7.8,0,0,0,2020,15.55,4,27,118,TRUE,TRUE,FALSE,68,27,23
USW00023062,39.7633,-104.8694,DENVER-STAPLETON                       72469,1611,CO,2020-04-28,26.1,7.8,0,0,0,2020,16.95,4,28,119,TRUE,TRUE,FALSE,69,28,23
USW00023062,39.7633,-104.8694,DENVER-STAPLETON                       72469,1611,CO,2020-04-29,23.3,3.3,0,0,0,2020,13.3,4,29,120,TRUE,TRUE,FALSE,70,29,23
USW00023062,39.7633,-104.8694,DENVER-STAPLETON                       72469,1611,CO,2020-04-30,21.7,3.9,0,0,0,2020,12.799999999999999,4,30,121,TRUE,TRUE,FALSE,71,30,23
USW00023062,39.7633,-104.8694,DENVER-STAPLETON                       72469,1611,CO,2020-05-01,27.2,8.9,0,0,0,2020,18.05,5,1,122,TRUE,TRUE,FALSE,72,31,23
USW00023062,39.7633,-104.8694,DENVER-STAPLETON                       72469,1611,CO,2020-05-02,30,11.1,0,0,0,2020,20.55,5,2,123,TRUE,TRUE,FALSE,73,32,23
USW00023062,39.7633,-104.8694,DENVER-STAPLETON                       72469,1611,CO,2020-05-03,19.4,8.3,79,0,0,2020,13.85,5,3,124,TRUE,TRUE,TRUE,74,33,24
USW00023062,39.7633,-104.8694,DENVER-STAPLETON                       72469,1611,CO,2020-05-04,22.8,8.3,0,0,0,2020,15.55,5,4,125,TRUE,TRUE,FALSE,75,34,24
USW00023062,39.7633,-104.8694,DENVER-STAPLETON                       72469,1611,CO,2020-05-05,21.1,3.3,0,0,0,2020,12.200000000000001,5,5,126,TRUE,TRUE,FALSE,76,35,24
USW00023062,39.7633,-104.8694,DENVER-STAPLETON                       72469,1611,CO,2020-05-06,21.1,2.8,0,0,0,2020,11.950000000000001,5,6,127,TRUE,TRUE,FALSE,77,36,24
USW00023062,39.7633,-104.8694,DENVER-STAPLETON                       72469,1611,CO,2020-05-07,23.3,5,0,0,0,2020,14.15,5,7,128,TRUE,TRUE,FALSE,78,37,24
USW00023062,39.7633,-104.8694,DENVER-STAPLETON                       72469,1611,CO,2020-05-08,22.2,2.2,0,0,0,2020,12.2,5,8,129,TRUE,TRUE,FALSE,79,38,24
USW00023062,39.7633,-104.8694,DENVER-STAPLETON                       72469,1611,CO,2020-05-09,17.8,2.2,0,0,0,2020,10,5,9,130,TRUE,TRUE,FALSE,80,39,24
USW00023062,39.7633,-104.8694,DENVER-STAPLETON                       72469,1611,CO,2020-05-10,16.1,2.8,0,0,0,2020,9.450000000000001,5,10,131,TRUE,TRUE,FALSE,81,40,24
USW00023062,39.7633,-104.8694,DENVER-STAPLETON                       72469,1611,CO,2020-05-11,17.2,2.8,0,0,0,2020,10,5,11,132,TRUE,TRUE,FALSE,82,41,24
USW00023062,39.7633,-104.8694,DENVER-STAPLETON                       72469,1611,CO,2020-05-12,12.8,2.2,5,0,0,2020,7.5,5,12,133,TRUE,TRUE,TRUE,83,42,25
USW00023062,39.7633,-104.8694,DENVER-STAPLETON                       72469,1611,CO,2020-05-13,22.8,4.4,0,0,0,2020,13.600000000000001,5,13,134,TRUE,TRUE,FALSE,84,43,25
USW00023062,39.7633,-104.8694,DENVER-STAPLETON                       72469,1611,CO,2020-05-14,25.6,7.2,0,0,0,2020,16.400000000000002,5,14,135,TRUE,TRUE,FALSE,85,44,25
USW00023062,39.7633,-104.8694,DENVER-STAPLETON                       72469,1611,CO,2020-05-15,22.2,9.4,33,0,0,2020,15.8,5,15,136,TRUE,TRUE,TRUE,86,45,26
USW00023062,39.7633,-104.8694,DENVER-STAPLETON                       72469,1611,CO,2020-05-16,21.1,8.9,43,0,0,2020,15,5,16,137,TRUE,TRUE,TRUE,87,46,27
USW00023062,39.7633,-104.8694,DENVER-STAPLETON                       72469,1611,CO,2020-05-17,21.1,6.1,0,0,0,2020,13.600000000000001,5,17,138,TRUE,TRUE,FALSE,88,47,27
USW00023062,39.7633,-104.8694,DENVER-STAPLETON                       72469,1611,CO,2020-05-18,25,7.2,0,0,0,2020,16.1,5,18,139,TRUE,TRUE,FALSE,89,48,27
USW00023062,39.7633,-104.8694,DENVER-STAPLETON                       72469,1611,CO,2020-05-19,31.1,11.1,0,0,0,2020,21.1,5,19,140,TRUE,TRUE,FALSE,90,49,27
USW00023062,39.7633,-104.8694,DENVER-STAPLETON                       72469,1611,CO,2020-05-20,33.9,12.2,0,0,0,2020,23.049999999999997,5,20,141,TRUE,TRUE,FALSE,91,50,27
USW00023062,39.7633,-104.8694,DENVER-STAPLETON                       72469,1611,CO,2020-05-21,31.1,8.3,0,0,0,2020,19.700000000000003,5,21,142,TRUE,TRUE,FALSE,92,51,27
USW00023062,39.7633,-104.8694,DENVER-STAPLETON                       72469,1611,CO,2020-05-22,24.4,8.9,0,0,0,2020,16.65,5,22,143,TRUE,TRUE,FALSE,93,52,27
USW00023062,39.7633,-104.8694,DENVER-STAPLETON                       72469,1611,CO,2020-05-23,28.3,10,0,0,0,2020,19.15,5,23,144,TRUE,TRUE,FALSE,94,53,27
USW00023062,39.7633,-104.8694,DENVER-STAPLETON                       72469,1611,CO,2020-05-24,27.8,8.9,0,0,0,2020,18.35,5,24,145,TRUE,TRUE,FALSE,95,54,27
USW00023062,39.7633,-104.8694,DENVER-STAPLETON                       72469,1611,CO,2020-05-25,17.2,3.9,231,0,0,2020,10.549999999999999,5,25,146,TRUE,TRUE,TRUE,96,55,28
USW00023062,39.7633,-104.8694,DENVER-STAPLETON                       72469,1611,CO,2020-05-26,17.8,5,0,0,0,2020,11.4,5,26,147,TRUE,TRUE,FALSE,97,56,28
USW00023062,39.7633,-104.8694,DENVER-STAPLETON                       72469,1611,CO,2020-05-27,25,5.6,0,0,0,2020,15.3,5,27,148,TRUE,TRUE,FALSE,98,57,28
USW00023062,39.7633,-104.8694,DENVER-STAPLETON                       72469,1611,CO,2020-05-28,27.8,5.6,41,0,0,2020,16.7,5,28,149,TRUE,TRUE,TRUE,99,58,29
USW00023062,39.7633,-104.8694,DENVER-STAPLETON                       72469,1611,CO,2020-05-29,23.3,12.2,5,0,0,2020,17.75,5,29,150,TRUE,TRUE,TRUE,100,59,30
USW00023062,39.7633,-104.8694,DENVER-STAPLETON                       72469,1611,CO,2020-05-30,31.7,12.8,0,0,0,2020,22.25,5,30,151,TRUE,TRUE,FALSE,101,60,30
USW00023062,39.7633,-104.8694,DENVER-STAPLETON                       72469,1611,CO,2020-05-31,28.9,13.9,0,0,0,2020,21.4,5,31,152,TRUE,TRUE,FALSE,102,61,30
USW00023062,39.7633,-104.8694,DENVER-STAPLETON                       72469,1611,CO,2020-06-01,31.1,14.4,0,0,0,2020,22.75,6,1,153,TRUE,TRUE,FALSE,103,62,30
USW00023062,39.7633,-104.8694,DENVER-STAPLETON                       72469,1611,CO,2020-06-02,32.8,16.1,0,0,0,2020,24.45,6,2,154,TRUE,TRUE,FALSE,104,63,30
USW00023062,39.7633,-104.8694,DENVER-STAPLETON                       72469,1611,CO,2020-06-03,31.7,14.4,0,0,0,2020,23.05,6,3,155,TRUE,TRUE,FALSE,105,64,30
USW00023062,39.7633,-104.8694,DENVER-STAPLETON                       72469,1611,CO,2020-06-04,32.8,14.4,0,0,0,2020,23.599999999999998,6,4,156,TRUE,TRUE,FALSE,106,65,30
USW00023062,39.7633,-104.8694,DENVER-STAPLETON                       72469,1611,CO,2020-06-05,32.8,16.1,0,0,0,2020,24.45,6,5,157,TRUE,TRUE,FALSE,107,66,30
USW00023062,39.7633,-104.8694,DENVER-STAPLETON                       72469,1611,CO,2020-06-06,35,16.7,0,0,0,2020,25.85,6,6,158,TRUE,TRUE,FALSE,108,67,30
USW00023062,39.7633,-104.8694,DENVER-STAPLETON                       72469,1611,CO,2020-06-07,29.4,10,28,0,0,2020,19.7,6,7,159,TRUE,TRUE,TRUE,109,68,31
USW00023062,39.7633,-104.8694,DENVER-STAPLETON                       72469,1611,CO,2020-06-08,32.8,10.6,0,0,0,2020,21.7,6,8,160,TRUE,TRUE,FALSE,110,69,31
USW00023062,39.7633,-104.8694,DENVER-STAPLETON                       72469,1611,CO,2020-06-09,26.7,5.6,147,0,0,2020,16.15,6,9,161,TRUE,TRUE,TRUE,111,70,32
USW00023062,39.7633,-104.8694,DENVER-STAPLETON                       72469,1611,CO,2020-06-10,19.4,6.1,30,0,0,2020,12.75,6,10,162,TRUE,TRUE,TRUE,112,71,33
USW00023062,39.7633,-104.8694,DENVER-STAPLETON                       72469,1611,CO,2020-06-11,25,8.3,0,0,0,2020,16.65,6,11,163,TRUE,TRUE,FALSE,113,72,33
USW00023062,39.7633,-104.8694,DENVER-STAPLETON                       72469,1611,CO,2020-06-12,27.8,11.1,0,0,0,2020,19.45,6,12,164,TRUE,TRUE,FALSE,114,73,33
USW00023062,39.7633,-104.8694,DENVER-STAPLETON                       72469,1611,CO,2020-06-13,32.8,13.9,0,0,0,2020,23.349999999999998,6,13,165,TRUE,TRUE,FALSE,115,74,33
USW00023062,39.7633,-104.8694,DENVER-STAPLETON                       72469,1611,CO,2020-06-14,33.3,15,25,0,0,2020,24.15,6,14,166,TRUE,TRUE,TRUE,116,75,34
USW00023062,39.7633,-104.8694,DENVER-STAPLETON                       72469,1611,CO,2020-06-15,33.3,11.7,0,0,0,2020,22.5,6,15,167,TRUE,TRUE,FALSE,117,76,34
USW00023062,39.7633,-104.8694,DENVER-STAPLETON                       72469,1611,CO,2020-06-16,33.9,12.8,0,0,0,2020,23.35,6,16,168,TRUE,TRUE,FALSE,118,77,34
USW00023062,39.7633,-104.8694,DENVER-STAPLETON                       72469,1611,CO,2020-06-17,35,13.3,0,0,0,2020,24.15,6,17,169,TRUE,TRUE,FALSE,119,78,34
USW00023062,39.7633,-104.8694,DENVER-STAPLETON                       72469,1611,CO,2020-06-18,35.6,12.8,0,0,0,2020,24.200000000000003,6,18,170,TRUE,TRUE,FALSE,120,79,34
USW00023062,39.7633,-104.8694,DENVER-STAPLETON                       72469,1611,CO,2020-06-19,21.1,12.2,25,0,0,2020,16.65,6,19,171,TRUE,TRUE,TRUE,121,80,35
USW00023062,39.7633,-104.8694,DENVER-STAPLETON                       72469,1611,CO,2020-06-20,20.6,8.9,38,0,0,2020,14.75,6,20,172,TRUE,TRUE,TRUE,122,81,36
USW00023062,39.7633,-104.8694,DENVER-STAPLETON                       72469,1611,CO,2020-06-21,30.6,8.9,0,0,0,2020,19.75,6,21,173,TRUE,TRUE,FALSE,123,82,36
USW00023062,39.7633,-104.8694,DENVER-STAPLETON                       72469,1611,CO,2020-06-22,27.8,12.8,10,0,0,2020,20.3,6,22,174,TRUE,TRUE,TRUE,124,83,37
USW00023062,39.7633,-104.8694,DENVER-STAPLETON                       72469,1611,CO,2020-06-23,27.2,12.8,13,0,0,2020,20,6,23,175,TRUE,TRUE,TRUE,125,84,38
USW00023062,39.7633,-104.8694,DENVER-STAPLETON                       72469,1611,CO,2020-06-24,30,15,0,0,0,2020,22.5,6,24,176,TRUE,TRUE,FALSE,126,85,38
USW00023062,39.7633,-104.8694,DENVER-STAPLETON                       72469,1611,CO,2020-06-25,33.9,15,8,0,0,2020,24.45,6,25,177,TRUE,TRUE,TRUE,127,86,39
USW00023062,39.7633,-104.8694,DENVER-STAPLETON                       72469,1611,CO,2020-06-26,34.4,13.9,0,0,0,2020,24.15,6,26,178,TRUE,TRUE,FALSE,128,87,39
USW00023062,39.7633,-104.8694,DENVER-STAPLETON                       72469,1611,CO,2020-06-27,27.8,13.3,150,0,0,2020,20.55,6,27,179,TRUE,TRUE,TRUE,129,88,40
USW00023062,39.7633,-104.8694,DENVER-STAPLETON                       72469,1611,CO,2020-06-28,32.2,14.4,0,0,0,2020,23.3,6,28,180,TRUE,TRUE,FALSE,130,89,40
USW00023062,39.7633,-104.8694,DENVER-STAPLETON                       72469,1611,CO,2020-06-29,33.3,15,0,0,0,2020,24.15,6,29,181,TRUE,TRUE,FALSE,131,90,40
USW00023062,39.7633,-104.8694,DENVER-STAPLETON                       72469,1611,CO,2020-06-30,33.3,14.4,0,0,0,2020,23.849999999999998,6,30,182,TRUE,TRUE,FALSE,132,91,40
USW00023062,39.7633,-104.8694,DENVER-STAPLETON                       72469,1611,CO,2020-07-01,28.3,13.3,0,0,0,2020,20.8,7,1,183,TRUE,TRUE,FALSE,133,92,40
USW00023062,39.7633,-104.8694,DENVER-STAPLETON                       72469,1611,CO,2020-07-02,30.6,13.3,0,0,0,2020,21.950000000000003,7,2,184,TRUE,TRUE,FALSE,134,93,40
USW00023062,39.7633,-104.8694,DENVER-STAPLETON                       72469,1611,CO,2020-07-03,35.6,16.1,0,0,0,2020,25.85,7,3,185,TRUE,TRUE,FALSE,135,94,40
USW00023062,39.7633,-104.8694,DENVER-STAPLETON                       72469,1611,CO,2020-07-04,31.1,16.1,0,0,0,2020,23.6,7,4,186,TRUE,TRUE,FALSE,136,95,40
USW00023062,39.7633,-104.8694,DENVER-STAPLETON                       72469,1611,CO,2020-07-05,32.8,13.3,13,0,0,2020,23.049999999999997,7,5,187,TRUE,TRUE,TRUE,137,96,41
USW00023062,39.7633,-104.8694,DENVER-STAPLETON                       72469,1611,CO,2020-07-06,32.8,13.3,0,0,0,2020,23.049999999999997,7,6,188,TRUE,TRUE,FALSE,138,97,41
USW00023062,39.7633,-104.8694,DENVER-STAPLETON                       72469,1611,CO,2020-07-07,36.1,16.1,0,0,0,2020,26.1,7,7,189,TRUE,TRUE,FALSE,139,98,41
USW00023062,39.7633,-104.8694,DENVER-STAPLETON                       72469,1611,CO,2020-07-08,36.7,14.4,0,0,0,2020,25.55,7,8,190,TRUE,TRUE,FALSE,140,99,41
USW00023062,39.7633,-104.8694,DENVER-STAPLETON                       72469,1611,CO,2020-07-09,35.6,15,0,0,0,2020,25.3,7,9,191,TRUE,TRUE,FALSE,141,100,41
USW00023062,39.7633,-104.8694,DENVER-STAPLETON                       72469,1611,CO,2020-07-10,33.9,16.1,0,0,0,2020,25,7,10,192,TRUE,TRUE,FALSE,142,101,41
USW00023062,39.7633,-104.8694,DENVER-STAPLETON                       72469,1611,CO,2020-07-11,37.2,18.3,0,0,0,2020,27.75,7,11,193,TRUE,TRUE,FALSE,143,102,41
USW00023062,39.7633,-104.8694,DENVER-STAPLETON                       72469,1611,CO,2020-07-12,35,19.4,0,0,0,2020,27.2,7,12,194,TRUE,TRUE,FALSE,144,103,41
USW00023062,39.7633,-104.8694,DENVER-STAPLETON                       72469,1611,CO,2020-07-13,36.1,20.6,0,0,0,2020,28.35,7,13,195,TRUE,TRUE,FALSE,145,104,41
USW00023062,39.7633,-104.8694,DENVER-STAPLETON                       72469,1611,CO,2020-07-14,36.1,19.4,0,0,0,2020,27.75,7,14,196,TRUE,TRUE,FALSE,146,105,41
USW00023062,39.7633,-104.8694,DENVER-STAPLETON                       72469,1611,CO,2020-07-15,26.1,15,30,0,0,2020,20.55,7,15,197,TRUE,TRUE,TRUE,147,106,42
USW00023062,39.7633,-104.8694,DENVER-STAPLETON                       72469,1611,CO,2020-07-16,27.2,13.9,0,0,0,2020,20.55,7,16,198,TRUE,TRUE,FALSE,148,107,42
USW00023062,39.7633,-104.8694,DENVER-STAPLETON                       72469,1611,CO,2020-07-17,33.9,14.4,0,0,0,2020,24.15,7,17,199,TRUE,TRUE,FALSE,149,108,42
USW00023062,39.7633,-104.8694,DENVER-STAPLETON                       72469,1611,CO,2020-07-18,35.6,18.3,0,0,0,2020,26.950000000000003,7,18,200,TRUE,TRUE,FALSE,150,109,42
USW00023062,39.7633,-104.8694,DENVER-STAPLETON                       72469,1611,CO,2020-07-19,36.1,17.2,0,0,0,2020,26.65,7,19,201,TRUE,TRUE,FALSE,151,110,42
USW00023062,39.7633,-104.8694,DENVER-STAPLETON                       72469,1611,CO,2020-07-20,32.8,17.8,0,0,0,2020,25.299999999999997,7,20,202,TRUE,TRUE,FALSE,152,111,42
USW00023062,39.7633,-104.8694,DENVER-STAPLETON                       72469,1611,CO,2020-07-21,33.9,16.7,0,0,0,2020,25.299999999999997,7,21,203,TRUE,TRUE,FALSE,153,112,42
USW00023062,39.7633,-104.8694,DENVER-STAPLETON                       72469,1611,CO,2020-07-22,30.6,14.4,0,0,0,2020,22.5,7,22,204,TRUE,TRUE,FALSE,154,113,42
USW00023062,39.7633,-104.8694,DENVER-STAPLETON                       72469,1611,CO,2020-07-23,35.6,14.4,13,0,0,2020,25,7,23,205,TRUE,TRUE,TRUE,155,114,43
USW00023062,39.7633,-104.8694,DENVER-STAPLETON                       72469,1611,CO,2020-07-24,33.9,17.2,0,0,0,2020,25.549999999999997,7,24,206,TRUE,TRUE,FALSE,156,115,43
USW00023062,39.7633,-104.8694,DENVER-STAPLETON                       72469,1611,CO,2020-07-25,31.7,17.2,18,0,0,2020,24.45,7,25,207,TRUE,TRUE,TRUE,157,116,44
USW00023062,39.7633,-104.8694,DENVER-STAPLETON                       72469,1611,CO,2020-07-26,31.7,17.2,13,0,0,2020,24.45,7,26,208,TRUE,TRUE,TRUE,158,117,45
USW00023062,39.7633,-104.8694,DENVER-STAPLETON                       72469,1611,CO,2020-07-27,28.3,14.4,0,0,0,2020,21.35,7,27,209,TRUE,TRUE,FALSE,159,118,45
USW00023062,39.7633,-104.8694,DENVER-STAPLETON                       72469,1611,CO,2020-07-28,30,14.4,0,0,0,2020,22.2,7,28,210,TRUE,TRUE,FALSE,160,119,45
USW00023062,39.7633,-104.8694,DENVER-STAPLETON                       72469,1611,CO,2020-07-29,31.1,17.2,5,0,0,2020,24.15,7,29,211,TRUE,TRUE,TRUE,161,120,46
USW00023062,39.7633,-104.8694,DENVER-STAPLETON                       72469,1611,CO,2020-07-30,33.9,15,0,0,0,2020,24.45,7,30,212,TRUE,TRUE,FALSE,162,121,46
USW00023062,39.7633,-104.8694,DENVER-STAPLETON                       72469,1611,CO,2020-07-31,26.1,13.3,0,0,0,2020,19.700000000000003,7,31,213,TRUE,TRUE,FALSE,163,122,46
USW00023062,39.7633,-104.8694,DENVER-STAPLETON                       72469,1611,CO,2020-08-01,31.1,13.3,3,0,0,2020,22.200000000000003,8,1,214,TRUE,TRUE,TRUE,164,123,47
USW00023062,39.7633,-104.8694,DENVER-STAPLETON                       72469,1611,CO,2020-08-02,31.7,13.9,0,0,0,2020,22.8,8,2,215,TRUE,TRUE,FALSE,165,124,47
USW00023062,39.7633,-104.8694,DENVER-STAPLETON                       72469,1611,CO,2020-08-03,29.4,15,0,0,0,2020,22.2,8,3,216,TRUE,TRUE,FALSE,166,125,47
USW00023062,39.7633,-104.8694,DENVER-STAPLETON                       72469,1611,CO,2020-08-04,31.1,15,0,0,0,2020,23.05,8,4,217,TRUE,TRUE,FALSE,167,126,47
USW00023062,39.7633,-104.8694,DENVER-STAPLETON                       72469,1611,CO,2020-08-05,33.3,16.7,0,0,0,2020,25,8,5,218,TRUE,TRUE,FALSE,168,127,47
USW00023062,39.7633,-104.8694,DENVER-STAPLETON                       72469,1611,CO,2020-08-06,35,16.7,33,0,0,2020,25.85,8,6,219,TRUE,TRUE,TRUE,169,128,48
USW00023062,39.7633,-104.8694,DENVER-STAPLETON                       72469,1611,CO,2020-08-07,31.7,17.2,0,0,0,2020,24.45,8,7,220,TRUE,TRUE,FALSE,170,129,48
USW00023062,39.7633,-104.8694,DENVER-STAPLETON                       72469,1611,CO,2020-08-08,36.1,16.1,0,0,0,2020,26.1,8,8,221,TRUE,TRUE,FALSE,171,130,48
USW00023062,39.7633,-104.8694,DENVER-STAPLETON                       72469,1611,CO,2020-08-09,35.6,16.1,0,0,0,2020,25.85,8,9,222,TRUE,TRUE,FALSE,172,131,48
USW00023062,39.7633,-104.8694,DENVER-STAPLETON                       72469,1611,CO,2020-08-10,36.1,17.2,0,0,0,2020,26.65,8,10,223,TRUE,TRUE,FALSE,173,132,48
USW00023062,39.7633,-104.8694,DENVER-STAPLETON                       72469,1611,CO,2020-08-11,31.7,16.1,0,0,0,2020,23.9,8,11,224,TRUE,TRUE,FALSE,174,133,48
USW00023062,39.7633,-104.8694,DENVER-STAPLETON                       72469,1611,CO,2020-08-12,35.6,14.4,0,0,0,2020,25,8,12,225,TRUE,TRUE,FALSE,175,134,48
USW00023062,39.7633,-104.8694,DENVER-STAPLETON                       72469,1611,CO,2020-08-13,35,15,0,0,0,2020,25,8,13,226,TRUE,TRUE,FALSE,176,135,48
USW00023062,39.7633,-104.8694,DENVER-STAPLETON                       72469,1611,CO,2020-08-14,35.6,15,0,0,0,2020,25.3,8,14,227,TRUE,TRUE,FALSE,177,136,48
USW00023062,39.7633,-104.8694,DENVER-STAPLETON                       72469,1611,CO,2020-08-15,32.8,14.4,0,0,0,2020,23.599999999999998,8,15,228,TRUE,TRUE,FALSE,178,137,48
USW00023062,39.7633,-104.8694,DENVER-STAPLETON                       72469,1611,CO,2020-08-16,33.3,14.4,0,0,0,2020,23.849999999999998,8,16,229,TRUE,TRUE,FALSE,179,138,48
USW00023062,39.7633,-104.8694,DENVER-STAPLETON                       72469,1611,CO,2020-08-17,35,16.1,0,0,0,2020,25.55,8,17,230,TRUE,TRUE,FALSE,180,139,48
USW00023062,39.7633,-104.8694,DENVER-STAPLETON                       72469,1611,CO,2020-08-18,35.6,17.2,0,0,0,2020,26.4,8,18,231,TRUE,TRUE,FALSE,181,140,48
USW00023062,39.7633,-104.8694,DENVER-STAPLETON                       72469,1611,CO,2020-08-19,37.2,17.8,0,0,0,2020,27.5,8,19,232,TRUE,TRUE,FALSE,182,141,48
USW00023062,39.7633,-104.8694,DENVER-STAPLETON                       72469,1611,CO,2020-08-20,35,16.1,0,0,0,2020,25.55,8,20,233,TRUE,TRUE,FALSE,183,142,48
USW00023062,39.7633,-104.8694,DENVER-STAPLETON                       72469,1611,CO,2020-08-21,33.3,15,3,0,0,2020,24.15,8,21,234,TRUE,TRUE,TRUE,184,143,49
USW00023062,39.7633,-104.8694,DENVER-STAPLETON                       72469,1611,CO,2020-08-22,33.9,15.6,0,0,0,2020,24.75,8,22,235,TRUE,TRUE,FALSE,185,144,49
USW00023062,39.7633,-104.8694,DENVER-STAPLETON                       72469,1611,CO,2020-08-23,35.6,17.2,0,0,0,2020,26.4,8,23,236,TRUE,TRUE,FALSE,186,145,49
USW00023062,39.7633,-104.8694,DENVER-STAPLETON                       72469,1611,CO,2020-08-24,36.7,15.6,0,0,0,2020,26.150000000000002,8,24,237,TRUE,TRUE,FALSE,187,146,49
USW00023062,39.7633,-104.8694,DENVER-STAPLETON                       72469,1611,CO,2020-08-25,35.6,18.3,0,0,0,2020,26.950000000000003,8,25,238,TRUE,TRUE,FALSE,188,147,49
USW00023062,39.7633,-104.8694,DENVER-STAPLETON                       72469,1611,CO,2020-08-26,36.1,20,0,0,0,2020,28.05,8,26,239,TRUE,TRUE,FALSE,189,148,49
USW00023062,39.7633,-104.8694,DENVER-STAPLETON                       72469,1611,CO,2020-08-27,34.4,15.6,25,0,0,2020,25,8,27,240,TRUE,TRUE,TRUE,190,149,50
USW00023062,39.7633,-104.8694,DENVER-STAPLETON                       72469,1611,CO,2020-08-28,35,14.4,0,0,0,2020,24.7,8,28,241,TRUE,TRUE,FALSE,191,150,50
USW00023062,39.7633,-104.8694,DENVER-STAPLETON                       72469,1611,CO,2020-08-29,26.1,12.8,13,0,0,2020,19.450000000000003,8,29,242,TRUE,TRUE,TRUE,192,151,51
USW00023062,39.7633,-104.8694,DENVER-STAPLETON                       72469,1611,CO,2020-08-30,24.4,12.8,0,0,0,2020,18.6,8,30,243,TRUE,TRUE,FALSE,193,152,51
USW00023062,39.7633,-104.8694,DENVER-STAPLETON                       72469,1611,CO,2020-08-31,32.8,8.3,0,0,0,2020,20.549999999999997,8,31,244,TRUE,TRUE,FALSE,194,153,51
USW00023062,39.7633,-104.8694,DENVER-STAPLETON                       72469,1611,CO,2020-09-01,25,8.3,36,0,0,2020,16.65,9,1,245,TRUE,TRUE,TRUE,195,154,52
USW00023062,39.7633,-104.8694,DENVER-STAPLETON                       72469,1611,CO,2020-09-02,26.7,10,0,0,0,2020,18.35,9,2,246,TRUE,TRUE,FALSE,196,155,52
USW00023062,39.7633,-104.8694,DENVER-STAPLETON                       72469,1611,CO,2020-09-03,32.8,10,0,0,0,2020,21.4,9,3,247,TRUE,TRUE,FALSE,197,156,52
USW00023062,39.7633,-104.8694,DENVER-STAPLETON                       72469,1611,CO,2020-09-04,31.7,11.1,0,0,0,2020,21.4,9,4,248,TRUE,TRUE,FALSE,198,157,52
USW00023062,39.7633,-104.8694,DENVER-STAPLETON                       72469,1611,CO,2020-09-05,32.2,11.1,0,0,0,2020,21.650000000000002,9,5,249,TRUE,TRUE,FALSE,199,158,52
USW00023062,39.7633,-104.8694,DENVER-STAPLETON                       72469,1611,CO,2020-09-06,37.2,15.6,0,0,0,2020,26.400000000000002,9,6,250,TRUE,TRUE,FALSE,200,159,52
USW00023062,39.7633,-104.8694,DENVER-STAPLETON                       72469,1611,CO,2020-09-07,36.1,12.8,0,0,0,2020,24.450000000000003,9,7,251,TRUE,TRUE,FALSE,201,160,52
USW00023062,39.7633,-104.8694,DENVER-STAPLETON                       72469,1611,CO,2020-09-08,33.3,2.2,66,0,0,2020,17.75,9,8,252,TRUE,TRUE,TRUE,202,161,53
USW00023062,39.7633,-104.8694,DENVER-STAPLETON                       72469,1611,CO,2020-09-09,2.8,-0.6,86,33,25,2020,1.0999999999999999,9,9,253,FALSE,FALSE,TRUE,202,161,54
USW00023062,39.7633,-104.8694,DENVER-STAPLETON                       72469,1611,CO,2020-09-10,5,0,8,3,0,2020,2.5,9,10,254,FALSE,FALSE,TRUE,202,161,55
USW00023062,39.7633,-104.8694,DENVER-STAPLETON                       72469,1611,CO,2020-09-11,11.7,3.3,0,0,0,2020,7.5,9,11,255,TRUE,TRUE,FALSE,203,162,55
USW00023062,39.7633,-104.8694,DENVER-STAPLETON                       72469,1611,CO,2020-09-12,21.1,3.3,0,0,0,2020,12.200000000000001,9,12,256,TRUE,TRUE,FALSE,204,163,55
USW00023062,39.7633,-104.8694,DENVER-STAPLETON                       72469,1611,CO,2020-09-13,26.7,5.6,0,0,0,2020,16.15,9,13,257,TRUE,TRUE,FALSE,205,164,55
USW00023062,39.7633,-104.8694,DENVER-STAPLETON                       72469,1611,CO,2020-09-14,29.4,8.3,0,0,0,2020,18.85,9,14,258,TRUE,TRUE,FALSE,206,165,55
USW00023062,39.7633,-104.8694,DENVER-STAPLETON                       72469,1611,CO,2020-09-15,31.1,10.6,0,0,0,2020,20.85,9,15,259,TRUE,TRUE,FALSE,207,166,55
USW00023062,39.7633,-104.8694,DENVER-STAPLETON                       72469,1611,CO,2020-09-16,31.1,9.4,0,0,0,2020,20.25,9,16,260,TRUE,TRUE,FALSE,208,167,55
USW00023062,39.7633,-104.8694,DENVER-STAPLETON                       72469,1611,CO,2020-09-17,23.3,8.9,0,0,0,2020,16.1,9,17,261,TRUE,TRUE,FALSE,209,168,55
USW00023062,39.7633,-104.8694,DENVER-STAPLETON                       72469,1611,CO,2020-09-18,29.4,8.9,0,0,0,2020,19.15,9,18,262,TRUE,TRUE,FALSE,210,169,55
USW00023062,39.7633,-104.8694,DENVER-STAPLETON                       72469,1611,CO,2020-09-19,30,10,0,0,0,2020,20,9,19,263,TRUE,TRUE,FALSE,211,170,55
USW00023062,39.7633,-104.8694,DENVER-STAPLETON                       72469,1611,CO,2020-09-20,31.1,14.4,0,0,0,2020,22.75,9,20,264,TRUE,TRUE,FALSE,212,171,55
USW00023062,39.7633,-104.8694,DENVER-STAPLETON                       72469,1611,CO,2020-09-21,29.4,11.1,0,0,0,2020,20.25,9,21,265,TRUE,TRUE,FALSE,213,172,55
USW00023062,39.7633,-104.8694,DENVER-STAPLETON                       72469,1611,CO,2020-09-22,30.6,11.7,0,0,0,2020,21.15,9,22,266,TRUE,TRUE,FALSE,214,173,55
USW00023062,39.7633,-104.8694,DENVER-STAPLETON                       72469,1611,CO,2020-09-23,30.6,12.8,0,0,0,2020,21.700000000000003,9,23,267,TRUE,TRUE,FALSE,215,174,55
USW00023062,39.7633,-104.8694,DENVER-STAPLETON                       72469,1611,CO,2020-09-24,30,12.8,0,0,0,2020,21.4,9,24,268,TRUE,TRUE,FALSE,216,175,55
USW00023062,39.7633,-104.8694,DENVER-STAPLETON                       72469,1611,CO,2020-09-25,31.7,13.3,0,0,0,2020,22.5,9,25,269,TRUE,TRUE,FALSE,217,176,55
USW00023062,39.7633,-104.8694,DENVER-STAPLETON                       72469,1611,CO,2020-09-26,30.6,13.9,0,0,0,2020,22.25,9,26,270,TRUE,TRUE,FALSE,218,177,55
USW00023062,39.7633,-104.8694,DENVER-STAPLETON                       72469,1611,CO,2020-09-27,31.1,10,0,0,0,2020,20.55,9,27,271,TRUE,TRUE,FALSE,219,178,55
USW00023062,39.7633,-104.8694,DENVER-STAPLETON                       72469,1611,CO,2020-09-28,12.8,3.9,3,0,0,2020,8.35,9,28,272,TRUE,TRUE,TRUE,220,179,56
USW00023062,39.7633,-104.8694,DENVER-STAPLETON                       72469,1611,CO,2020-09-29,16.1,2.8,0,0,0,2020,9.450000000000001,9,29,273,TRUE,TRUE,FALSE,221,180,56
USW00023062,39.7633,-104.8694,DENVER-STAPLETON                       72469,1611,CO,2020-09-30,26.7,7.2,0,0,0,2020,16.95,9,30,274,TRUE,TRUE,FALSE,222,181,56
USW00023062,39.7633,-104.8694,DENVER-STAPLETON                       72469,1611,CO,2020-10-01,22.8,3.9,0,0,0,2020,13.35,10,1,275,TRUE,TRUE,FALSE,223,182,56
USW00023062,39.7633,-104.8694,DENVER-STAPLETON                       72469,1611,CO,2020-10-02,20,3.3,0,0,0,2020,11.65,10,2,276,TRUE,TRUE,FALSE,224,183,56
USW00023062,39.7633,-104.8694,DENVER-STAPLETON                       72469,1611,CO,2020-10-03,23.9,5,0,0,0,2020,14.45,10,3,277,TRUE,TRUE,FALSE,225,184,56
USW00023062,39.7633,-104.8694,DENVER-STAPLETON                       72469,1611,CO,2020-10-04,18.9,5,0,0,0,2020,11.95,10,4,278,TRUE,TRUE,FALSE,226,185,56
USW00023062,39.7633,-104.8694,DENVER-STAPLETON                       72469,1611,CO,2020-10-05,28.3,7.2,0,0,0,2020,17.75,10,5,279,TRUE,TRUE,FALSE,227,186,56
USW00023062,39.7633,-104.8694,DENVER-STAPLETON                       72469,1611,CO,2020-10-06,27.8,4.4,0,0,0,2020,16.1,10,6,280,TRUE,TRUE,FALSE,228,187,56
USW00023062,39.7633,-104.8694,DENVER-STAPLETON                       72469,1611,CO,2020-10-07,30,5,0,0,0,2020,17.5,10,7,281,TRUE,TRUE,FALSE,229,188,56
USW00023062,39.7633,-104.8694,DENVER-STAPLETON                       72469,1611,CO,2020-10-08,28.3,6.1,0,0,0,2020,17.2,10,8,282,TRUE,TRUE,FALSE,230,189,56
USW00023062,39.7633,-104.8694,DENVER-STAPLETON                       72469,1611,CO,2020-10-09,28.9,6.1,0,0,0,2020,17.5,10,9,283,TRUE,TRUE,FALSE,231,190,56
USW00023062,39.7633,-104.8694,DENVER-STAPLETON                       72469,1611,CO,2020-10-10,29.4,7.2,0,0,0,2020,18.3,10,10,284,TRUE,TRUE,FALSE,232,191,56
USW00023062,39.7633,-104.8694,DENVER-STAPLETON                       72469,1611,CO,2020-10-11,29.4,7.8,0,0,0,2020,18.599999999999998,10,11,285,TRUE,TRUE,FALSE,233,192,56
USW00023062,39.7633,-104.8694,DENVER-STAPLETON                       72469,1611,CO,2020-10-12,25.6,2.2,0,0,0,2020,13.9,10,12,286,TRUE,TRUE,FALSE,234,193,56
USW00023062,39.7633,-104.8694,DENVER-STAPLETON                       72469,1611,CO,2020-10-13,24.4,1.7,0,0,0,2020,13.049999999999999,10,13,287,TRUE,TRUE,FALSE,235,194,56
USW00023062,39.7633,-104.8694,DENVER-STAPLETON                       72469,1611,CO,2020-10-14,26.7,8.9,0,0,0,2020,17.8,10,14,288,TRUE,TRUE,FALSE,236,195,56
USW00023062,39.7633,-104.8694,DENVER-STAPLETON                       72469,1611,CO,2020-10-15,27.2,2.2,0,0,0,2020,14.7,10,15,289,TRUE,TRUE,FALSE,237,196,56
USW00023062,39.7633,-104.8694,DENVER-STAPLETON                       72469,1611,CO,2020-10-16,12.2,-1.1,0,0,0,2020,5.55,10,16,290,TRUE,FALSE,FALSE,238,196,56
USW00023062,39.7633,-104.8694,DENVER-STAPLETON                       72469,1611,CO,2020-10-17,22.2,-2.2,0,0,0,2020,10,10,17,291,TRUE,FALSE,FALSE,239,196,56
USW00023062,39.7633,-104.8694,DENVER-STAPLETON                       72469,1611,CO,2020-10-18,21.7,3.9,0,0,0,2020,12.799999999999999,10,18,292,TRUE,TRUE,FALSE,240,197,56
USW00023062,39.7633,-104.8694,DENVER-STAPLETON                       72469,1611,CO,2020-10-19,9.4,-0.6,0,0,0,2020,4.4,10,19,293,FALSE,FALSE,FALSE,240,197,56
USW00023062,39.7633,-104.8694,DENVER-STAPLETON                       72469,1611,CO,2020-10-20,16.1,1.7,0,0,0,2020,8.9,10,20,294,TRUE,TRUE,FALSE,241,198,56
USW00023062,39.7633,-104.8694,DENVER-STAPLETON                       72469,1611,CO,2020-10-21,20.6,2.2,0,0,0,2020,11.4,10,21,295,TRUE,TRUE,FALSE,242,199,56
USW00023062,39.7633,-104.8694,DENVER-STAPLETON                       72469,1611,CO,2020-10-22,25.6,1.7,0,0,0,2020,13.65,10,22,296,TRUE,TRUE,FALSE,243,200,56
USW00023062,39.7633,-104.8694,DENVER-STAPLETON                       72469,1611,CO,2020-10-23,5,-6.1,0,0,0,2020,-0.5499999999999998,10,23,297,FALSE,FALSE,FALSE,243,200,56
USW00023062,39.7633,-104.8694,DENVER-STAPLETON                       72469,1611,CO,2020-10-24,1.7,-6.1,0,0,0,2020,-2.1999999999999997,10,24,298,FALSE,FALSE,FALSE,243,200,56
USW00023062,39.7633,-104.8694,DENVER-STAPLETON                       72469,1611,CO,2020-10-25,12.8,-9.4,5,0,0,2020,1.7000000000000002,10,25,299,TRUE,FALSE,TRUE,244,200,57
USW00023062,39.7633,-104.8694,DENVER-STAPLETON                       72469,1611,CO,2020-10-26,-8.9,-13.3,33,84,76,2020,-11.100000000000001,10,26,300,FALSE,FALSE,TRUE,244,200,58
USW00023062,39.7633,-104.8694,DENVER-STAPLETON                       72469,1611,CO,2020-10-27,-7.8,-13.3,5,0,76,2020,-10.55,10,27,301,FALSE,FALSE,TRUE,244,200,59
USW00023062,39.7633,-104.8694,DENVER-STAPLETON                       72469,1611,CO,2020-10-28,9.4,-11.7,0,0,25,2020,-1.1499999999999995,10,28,302,FALSE,FALSE,FALSE,244,200,59
USW00023062,39.7633,-104.8694,DENVER-STAPLETON                       72469,1611,CO,2020-10-29,11.1,-2.8,0,0,0,2020,4.15,10,29,303,TRUE,FALSE,FALSE,245,200,59
USW00023062,39.7633,-104.8694,DENVER-STAPLETON                       72469,1611,CO,2020-10-30,20,0,0,0,0,2020,10,10,30,304,TRUE,FALSE,FALSE,246,200,59
USW00023062,39.7633,-104.8694,DENVER-STAPLETON                       72469,1611,CO,2020-10-31,21.1,3.3,0,0,0,2020,12.200000000000001,10,31,305,TRUE,TRUE,FALSE,247,201,59
USW00023062,39.7633,-104.8694,DENVER-STAPLETON                       72469,1611,CO,2020-11-01,18.9,-1.7,0,0,0,2020,8.6,11,1,306,TRUE,FALSE,FALSE,248,201,59
USW00023062,39.7633,-104.8694,DENVER-STAPLETON                       72469,1611,CO,2020-11-02,20.6,-2.2,0,0,0,2020,9.200000000000001,11,2,307,TRUE,FALSE,FALSE,249,201,59
USW00023062,39.7633,-104.8694,DENVER-STAPLETON                       72469,1611,CO,2020-11-03,26.1,3.9,0,0,0,2020,15,11,3,308,TRUE,TRUE,FALSE,250,202,59
USW00023062,39.7633,-104.8694,DENVER-STAPLETON                       72469,1611,CO,2020-11-04,25,7.2,0,0,0,2020,16.1,11,4,309,TRUE,TRUE,FALSE,251,203,59
USW00023062,39.7633,-104.8694,DENVER-STAPLETON                       72469,1611,CO,2020-11-05,25,7.8,0,0,0,2020,16.4,11,5,310,TRUE,TRUE,FALSE,252,204,59
USW00023062,39.7633,-104.8694,DENVER-STAPLETON                       72469,1611,CO,2020-11-06,25.6,6.7,0,0,0,2020,16.150000000000002,11,6,311,TRUE,TRUE,FALSE,253,205,59
USW00023062,39.7633,-104.8694,DENVER-STAPLETON                       72469,1611,CO,2020-11-07,23.9,6.1,0,0,0,2020,15,11,7,312,TRUE,TRUE,FALSE,254,206,59
USW00023062,39.7633,-104.8694,DENVER-STAPLETON                       72469,1611,CO,2020-11-08,22.8,10,0,0,0,2020,16.4,11,8,313,TRUE,TRUE,FALSE,255,207,59
USW00023062,39.7633,-104.8694,DENVER-STAPLETON                       72469,1611,CO,2020-11-09,15.6,0.6,0,0,0,2020,8.1,11,9,314,TRUE,TRUE,FALSE,256,208,59
USW00023062,39.7633,-104.8694,DENVER-STAPLETON                       72469,1611,CO,2020-11-10,1.1,-5.6,20,25,25,2020,-2.25,11,10,315,FALSE,FALSE,TRUE,256,208,60
USW00023062,39.7633,-104.8694,DENVER-STAPLETON                       72469,1611,CO,2020-11-11,8.3,-6.1,0,0,0,2020,1.1000000000000005,11,11,316,FALSE,FALSE,FALSE,256,208,60
USW00023062,39.7633,-104.8694,DENVER-STAPLETON                       72469,1611,CO,2020-11-12,8.9,-5.6,0,0,0,2020,1.6500000000000004,11,12,317,FALSE,FALSE,FALSE,256,208,60
USW00023062,39.7633,-104.8694,DENVER-STAPLETON                       72469,1611,CO,2020-11-13,7.8,-7.2,0,0,0,2020,0.2999999999999998,11,13,318,FALSE,FALSE,FALSE,256,208,60
USW00023062,39.7633,-104.8694,DENVER-STAPLETON                       72469,1611,CO,2020-11-14,17.8,-6.1,0,0,0,2020,5.8500000000000005,11,14,319,TRUE,FALSE,FALSE,257,208,60
USW00023062,39.7633,-104.8694,DENVER-STAPLETON                       72469,1611,CO,2020-11-15,9.4,-5,0,0,0,2020,2.2,11,15,320,FALSE,FALSE,FALSE,257,208,60
USW00023062,39.7633,-104.8694,DENVER-STAPLETON                       72469,1611,CO,2020-11-16,14.4,-4.4,0,0,0,2020,5,11,16,321,TRUE,FALSE,FALSE,258,208,60
USW00023062,39.7633,-104.8694,DENVER-STAPLETON                       72469,1611,CO,2020-11-17,20,1.7,0,0,0,2020,10.85,11,17,322,TRUE,TRUE,FALSE,259,209,60
USW00023062,39.7633,-104.8694,DENVER-STAPLETON                       72469,1611,CO,2020-11-18,23.9,4.4,0,0,0,2020,14.149999999999999,11,18,323,TRUE,TRUE,FALSE,260,210,60
USW00023062,39.7633,-104.8694,DENVER-STAPLETON                       72469,1611,CO,2020-11-19,22.8,2.8,0,0,0,2020,12.8,11,19,324,TRUE,TRUE,FALSE,261,211,60
USW00023062,39.7633,-104.8694,DENVER-STAPLETON                       72469,1611,CO,2020-11-20,18.3,-0.6,0,0,0,2020,8.85,11,20,325,TRUE,FALSE,FALSE,262,211,60
USW00023062,39.7633,-104.8694,DENVER-STAPLETON                       72469,1611,CO,2020-11-21,13.9,-1.1,0,0,0,2020,6.4,11,21,326,TRUE,FALSE,FALSE,263,211,60
USW00023062,39.7633,-104.8694,DENVER-STAPLETON                       72469,1611,CO,2020-11-22,8.9,-6.7,0,0,0,2020,1.1,11,22,327,FALSE,FALSE,FALSE,263,211,60
USW00023062,39.7633,-104.8694,DENVER-STAPLETON                       72469,1611,CO,2020-11-23,9.4,-7.2,0,0,0,2020,1.1,11,23,328,FALSE,FALSE,FALSE,263,211,60
USW00023062,39.7633,-104.8694,DENVER-STAPLETON                       72469,1611,CO,2020-11-24,15,-3.9,56,81,76,2020,5.55,11,24,329,TRUE,FALSE,TRUE,264,211,61
USW00023062,39.7633,-104.8694,DENVER-STAPLETON                       72469,1611,CO,2020-11-25,3.3,-5,30,30,102,2020,-0.8500000000000001,11,25,330,FALSE,FALSE,TRUE,264,211,62
USW00023062,39.7633,-104.8694,DENVER-STAPLETON                       72469,1611,CO,2020-11-26,9.4,-5.6,0,0,51,2020,1.9000000000000004,11,26,331,FALSE,FALSE,FALSE,264,211,62
USW00023062,39.7633,-104.8694,DENVER-STAPLETON                       72469,1611,CO,2020-11-27,6.7,-6.1,0,0,25,2020,0.30000000000000027,11,27,332,FALSE,FALSE,FALSE,264,211,62
USW00023062,39.7633,-104.8694,DENVER-STAPLETON                       72469,1611,CO,2020-11-28,7.8,-5,0,0,25,2020,1.4,11,28,333,FALSE,FALSE,FALSE,264,211,62
USW00023062,39.7633,-104.8694,DENVER-STAPLETON                       72469,1611,CO,2020-11-29,13.3,-4.4,0,0,0,2020,4.45,11,29,334,TRUE,FALSE,FALSE,265,211,62
USW00023062,39.7633,-104.8694,DENVER-STAPLETON                       72469,1611,CO,2020-11-30,2.8,-4.4,0,0,0,2020,-0.8000000000000003,11,30,335,FALSE,FALSE,FALSE,265,211,62
USW00023062,39.7633,-104.8694,DENVER-STAPLETON                       72469,1611,CO,2020-12-01,15.6,-4.4,0,0,0,2020,5.6,12,1,336,TRUE,FALSE,FALSE,266,211,62
USW00023062,39.7633,-104.8694,DENVER-STAPLETON                       72469,1611,CO,2020-12-02,3.9,-6.7,0,0,0,2020,-1.4000000000000001,12,2,337,FALSE,FALSE,FALSE,266,211,62
USW00023062,39.7633,-104.8694,DENVER-STAPLETON                       72469,1611,CO,2020-12-03,0,-7.8,0,0,0,2020,-3.9,12,3,338,FALSE,FALSE,FALSE,266,211,62
USW00023062,39.7633,-104.8694,DENVER-STAPLETON                       72469,1611,CO,2020-12-04,8.3,-7.2,0,0,0,2020,0.5500000000000003,12,4,339,FALSE,FALSE,FALSE,266,211,62
USW00023062,39.7633,-104.8694,DENVER-STAPLETON                       72469,1611,CO,2020-12-05,15,-2.8,0,0,0,2020,6.1,12,5,340,TRUE,FALSE,FALSE,267,211,62
USW00023062,39.7633,-104.8694,DENVER-STAPLETON                       72469,1611,CO,2020-12-06,11.7,-2.2,0,0,0,2020,4.75,12,6,341,TRUE,FALSE,FALSE,268,211,62
USW00023062,39.7633,-104.8694,DENVER-STAPLETON                       72469,1611,CO,2020-12-07,17.2,-3.3,0,0,0,2020,6.949999999999999,12,7,342,TRUE,FALSE,FALSE,269,211,62
USW00023062,39.7633,-104.8694,DENVER-STAPLETON                       72469,1611,CO,2020-12-08,15.6,-3.3,0,0,0,2020,6.15,12,8,343,TRUE,FALSE,FALSE,270,211,62
USW00023062,39.7633,-104.8694,DENVER-STAPLETON                       72469,1611,CO,2020-12-09,17.8,-0.6,0,0,0,2020,8.6,12,9,344,TRUE,FALSE,FALSE,271,211,62
USW00023062,39.7633,-104.8694,DENVER-STAPLETON                       72469,1611,CO,2020-12-10,20,-0.6,0,0,0,2020,9.7,12,10,345,TRUE,FALSE,FALSE,272,211,62
USW00023062,39.7633,-104.8694,DENVER-STAPLETON                       72469,1611,CO,2020-12-11,5.6,-3.9,10,8,0,2020,0.8499999999999999,12,11,346,FALSE,FALSE,TRUE,272,211,63
USW00023062,39.7633,-104.8694,DENVER-STAPLETON                       72469,1611,CO,2020-12-12,-3.9,-11.1,10,15,25,2020,-7.5,12,12,347,FALSE,FALSE,TRUE,272,211,64
USW00023062,39.7633,-104.8694,DENVER-STAPLETON                       72469,1611,CO,2020-12-13,-5,-13.3,23,61,76,2020,-9.15,12,13,348,FALSE,FALSE,TRUE,272,211,65
USW00023062,39.7633,-104.8694,DENVER-STAPLETON                       72469,1611,CO,2020-12-14,2.8,-13.3,0,0,76,2020,-5.25,12,14,349,FALSE,FALSE,FALSE,272,211,65
USW00023062,39.7633,-104.8694,DENVER-STAPLETON                       72469,1611,CO,2020-12-15,0.6,-12.2,25,38,102,2020,-5.8,12,15,350,FALSE,FALSE,TRUE,272,211,66
USW00023062,39.7633,-104.8694,DENVER-STAPLETON                       72469,1611,CO,2020-12-16,1.1,-8.9,0,0,102,2020,-3.9000000000000004,12,16,351,FALSE,FALSE,FALSE,272,211,66
USW00023062,39.7633,-104.8694,DENVER-STAPLETON                       72469,1611,CO,2020-12-17,6.7,-6.1,0,0,76,2020,0.30000000000000027,12,17,352,FALSE,FALSE,FALSE,272,211,66
USW00023062,39.7633,-104.8694,DENVER-STAPLETON                       72469,1611,CO,2020-12-18,11.7,-3.9,0,0,76,2020,3.8999999999999995,12,18,353,TRUE,FALSE,FALSE,273,211,66
USW00023062,39.7633,-104.8694,DENVER-STAPLETON                       72469,1611,CO,2020-12-19,2.2,-7.2,0,0,76,2020,-2.5,12,19,354,FALSE,FALSE,FALSE,273,211,66
USW00023062,39.7633,-104.8694,DENVER-STAPLETON                       72469,1611,CO,2020-12-20,7.8,-6.7,0,0,51,2020,0.5499999999999998,12,20,355,FALSE,FALSE,FALSE,273,211,66
USW00023062,39.7633,-104.8694,DENVER-STAPLETON                       72469,1611,CO,2020-12-21,11.7,-5,0,0,0,2020,3.3499999999999996,12,21,356,TRUE,FALSE,FALSE,274,211,66
USW00023062,39.7633,-104.8694,DENVER-STAPLETON                       72469,1611,CO,2020-12-22,16.1,0,0,0,0,2020,8.05,12,22,357,TRUE,FALSE,FALSE,275,211,66
USW00023062,39.7633,-104.8694,DENVER-STAPLETON                       72469,1611,CO,2020-12-23,18.3,-4.4,0,0,0,2020,6.95,12,23,358,TRUE,FALSE,FALSE,276,211,66
USW00023062,39.7633,-104.8694,DENVER-STAPLETON                       72469,1611,CO,2020-12-24,-0.6,-8.3,0,0,0,2020,-4.45,12,24,359,FALSE,FALSE,FALSE,276,211,66
USW00023062,39.7633,-104.8694,DENVER-STAPLETON                       72469,1611,CO,2020-12-25,11.1,-0.6,0,0,0,2020,5.25,12,25,360,TRUE,FALSE,FALSE,277,211,66
USW00023062,39.7633,-104.8694,DENVER-STAPLETON                       72469,1611,CO,2020-12-26,16.7,-1.1,0,0,0,2020,7.8,12,26,361,TRUE,FALSE,FALSE,278,211,66
USW00023062,39.7633,-104.8694,DENVER-STAPLETON                       72469,1611,CO,2020-12-27,17.2,0,0,0,0,2020,8.6,12,27,362,TRUE,FALSE,FALSE,279,211,66
USW00023062,39.7633,-104.8694,DENVER-STAPLETON                       72469,1611,CO,2020-12-28,8.3,-2.8,0,0,0,2020,2.7500000000000004,12,28,363,FALSE,FALSE,FALSE,279,211,66
USW00023062,39.7633,-104.8694,DENVER-STAPLETON                       72469,1611,CO,2020-12-29,-1.1,-3.3,46,41,51,2020,-2.2,12,29,364,FALSE,FALSE,TRUE,279,211,67
USW00023062,39.7633,-104.8694,DENVER-STAPLETON                       72469,1611,CO,2020-12-30,2.2,-10,0,0,51,2020,-3.9,12,30,365,FALSE,FALSE,FALSE,279,211,67
USW00023062,39.7633,-104.8694,DENVER-STAPLETON                       72469,1611,CO,2020-12-31,8.3,-8.9,0,0,25,2020,-0.2999999999999998,12,31,366,FALSE,FALSE,FALSE,279,211,67
USW00023062,39.7633,-104.8694,DENVER-STAPLETON                       72469,1611,CO,2021-01-01,5.6,-7.8,0,0,25,2021,-1.1,1,1,1,FALSE,FALSE,FALSE,0,0,0
USW00023062,39.7633,-104.8694,DENVER-STAPLETON                       72469,1611,CO,2021-01-02,5.6,-6.1,0,0,25,2021,-0.25,1,2,2,FALSE,FALSE,FALSE,0,0,0
USW00023062,39.7633,-104.8694,DENVER-STAPLETON                       72469,1611,CO,2021-01-03,11.1,-6.7,0,0,0,2021,2.1999999999999997,1,3,3,TRUE,FALSE,FALSE,1,0,0
USW00023062,39.7633,-104.8694,DENVER-STAPLETON                       72469,1611,CO,2021-01-04,12.8,-2.8,0,0,0,2021,5,1,4,4,TRUE,FALSE,FALSE,2,0,0
USW00023062,39.7633,-104.8694,DENVER-STAPLETON                       72469,1611,CO,2021-01-05,13.9,-2.2,0,0,0,2021,5.85,1,5,5,TRUE,FALSE,FALSE,3,0,0
USW00023062,39.7633,-104.8694,DENVER-STAPLETON                       72469,1611,CO,2021-01-06,12.8,-6.1,0,0,0,2021,3.3500000000000005,1,6,6,TRUE,FALSE,FALSE,4,0,0
USW00023062,39.7633,-104.8694,DENVER-STAPLETON                       72469,1611,CO,2021-01-07,7.2,-6.1,0,0,0,2021,0.5500000000000003,1,7,7,FALSE,FALSE,FALSE,4,0,0
USW00023062,39.7633,-104.8694,DENVER-STAPLETON                       72469,1611,CO,2021-01-08,8.9,-6.1,0,0,0,2021,1.4000000000000004,1,8,8,FALSE,FALSE,FALSE,4,0,0
USW00023062,39.7633,-104.8694,DENVER-STAPLETON                       72469,1611,CO,2021-01-09,6.7,-6.7,0,0,0,2021,0,1,9,9,FALSE,FALSE,FALSE,4,0,0
USW00023062,39.7633,-104.8694,DENVER-STAPLETON                       72469,1611,CO,2021-01-10,0,-3.3,15,33,25,2021,-1.65,1,10,10,FALSE,FALSE,TRUE,4,0,1
USW00023062,39.7633,-104.8694,DENVER-STAPLETON                       72469,1611,CO,2021-01-11,1.1,-7.2,0,0,0,2021,-3.05,1,11,11,FALSE,FALSE,FALSE,4,0,1
USW00023062,39.7633,-104.8694,DENVER-STAPLETON                       72469,1611,CO,2021-01-12,9.4,-7.8,0,0,0,2021,0.8000000000000003,1,12,12,FALSE,FALSE,FALSE,4,0,1
USW00023062,39.7633,-104.8694,DENVER-STAPLETON                       72469,1611,CO,2021-01-13,12.8,-6.1,0,0,0,2021,3.3500000000000005,1,13,13,TRUE,FALSE,FALSE,5,0,1
USW00023062,39.7633,-104.8694,DENVER-STAPLETON                       72469,1611,CO,2021-01-14,18.3,0,0,0,0,2021,9.15,1,14,14,TRUE,FALSE,FALSE,6,0,1
USW00023062,39.7633,-104.8694,DENVER-STAPLETON                       72469,1611,CO,2021-01-15,3.3,-8.9,0,0,0,2021,-2.8000000000000003,1,15,15,FALSE,FALSE,FALSE,6,0,1
USW00023062,39.7633,-104.8694,DENVER-STAPLETON                       72469,1611,CO,2021-01-16,7.2,-8.9,0,0,0,2021,-0.8500000000000001,1,16,16,FALSE,FALSE,FALSE,6,0,1
USW00023062,39.7633,-104.8694,DENVER-STAPLETON                       72469,1611,CO,2021-01-17,8.3,-2.2,0,0,0,2021,3.0500000000000003,1,17,17,FALSE,FALSE,FALSE,6,0,1
USW00023062,39.7633,-104.8694,DENVER-STAPLETON                       72469,1611,CO,2021-01-18,10,-1.1,0,0,0,2021,4.45,1,18,18,TRUE,FALSE,FALSE,7,0,1
USW00023062,39.7633,-104.8694,DENVER-STAPLETON                       72469,1611,CO,2021-01-19,3.9,-3.9,0,0,0,2021,0,1,19,19,FALSE,FALSE,FALSE,7,0,1
USW00023062,39.7633,-104.8694,DENVER-STAPLETON                       72469,1611,CO,2021-01-20,3.9,-3.9,0,0,0,2021,0,1,20,20,FALSE,FALSE,FALSE,7,0,1
USW00023062,39.7633,-104.8694,DENVER-STAPLETON                       72469,1611,CO,2021-01-21,15.6,-4.4,0,0,0,2021,5.6,1,21,21,TRUE,FALSE,FALSE,8,0,1
USW00023062,39.7633,-104.8694,DENVER-STAPLETON                       72469,1611,CO,2021-01-22,9.4,-6.7,0,0,0,2021,1.35,1,22,22,FALSE,FALSE,FALSE,8,0,1
USW00023062,39.7633,-104.8694,DENVER-STAPLETON                       72469,1611,CO,2021-01-23,7.8,-7.2,0,0,0,2021,0.2999999999999998,1,23,23,FALSE,FALSE,FALSE,8,0,1
USW00023062,39.7633,-104.8694,DENVER-STAPLETON                       72469,1611,CO,2021-01-24,7.2,-7.2,0,0,0,2021,0,1,24,24,FALSE,FALSE,FALSE,8,0,1
USW00023062,39.7633,-104.8694,DENVER-STAPLETON                       72469,1611,CO,2021-01-25,1.7,-5,0,0,0,2021,-1.65,1,25,25,FALSE,FALSE,FALSE,8,0,1
USW00023062,39.7633,-104.8694,DENVER-STAPLETON                       72469,1611,CO,2021-01-26,1.1,-5.6,0,0,0,2021,-2.25,1,26,26,FALSE,FALSE,FALSE,8,0,1
USW00023062,39.7633,-104.8694,DENVER-STAPLETON                       72469,1611,CO,2021-01-27,-4.4,-16.1,23,43,51,2021,-10.25,1,27,27,FALSE,FALSE,TRUE,8,0,2
USW00023062,39.7633,-104.8694,DENVER-STAPLETON                       72469,1611,CO,2021-01-28,-2.8,-16.1,0,0,25,2021,-9.450000000000001,1,28,28,FALSE,FALSE,FALSE,8,0,2
USW00023062,39.7633,-104.8694,DENVER-STAPLETON                       72469,1611,CO,2021-01-29,10.6,-9.4,0,0,0,2021,0.5999999999999996,1,29,29,TRUE,FALSE,FALSE,9,0,2
USW00023062,39.7633,-104.8694,DENVER-STAPLETON                       72469,1611,CO,2021-01-30,15,-3.3,0,0,0,2021,5.85,1,30,30,TRUE,FALSE,FALSE,10,0,2
USW00023062,39.7633,-104.8694,DENVER-STAPLETON                       72469,1611,CO,2021-01-31,11.1,-5.6,0,0,0,2021,2.75,1,31,31,TRUE,FALSE,FALSE,11,0,2
USW00023062,39.7633,-104.8694,DENVER-STAPLETON                       72469,1611,CO,2021-02-01,11.1,-5,0,0,0,2021,3.05,2,1,32,TRUE,FALSE,FALSE,12,0,2
USW00023062,39.7633,-104.8694,DENVER-STAPLETON                       72469,1611,CO,2021-02-02,12.8,-3.9,0,0,0,2021,4.45,2,2,33,TRUE,FALSE,FALSE,13,0,2
USW00023062,39.7633,-104.8694,DENVER-STAPLETON                       72469,1611,CO,2021-02-03,18.3,-2.2,0,0,0,2021,8.05,2,3,34,TRUE,FALSE,FALSE,14,0,2
USW00023062,39.7633,-104.8694,DENVER-STAPLETON                       72469,1611,CO,2021-02-04,18.9,-6.1,0,0,0,2021,6.3999999999999995,2,4,35,TRUE,FALSE,FALSE,15,0,2
USW00023062,39.7633,-104.8694,DENVER-STAPLETON                       72469,1611,CO,2021-02-05,4.4,-7.2,0,0,0,2021,-1.4,2,5,36,FALSE,FALSE,FALSE,15,0,2
USW00023062,39.7633,-104.8694,DENVER-STAPLETON                       72469,1611,CO,2021-02-06,7.2,-3.3,0,0,0,2021,1.9500000000000002,2,6,37,FALSE,FALSE,FALSE,15,0,2
USW00023062,39.7633,-104.8694,DENVER-STAPLETON                       72469,1611,CO,2021-02-07,7.8,-3.9,0,0,0,2021,1.95,2,7,38,FALSE,FALSE,FALSE,15,0,2
USW00023062,39.7633,-104.8694,DENVER-STAPLETON                       72469,1611,CO,2021-02-08,13.3,-11.7,0,0,0,2021,0.8000000000000007,2,8,39,TRUE,FALSE,FALSE,16,0,2
USW00023062,39.7633,-104.8694,DENVER-STAPLETON                       72469,1611,CO,2021-02-09,0,-11.7,0,0,0,2021,-5.85,2,9,40,FALSE,FALSE,FALSE,16,0,2
USW00023062,39.7633,-104.8694,DENVER-STAPLETON                       72469,1611,CO,2021-02-10,-1.1,-12.2,0,0,0,2021,-6.6499999999999995,2,10,41,FALSE,FALSE,FALSE,16,0,2
USW00023062,39.7633,-104.8694,DENVER-STAPLETON                       72469,1611,CO,2021-02-11,-0.6,-11.7,3,3,0,2021,-6.1499999999999995,2,11,42,FALSE,FALSE,TRUE,16,0,3
USW00023062,39.7633,-104.8694,DENVER-STAPLETON                       72469,1611,CO,2021-02-12,-4.4,-16.7,0,0,0,2021,-10.55,2,12,43,FALSE,FALSE,FALSE,16,0,3
USW00023062,39.7633,-104.8694,DENVER-STAPLETON                       72469,1611,CO,2021-02-13,-12.2,-19.4,0,0,0,2021,-15.799999999999999,2,13,44,FALSE,FALSE,FALSE,16,0,3
USW00023062,39.7633,-104.8694,DENVER-STAPLETON                       72469,1611,CO,2021-02-14,-16.7,-22.2,15,25,25,2021,-19.45,2,14,45,FALSE,FALSE,TRUE,16,0,4
USW00023062,39.7633,-104.8694,DENVER-STAPLETON                       72469,1611,CO,2021-02-15,-17.8,-23.3,0,0,25,2021,-20.55,2,15,46,FALSE,FALSE,FALSE,16,0,4
USW00023062,39.7633,-104.8694,DENVER-STAPLETON                       72469,1611,CO,2021-02-16,-6.7,-23.3,0,0,25,2021,-15,2,16,47,FALSE,FALSE,FALSE,16,0,4
USW00023062,39.7633,-104.8694,DENVER-STAPLETON                       72469,1611,CO,2021-02-17,5.6,-15,0,0,0,2021,-4.7,2,17,48,FALSE,FALSE,FALSE,16,0,4
USW00023062,39.7633,-104.8694,DENVER-STAPLETON                       72469,1611,CO,2021-02-18,-1.7,-12.8,20,41,51,2021,-7.25,2,18,49,FALSE,FALSE,TRUE,16,0,5
USW00023062,39.7633,-104.8694,DENVER-STAPLETON                       72469,1611,CO,2021-02-19,0,-10,0,0,25,2021,-5,2,19,50,FALSE,FALSE,FALSE,16,0,5
USW00023062,39.7633,-104.8694,DENVER-STAPLETON                       72469,1611,CO,2021-02-20,8.3,-7.8,0,0,0,2021,0.25000000000000044,2,20,51,FALSE,FALSE,FALSE,16,0,5
USW00023062,39.7633,-104.8694,DENVER-STAPLETON                       72469,1611,CO,2021-02-21,13.9,-6.7,58,61,51,2021,3.6,2,21,52,TRUE,FALSE,TRUE,17,0,6
USW00023062,39.7633,-104.8694,DENVER-STAPLETON                       72469,1611,CO,2021-02-22,5.6,-7.8,0,0,25,2021,-1.1,2,22,53,FALSE,FALSE,FALSE,17,0,6
USW00023062,39.7633,-104.8694,DENVER-STAPLETON                       72469,1611,CO,2021-02-23,15.6,-5,0,0,0,2021,5.3,2,23,54,TRUE,FALSE,FALSE,18,0,6
USW00023062,39.7633,-104.8694,DENVER-STAPLETON                       72469,1611,CO,2021-02-24,16.7,-5,0,0,0,2021,5.85,2,24,55,TRUE,FALSE,FALSE,19,0,6
USW00023062,39.7633,-104.8694,DENVER-STAPLETON                       72469,1611,CO,2021-02-25,5.6,-7.2,104,290,279,2021,-0.8000000000000003,2,25,56,FALSE,FALSE,TRUE,19,0,7
USW00023062,39.7633,-104.8694,DENVER-STAPLETON                       72469,1611,CO,2021-02-26,-1.7,-12.2,0,0,127,2021,-6.949999999999999,2,26,57,FALSE,FALSE,FALSE,19,0,7
USW00023062,39.7633,-104.8694,DENVER-STAPLETON                       72469,1611,CO,2021-02-27,3.9,-12.2,0,0,76,2021,-4.1499999999999995,2,27,58,FALSE,FALSE,FALSE,19,0,7
USW00023062,39.7633,-104.8694,DENVER-STAPLETON                       72469,1611,CO,2021-02-28,2.8,-7.2,0,0,51,2021,-2.2,2,28,59,FALSE,FALSE,FALSE,19,0,7
USW00023062,39.7633,-104.8694,DENVER-STAPLETON                       72469,1611,CO,2021-03-01,3.9,-7.2,0,0,51,2021,-1.6500000000000001,3,1,60,FALSE,FALSE,FALSE,19,0,7
USW00023062,39.7633,-104.8694,DENVER-STAPLETON                       72469,1611,CO,2021-03-02,11.7,-6.1,0,0,25,2021,2.8,3,2,61,TRUE,FALSE,FALSE,20,0,7
USW00023062,39.7633,-104.8694,DENVER-STAPLETON                       72469,1611,CO,2021-03-03,16.7,-5,0,0,0,2021,5.85,3,3,62,TRUE,FALSE,FALSE,21,0,7
USW00023062,39.7633,-104.8694,DENVER-STAPLETON                       72469,1611,CO,2021-03-04,16.7,-1.1,0,0,0,2021,7.8,3,4,63,TRUE,FALSE,FALSE,22,0,7
USW00023062,39.7633,-104.8694,DENVER-STAPLETON                       72469,1611,CO,2021-03-05,14.4,2.2,48,0,0,2021,8.3,3,5,64,TRUE,TRUE,TRUE,23,1,8
USW00023062,39.7633,-104.8694,DENVER-STAPLETON                       72469,1611,CO,2021-03-06,18.9,0.6,0,0,0,2021,9.75,3,6,65,TRUE,TRUE,FALSE,24,2,8
USW00023062,39.7633,-104.8694,DENVER-STAPLETON                       72469,1611,CO,2021-03-07,20.6,3.3,0,0,0,2021,11.950000000000001,3,7,66,TRUE,TRUE,FALSE,25,3,8
USW00023062,39.7633,-104.8694,DENVER-STAPLETON                       72469,1611,CO,2021-03-08,18.9,1.7,0,0,0,2021,10.299999999999999,3,8,67,TRUE,TRUE,FALSE,26,4,8
USW00023062,39.7633,-104.8694,DENVER-STAPLETON                       72469,1611,CO,2021-03-09,19.4,1.1,0,0,0,2021,10.25,3,9,68,TRUE,TRUE,FALSE,27,5,8
USW00023062,39.7633,-104.8694,DENVER-STAPLETON                       72469,1611,CO,2021-03-10,11.1,-2.8,20,0,0,2021,4.15,3,10,69,TRUE,FALSE,TRUE,28,5,9
USW00023062,39.7633,-104.8694,DENVER-STAPLETON                       72469,1611,CO,2021-03-11,8.9,-4.4,0,0,0,2021,2.25,3,11,70,FALSE,FALSE,FALSE,28,5,9
USW00023062,39.7633,-104.8694,DENVER-STAPLETON                       72469,1611,CO,2021-03-12,6.7,1.1,0,0,0,2021,3.9000000000000004,3,12,71,FALSE,TRUE,FALSE,28,6,9
USW00023062,39.7633,-104.8694,DENVER-STAPLETON                       72469,1611,CO,2021-03-13,3.3,-1.7,251,137,102,2021,0.7999999999999999,3,13,72,FALSE,FALSE,TRUE,28,6,10
USW00023062,39.7633,-104.8694,DENVER-STAPLETON                       72469,1611,CO,2021-03-14,-0.6,-3.9,343,330,330,2021,-2.25,3,14,73,FALSE,FALSE,TRUE,28,6,11
USW00023062,39.7633,-104.8694,DENVER-STAPLETON                       72469,1611,CO,2021-03-15,1.7,-9.4,0,0,229,2021,-3.85,3,15,74,FALSE,FALSE,FALSE,28,6,11
USW00023062,39.7633,-104.8694,DENVER-STAPLETON                       72469,1611,CO,2021-03-16,3.3,-7.2,0,0,203,2021,-1.9500000000000002,3,16,75,FALSE,FALSE,FALSE,28,6,11
USW00023062,39.7633,-104.8694,DENVER-STAPLETON                       72469,1611,CO,2021-03-17,3.3,-3.3,0,0,178,2021,0,3,17,76,FALSE,FALSE,FALSE,28,6,11
USW00023062,39.7633,-104.8694,DENVER-STAPLETON                       72469,1611,CO,2021-03-18,9.4,-6.1,0,0,127,2021,1.6500000000000004,3,18,77,FALSE,FALSE,FALSE,28,6,11
USW00023062,39.7633,-104.8694,DENVER-STAPLETON                       72469,1611,CO,2021-03-19,14.4,-3.9,0,0,51,2021,5.25,3,19,78,TRUE,FALSE,FALSE,29,6,11
USW00023062,39.7633,-104.8694,DENVER-STAPLETON                       72469,1611,CO,2021-03-20,21.1,0.6,0,0,0,2021,10.850000000000001,3,20,79,TRUE,TRUE,FALSE,30,7,11
USW00023062,39.7633,-104.8694,DENVER-STAPLETON                       72469,1611,CO,2021-03-21,10.6,-0.6,51,0,0,2021,5,3,21,80,TRUE,FALSE,TRUE,31,7,12
USW00023062,39.7633,-104.8694,DENVER-STAPLETON                       72469,1611,CO,2021-03-22,5,-1.1,46,102,102,2021,1.95,3,22,81,FALSE,FALSE,TRUE,31,7,13
USW00023062,39.7633,-104.8694,DENVER-STAPLETON                       72469,1611,CO,2021-03-23,5.6,-2.2,13,0,0,2021,1.6999999999999997,3,23,82,FALSE,FALSE,TRUE,31,7,14
USW00023062,39.7633,-104.8694,DENVER-STAPLETON                       72469,1611,CO,2021-03-24,5.6,-2.2,8,41,51,2021,1.6999999999999997,3,24,83,FALSE,FALSE,TRUE,31,7,15
USW00023062,39.7633,-104.8694,DENVER-STAPLETON                       72469,1611,CO,2021-03-25,12.2,-2.2,0,0,0,2021,5,3,25,84,TRUE,FALSE,FALSE,32,7,15
USW00023062,39.7633,-104.8694,DENVER-STAPLETON                       72469,1611,CO,2021-03-26,9.4,1.7,8,0,0,2021,5.55,3,26,85,FALSE,TRUE,TRUE,32,8,16
USW00023062,39.7633,-104.8694,DENVER-STAPLETON                       72469,1611,CO,2021-03-27,11.1,-0.6,0,0,0,2021,5.25,3,27,86,TRUE,FALSE,FALSE,33,8,16
USW00023062,39.7633,-104.8694,DENVER-STAPLETON                       72469,1611,CO,2021-03-28,18.9,1.7,0,0,0,2021,10.299999999999999,3,28,87,TRUE,TRUE,FALSE,34,9,16
USW00023062,39.7633,-104.8694,DENVER-STAPLETON                       72469,1611,CO,2021-03-29,23.9,0,0,0,0,2021,11.95,3,29,88,TRUE,FALSE,FALSE,35,9,16
USW00023062,39.7633,-104.8694,DENVER-STAPLETON                       72469,1611,CO,2021-03-30,4.4,-4.4,30,64,76,2021,0,3,30,89,FALSE,FALSE,TRUE,35,9,17
USW00023062,39.7633,-104.8694,DENVER-STAPLETON                       72469,1611,CO,2021-03-31,11.7,-4.4,0,0,0,2021,3.6499999999999995,3,31,90,TRUE,FALSE,FALSE,36,9,17
USW00023062,39.7633,-104.8694,DENVER-STAPLETON                       72469,1611,CO,2021-04-01,21.1,-2.8,0,0,0,2021,9.15,4,1,91,TRUE,FALSE,FALSE,37,9,17
USW00023062,39.7633,-104.8694,DENVER-STAPLETON                       72469,1611,CO,2021-04-02,22.2,5.6,0,0,0,2021,13.899999999999999,4,2,92,TRUE,TRUE,FALSE,38,10,17
USW00023062,39.7633,-104.8694,DENVER-STAPLETON                       72469,1611,CO,2021-04-03,22.8,4.4,0,0,0,2021,13.600000000000001,4,3,93,TRUE,TRUE,FALSE,39,11,17
USW00023062,39.7633,-104.8694,DENVER-STAPLETON                       72469,1611,CO,2021-04-04,25,3.3,0,0,0,2021,14.15,4,4,94,TRUE,TRUE,FALSE,40,12,17
USW00023062,39.7633,-104.8694,DENVER-STAPLETON                       72469,1611,CO,2021-04-05,26.1,8.9,0,0,0,2021,17.5,4,5,95,TRUE,TRUE,FALSE,41,13,17
USW00023062,39.7633,-104.8694,DENVER-STAPLETON                       72469,1611,CO,2021-04-06,13.9,2.2,58,0,0,2021,8.05,4,6,96,TRUE,TRUE,TRUE,42,14,18
USW00023062,39.7633,-104.8694,DENVER-STAPLETON                       72469,1611,CO,2021-04-07,16.7,1.1,0,0,0,2021,8.9,4,7,97,TRUE,TRUE,FALSE,43,15,18
USW00023062,39.7633,-104.8694,DENVER-STAPLETON                       72469,1611,CO,2021-04-08,21.1,6.1,0,0,0,2021,13.600000000000001,4,8,98,TRUE,TRUE,FALSE,44,16,18
USW00023062,39.7633,-104.8694,DENVER-STAPLETON                       72469,1611,CO,2021-04-09,15,1.1,0,0,0,2021,8.05,4,9,99,TRUE,TRUE,FALSE,45,17,18
USW00023062,39.7633,-104.8694,DENVER-STAPLETON                       72469,1611,CO,2021-04-10,20.6,-2.2,0,0,0,2021,9.200000000000001,4,10,100,TRUE,FALSE,FALSE,46,17,18
USW00023062,39.7633,-104.8694,DENVER-STAPLETON                       72469,1611,CO,2021-04-11,12.2,2.8,0,0,0,2021,7.5,4,11,101,TRUE,TRUE,FALSE,47,18,18
USW00023062,39.7633,-104.8694,DENVER-STAPLETON                       72469,1611,CO,2021-04-12,7.2,-1.7,0,0,0,2021,2.75,4,12,102,FALSE,FALSE,FALSE,47,18,18
USW00023062,39.7633,-104.8694,DENVER-STAPLETON                       72469,1611,CO,2021-04-13,8.3,0,0,0,0,2021,4.15,4,13,103,FALSE,FALSE,FALSE,47,18,18
USW00023062,39.7633,-104.8694,DENVER-STAPLETON                       72469,1611,CO,2021-04-14,8.9,-1.7,0,0,0,2021,3.6,4,14,104,FALSE,FALSE,FALSE,47,18,18
USW00023062,39.7633,-104.8694,DENVER-STAPLETON                       72469,1611,CO,2021-04-15,4.4,-1.7,112,117,127,2021,1.35,4,15,105,FALSE,FALSE,TRUE,47,18,19
USW00023062,39.7633,-104.8694,DENVER-STAPLETON                       72469,1611,CO,2021-04-16,1.1,-2.8,99,10,25,2021,-0.8499999999999999,4,16,106,FALSE,FALSE,TRUE,47,18,20
USW00023062,39.7633,-104.8694,DENVER-STAPLETON                       72469,1611,CO,2021-04-17,7.2,-1.7,0,0,0,2021,2.75,4,17,107,FALSE,FALSE,FALSE,47,18,20
USW00023062,39.7633,-104.8694,DENVER-STAPLETON                       72469,1611,CO,2021-04-18,13.9,-1.1,0,0,0,2021,6.4,4,18,108,TRUE,FALSE,FALSE,48,18,20
USW00023062,39.7633,-104.8694,DENVER-STAPLETON                       72469,1611,CO,2021-04-19,6.1,-6.7,61,81,76,2021,-0.30000000000000027,4,19,109,FALSE,FALSE,TRUE,48,18,21
USW00023062,39.7633,-104.8694,DENVER-STAPLETON                       72469,1611,CO,2021-04-20,1.1,-8.9,8,0,0,2021,-3.9000000000000004,4,20,110,FALSE,FALSE,TRUE,48,18,22
USW00023062,39.7633,-104.8694,DENVER-STAPLETON                       72469,1611,CO,2021-04-21,1.7,-2.8,28,33,25,2021,-0.5499999999999999,4,21,111,FALSE,FALSE,TRUE,48,18,23
USW00023062,39.7633,-104.8694,DENVER-STAPLETON                       72469,1611,CO,2021-04-22,10,-3.3,5,0,0,2021,3.35,4,22,112,TRUE,FALSE,TRUE,49,18,24
USW00023062,39.7633,-104.8694,DENVER-STAPLETON                       72469,1611,CO,2021-04-23,13.9,1.7,0,0,0,2021,7.8,4,23,113,TRUE,TRUE,FALSE,50,19,24
USW00023062,39.7633,-104.8694,DENVER-STAPLETON                       72469,1611,CO,2021-04-24,20,-0.6,0,0,0,2021,9.7,4,24,114,TRUE,FALSE,FALSE,51,19,24
USW00023062,39.7633,-104.8694,DENVER-STAPLETON                       72469,1611,CO,2021-04-25,25.6,4.4,0,0,0,2021,15,4,25,115,TRUE,TRUE,FALSE,52,20,24
USW00023062,39.7633,-104.8694,DENVER-STAPLETON                       72469,1611,CO,2021-04-26,25,9.4,0,0,0,2021,17.2,4,26,116,TRUE,TRUE,FALSE,53,21,24
USW00023062,39.7633,-104.8694,DENVER-STAPLETON                       72469,1611,CO,2021-04-27,13.9,3.9,127,0,0,2021,8.9,4,27,117,TRUE,TRUE,TRUE,54,22,25
USW00023062,39.7633,-104.8694,DENVER-STAPLETON                       72469,1611,CO,2021-04-28,14.4,2.2,51,0,0,2021,8.3,4,28,118,TRUE,TRUE,TRUE,55,23,26
USW00023062,39.7633,-104.8694,DENVER-STAPLETON                       72469,1611,CO,2021-04-29,20,2.8,0,0,0,2021,11.4,4,29,119,TRUE,TRUE,FALSE,56,24,26
USW00023062,39.7633,-104.8694,DENVER-STAPLETON                       72469,1611,CO,2021-04-30,25.6,8.3,0,0,0,2021,16.950000000000003,4,30,120,TRUE,TRUE,FALSE,57,25,26
USW00023062,39.7633,-104.8694,DENVER-STAPLETON                       72469,1611,CO,2021-05-01,28.9,12.2,0,0,0,2021,20.549999999999997,5,1,121,TRUE,TRUE,FALSE,58,26,26
USW00023062,39.7633,-104.8694,DENVER-STAPLETON                       72469,1611,CO,2021-05-02,20,8.3,36,0,0,2021,14.15,5,2,122,TRUE,TRUE,TRUE,59,27,27
USW00023062,39.7633,-104.8694,DENVER-STAPLETON                       72469,1611,CO,2021-05-03,8.3,2.8,328,0,0,2021,5.550000000000001,5,3,123,FALSE,TRUE,TRUE,59,28,28
USW00023062,39.7633,-104.8694,DENVER-STAPLETON                       72469,1611,CO,2021-05-04,14.4,2.8,0,0,0,2021,8.6,5,4,124,TRUE,TRUE,FALSE,60,29,28
USW00023062,39.7633,-104.8694,DENVER-STAPLETON                       72469,1611,CO,2021-05-05,13.9,6.7,23,0,0,2021,10.3,5,5,125,TRUE,TRUE,TRUE,61,30,29
USW00023062,39.7633,-104.8694,DENVER-STAPLETON                       72469,1611,CO,2021-05-06,22.2,3.9,0,0,0,2021,13.049999999999999,5,6,126,TRUE,TRUE,FALSE,62,31,29
USW00023062,39.7633,-104.8694,DENVER-STAPLETON                       72469,1611,CO,2021-05-07,28.3,6.7,0,0,0,2021,17.5,5,7,127,TRUE,TRUE,FALSE,63,32,29
USW00023062,39.7633,-104.8694,DENVER-STAPLETON                       72469,1611,CO,2021-05-08,22.8,8.3,15,0,0,2021,15.55,5,8,128,TRUE,TRUE,TRUE,64,33,30
USW00023062,39.7633,-104.8694,DENVER-STAPLETON                       72469,1611,CO,2021-05-09,8.3,2.8,43,0,0,2021,5.550000000000001,5,9,129,FALSE,TRUE,TRUE,64,34,31
USW00023062,39.7633,-104.8694,DENVER-STAPLETON                       72469,1611,CO,2021-05-10,7.8,0.6,58,0,0,2021,4.2,5,10,130,FALSE,TRUE,TRUE,64,35,32
USW00023062,39.7633,-104.8694,DENVER-STAPLETON                       72469,1611,CO,2021-05-11,6.1,0.6,30,0,0,2021,3.3499999999999996,5,11,131,FALSE,TRUE,TRUE,64,36,33
USW00023062,39.7633,-104.8694,DENVER-STAPLETON                       72469,1611,CO,2021-05-12,17.2,0,0,0,0,2021,8.6,5,12,132,TRUE,FALSE,FALSE,65,36,33
USW00023062,39.7633,-104.8694,DENVER-STAPLETON                       72469,1611,CO,2021-05-13,23.3,3.9,5,0,0,2021,13.6,5,13,133,TRUE,TRUE,TRUE,66,37,34
USW00023062,39.7633,-104.8694,DENVER-STAPLETON                       72469,1611,CO,2021-05-14,20,6.7,0,0,0,2021,13.35,5,14,134,TRUE,TRUE,FALSE,67,38,34
USW00023062,39.7633,-104.8694,DENVER-STAPLETON                       72469,1611,CO,2021-05-15,19.4,8.9,0,0,0,2021,14.149999999999999,5,15,135,TRUE,TRUE,FALSE,68,39,34
USW00023062,39.7633,-104.8694,DENVER-STAPLETON                       72469,1611,CO,2021-05-16,13.9,7.8,0,0,0,2021,10.85,5,16,136,TRUE,TRUE,FALSE,69,40,34
USW00023062,39.7633,-104.8694,DENVER-STAPLETON                       72469,1611,CO,2021-05-17,18.3,8.3,0,0,0,2021,13.3,5,17,137,TRUE,TRUE,FALSE,70,41,34
USW00023062,39.7633,-104.8694,DENVER-STAPLETON                       72469,1611,CO,2021-05-18,15.6,7.2,86,0,0,2021,11.4,5,18,138,TRUE,TRUE,TRUE,71,42,35
USW00023062,39.7633,-104.8694,DENVER-STAPLETON                       72469,1611,CO,2021-05-19,22.2,5.6,0,0,0,2021,13.899999999999999,5,19,139,TRUE,TRUE,FALSE,72,43,35
USW00023062,39.7633,-104.8694,DENVER-STAPLETON                       72469,1611,CO,2021-05-20,28.3,7.8,0,0,0,2021,18.05,5,20,140,TRUE,TRUE,FALSE,73,44,35
USW00023062,39.7633,-104.8694,DENVER-STAPLETON                       72469,1611,CO,2021-05-21,25.6,11.7,0,0,0,2021,18.65,5,21,141,TRUE,TRUE,FALSE,74,45,35
USW00023062,39.7633,-104.8694,DENVER-STAPLETON                       72469,1611,CO,2021-05-22,18.3,7.8,0,0,0,2021,13.05,5,22,142,TRUE,TRUE,FALSE,75,46,35
USW00023062,39.7633,-104.8694,DENVER-STAPLETON                       72469,1611,CO,2021-05-23,23.9,8.9,71,0,0,2021,16.4,5,23,143,TRUE,TRUE,TRUE,76,47,36
USW00023062,39.7633,-104.8694,DENVER-STAPLETON                       72469,1611,CO,2021-05-24,22.2,3.9,0,0,0,2021,13.049999999999999,5,24,144,TRUE,TRUE,FALSE,77,48,36
USW00023062,39.7633,-104.8694,DENVER-STAPLETON                       72469,1611,CO,2021-05-25,23.3,7.8,94,0,0,2021,15.55,5,25,145,TRUE,TRUE,TRUE,78,49,37
USW00023062,39.7633,-104.8694,DENVER-STAPLETON                       72469,1611,CO,2021-05-26,24.4,13.3,0,0,0,2021,18.85,5,26,146,TRUE,TRUE,FALSE,79,50,37
USW00023062,39.7633,-104.8694,DENVER-STAPLETON                       72469,1611,CO,2021-05-27,22.8,10.6,0,0,0,2021,16.7,5,27,147,TRUE,TRUE,FALSE,80,51,37
USW00023062,39.7633,-104.8694,DENVER-STAPLETON                       72469,1611,CO,2021-05-28,27.8,9.4,0,0,0,2021,18.6,5,28,148,TRUE,TRUE,FALSE,81,52,37
USW00023062,39.7633,-104.8694,DENVER-STAPLETON                       72469,1611,CO,2021-05-29,18.9,9.4,0,0,0,2021,14.149999999999999,5,29,149,TRUE,TRUE,FALSE,82,53,37
USW00023062,39.7633,-104.8694,DENVER-STAPLETON                       72469,1611,CO,2021-05-30,15,8.9,206,0,0,2021,11.95,5,30,150,TRUE,TRUE,TRUE,83,54,38
USW00023062,39.7633,-104.8694,DENVER-STAPLETON                       72469,1611,CO,2021-05-31,15.6,8.3,0,0,0,2021,11.95,5,31,151,TRUE,TRUE,FALSE,84,55,38
USW00023062,39.7633,-104.8694,DENVER-STAPLETON                       72469,1611,CO,2021-06-01,21.7,5.6,8,0,0,2021,13.649999999999999,6,1,152,TRUE,TRUE,TRUE,85,56,39
USW00023062,39.7633,-104.8694,DENVER-STAPLETON                       72469,1611,CO,2021-06-02,23.3,8.3,0,0,0,2021,15.8,6,2,153,TRUE,TRUE,FALSE,86,57,39
USW00023062,39.7633,-104.8694,DENVER-STAPLETON                       72469,1611,CO,2021-06-03,27.2,10,0,0,0,2021,18.6,6,3,154,TRUE,TRUE,FALSE,87,58,39
USW00023062,39.7633,-104.8694,DENVER-STAPLETON                       72469,1611,CO,2021-06-04,30.6,12.2,0,0,0,2021,21.4,6,4,155,TRUE,TRUE,FALSE,88,59,39
USW00023062,39.7633,-104.8694,DENVER-STAPLETON                       72469,1611,CO,2021-06-05,33.3,12.8,0,0,0,2021,23.049999999999997,6,5,156,TRUE,TRUE,FALSE,89,60,39
USW00023062,39.7633,-104.8694,DENVER-STAPLETON                       72469,1611,CO,2021-06-06,31.7,15.6,0,0,0,2021,23.65,6,6,157,TRUE,TRUE,FALSE,90,61,39
USW00023062,39.7633,-104.8694,DENVER-STAPLETON                       72469,1611,CO,2021-06-07,33.9,12.2,0,0,0,2021,23.049999999999997,6,7,158,TRUE,TRUE,FALSE,91,62,39
USW00023062,39.7633,-104.8694,DENVER-STAPLETON                       72469,1611,CO,2021-06-08,35,13.3,0,0,0,2021,24.15,6,8,159,TRUE,TRUE,FALSE,92,63,39
USW00023062,39.7633,-104.8694,DENVER-STAPLETON                       72469,1611,CO,2021-06-09,32.8,14.4,0,0,0,2021,23.599999999999998,6,9,160,TRUE,TRUE,FALSE,93,64,39
USW00023062,39.7633,-104.8694,DENVER-STAPLETON                       72469,1611,CO,2021-06-10,37.2,16.7,0,0,0,2021,26.950000000000003,6,10,161,TRUE,TRUE,FALSE,94,65,39
USW00023062,39.7633,-104.8694,DENVER-STAPLETON                       72469,1611,CO,2021-06-11,26.1,12.8,0,0,0,2021,19.450000000000003,6,11,162,TRUE,TRUE,FALSE,95,66,39
USW00023062,39.7633,-104.8694,DENVER-STAPLETON                       72469,1611,CO,2021-06-12,34.4,10.6,0,0,0,2021,22.5,6,12,163,TRUE,TRUE,FALSE,96,67,39
USW00023062,39.7633,-104.8694,DENVER-STAPLETON                       72469,1611,CO,2021-06-13,35,15,0,0,0,2021,25,6,13,164,TRUE,TRUE,FALSE,97,68,39
USW00023062,39.7633,-104.8694,DENVER-STAPLETON                       72469,1611,CO,2021-06-14,37.8,17.2,0,0,0,2021,27.5,6,14,165,TRUE,TRUE,FALSE,98,69,39
USW00023062,39.7633,-104.8694,DENVER-STAPLETON                       72469,1611,CO,2021-06-15,38.9,16.7,0,0,0,2021,27.799999999999997,6,15,166,TRUE,TRUE,FALSE,99,70,39
USW00023062,39.7633,-104.8694,DENVER-STAPLETON                       72469,1611,CO,2021-06-16,37.8,18.3,0,0,0,2021,28.049999999999997,6,16,167,TRUE,TRUE,FALSE,100,71,39
USW00023062,39.7633,-104.8694,DENVER-STAPLETON                       72469,1611,CO,2021-06-17,38.3,18.9,0,0,0,2021,28.599999999999998,6,17,168,TRUE,TRUE,FALSE,101,72,39
USW00023062,39.7633,-104.8694,DENVER-STAPLETON                       72469,1611,CO,2021-06-18,31.7,15.6,0,0,0,2021,23.65,6,18,169,TRUE,TRUE,FALSE,102,73,39
USW00023062,39.7633,-104.8694,DENVER-STAPLETON                       72469,1611,CO,2021-06-19,31.1,16.7,43,0,0,2021,23.9,6,19,170,TRUE,TRUE,TRUE,103,74,40
USW00023062,39.7633,-104.8694,DENVER-STAPLETON                       72469,1611,CO,2021-06-20,28.3,13.9,3,0,0,2021,21.1,6,20,171,TRUE,TRUE,TRUE,104,75,41
USW00023062,39.7633,-104.8694,DENVER-STAPLETON                       72469,1611,CO,2021-06-21,23.3,11.1,38,0,0,2021,17.2,6,21,172,TRUE,TRUE,TRUE,105,76,42
USW00023062,39.7633,-104.8694,DENVER-STAPLETON                       72469,1611,CO,2021-06-22,33.9,12.2,0,0,0,2021,23.049999999999997,6,22,173,TRUE,TRUE,FALSE,106,77,42
USW00023062,39.7633,-104.8694,DENVER-STAPLETON                       72469,1611,CO,2021-06-23,37.2,16.7,0,0,0,2021,26.950000000000003,6,23,174,TRUE,TRUE,FALSE,107,78,42
USW00023062,39.7633,-104.8694,DENVER-STAPLETON                       72469,1611,CO,2021-06-24,29.4,17.8,13,0,0,2021,23.6,6,24,175,TRUE,TRUE,TRUE,108,79,43
USW00023062,39.7633,-104.8694,DENVER-STAPLETON                       72469,1611,CO,2021-06-25,27.8,13.9,53,0,0,2021,20.85,6,25,176,TRUE,TRUE,TRUE,109,80,44
USW00023062,39.7633,-104.8694,DENVER-STAPLETON                       72469,1611,CO,2021-06-26,21.7,12.8,64,0,0,2021,17.25,6,26,177,TRUE,TRUE,TRUE,110,81,45
USW00023062,39.7633,-104.8694,DENVER-STAPLETON                       72469,1611,CO,2021-06-27,22.8,13.3,15,0,0,2021,18.05,6,27,178,TRUE,TRUE,TRUE,111,82,46
USW00023062,39.7633,-104.8694,DENVER-STAPLETON                       72469,1611,CO,2021-06-28,23.3,10.6,0,0,0,2021,16.95,6,28,179,TRUE,TRUE,FALSE,112,83,46
USW00023062,39.7633,-104.8694,DENVER-STAPLETON                       72469,1611,CO,2021-06-29,27.2,10.6,5,0,0,2021,18.9,6,29,180,TRUE,TRUE,TRUE,113,84,47
USW00023062,39.7633,-104.8694,DENVER-STAPLETON                       72469,1611,CO,2021-06-30,30,12.8,0,0,0,2021,21.4,6,30,181,TRUE,TRUE,FALSE,114,85,47
USW00023062,39.7633,-104.8694,DENVER-STAPLETON                       72469,1611,CO,2021-07-01,27.8,16.1,28,0,0,2021,21.950000000000003,7,1,182,TRUE,TRUE,TRUE,115,86,48
USW00023062,39.7633,-104.8694,DENVER-STAPLETON                       72469,1611,CO,2021-07-02,31.1,13.3,0,0,0,2021,22.200000000000003,7,2,183,TRUE,TRUE,FALSE,116,87,48
USW00023062,39.7633,-104.8694,DENVER-STAPLETON                       72469,1611,CO,2021-07-03,33.9,15.6,0,0,0,2021,24.75,7,3,184,TRUE,TRUE,FALSE,117,88,48
USW00023062,39.7633,-104.8694,DENVER-STAPLETON                       72469,1611,CO,2021-07-04,33.3,15.6,0,0,0,2021,24.45,7,4,185,TRUE,TRUE,FALSE,118,89,48
USW00023062,39.7633,-104.8694,DENVER-STAPLETON                       72469,1611,CO,2021-07-05,33.3,15.6,15,0,0,2021,24.45,7,5,186,TRUE,TRUE,TRUE,119,90,49
USW00023062,39.7633,-104.8694,DENVER-STAPLETON                       72469,1611,CO,2021-07-06,28.3,17.2,15,0,0,2021,22.75,7,6,187,TRUE,TRUE,TRUE,120,91,50
USW00023062,39.7633,-104.8694,DENVER-STAPLETON                       72469,1611,CO,2021-07-07,32.8,15.6,0,0,0,2021,24.2,7,7,188,TRUE,TRUE,FALSE,121,92,50
USW00023062,39.7633,-104.8694,DENVER-STAPLETON                       72469,1611,CO,2021-07-08,38.9,21.7,0,0,0,2021,30.299999999999997,7,8,189,TRUE,TRUE,FALSE,122,93,50
USW00023062,39.7633,-104.8694,DENVER-STAPLETON                       72469,1611,CO,2021-07-09,37.2,18.9,0,0,0,2021,28.05,7,9,190,TRUE,TRUE,FALSE,123,94,50
USW00023062,39.7633,-104.8694,DENVER-STAPLETON                       72469,1611,CO,2021-07-10,28.9,18.3,0,0,0,2021,23.6,7,10,191,TRUE,TRUE,FALSE,124,95,50
USW00023062,39.7633,-104.8694,DENVER-STAPLETON                       72469,1611,CO,2021-07-11,31.1,13.3,0,0,0,2021,22.200000000000003,7,11,192,TRUE,TRUE,FALSE,125,96,50
USW00023062,39.7633,-104.8694,DENVER-STAPLETON                       72469,1611,CO,2021-07-12,32.8,14.4,0,0,0,2021,23.599999999999998,7,12,193,TRUE,TRUE,FALSE,126,97,50
USW00023062,39.7633,-104.8694,DENVER-STAPLETON                       72469,1611,CO,2021-07-13,30.6,18.9,0,0,0,2021,24.75,7,13,194,TRUE,TRUE,FALSE,127,98,50
USW00023062,39.7633,-104.8694,DENVER-STAPLETON                       72469,1611,CO,2021-07-14,24.4,15,104,0,0,2021,19.7,7,14,195,TRUE,TRUE,TRUE,128,99,51
USW00023062,39.7633,-104.8694,DENVER-STAPLETON                       72469,1611,CO,2021-07-15,30.6,11.7,0,0,0,2021,21.15,7,15,196,TRUE,TRUE,FALSE,129,100,51
USW00023062,39.7633,-104.8694,DENVER-STAPLETON                       72469,1611,CO,2021-07-16,33.9,13.9,0,0,0,2021,23.9,7,16,197,TRUE,TRUE,FALSE,130,101,51
USW00023062,39.7633,-104.8694,DENVER-STAPLETON                       72469,1611,CO,2021-07-17,35,15,0,0,0,2021,25,7,17,198,TRUE,TRUE,FALSE,131,102,51
USW00023062,39.7633,-104.8694,DENVER-STAPLETON                       72469,1611,CO,2021-07-18,33.3,16.1,0,0,0,2021,24.7,7,18,199,TRUE,TRUE,FALSE,132,103,51
USW00023062,39.7633,-104.8694,DENVER-STAPLETON                       72469,1611,CO,2021-07-19,34.4,16.7,0,0,0,2021,25.549999999999997,7,19,200,TRUE,TRUE,FALSE,133,104,51
USW00023062,39.7633,-104.8694,DENVER-STAPLETON                       72469,1611,CO,2021-07-20,35.6,17.2,0,0,0,2021,26.4,7,20,201,TRUE,TRUE,FALSE,134,105,51
USW00023062,39.7633,-104.8694,DENVER-STAPLETON                       72469,1611,CO,2021-07-21,33.3,18.3,0,0,0,2021,25.799999999999997,7,21,202,TRUE,TRUE,FALSE,135,106,51
USW00023062,39.7633,-104.8694,DENVER-STAPLETON                       72469,1611,CO,2021-07-22,36.7,18.9,89,0,0,2021,27.8,7,22,203,TRUE,TRUE,TRUE,136,107,52
USW00023062,39.7633,-104.8694,DENVER-STAPLETON                       72469,1611,CO,2021-07-23,34.4,18.9,0,0,0,2021,26.65,7,23,204,TRUE,TRUE,FALSE,137,108,52
USW00023062,39.7633,-104.8694,DENVER-STAPLETON                       72469,1611,CO,2021-07-24,30.6,17.2,0,0,0,2021,23.9,7,24,205,TRUE,TRUE,FALSE,138,109,52
USW00023062,39.7633,-104.8694,DENVER-STAPLETON                       72469,1611,CO,2021-07-25,33.9,17.8,0,0,0,2021,25.85,7,25,206,TRUE,TRUE,FALSE,139,110,52
USW00023062,39.7633,-104.8694,DENVER-STAPLETON                       72469,1611,CO,2021-07-26,34.4,15.6,0,0,0,2021,25,7,26,207,TRUE,TRUE,FALSE,140,111,52
USW00023062,39.7633,-104.8694,DENVER-STAPLETON                       72469,1611,CO,2021-07-27,35.6,15.6,0,0,0,2021,25.6,7,27,208,TRUE,TRUE,FALSE,141,112,52
USW00023062,39.7633,-104.8694,DENVER-STAPLETON                       72469,1611,CO,2021-07-28,36.7,19.4,0,0,0,2021,28.05,7,28,209,TRUE,TRUE,FALSE,142,113,52
USW00023062,39.7633,-104.8694,DENVER-STAPLETON                       72469,1611,CO,2021-07-29,35,18.9,0,0,0,2021,26.95,7,29,210,TRUE,TRUE,FALSE,143,114,52
USW00023062,39.7633,-104.8694,DENVER-STAPLETON                       72469,1611,CO,2021-07-30,33.9,17.2,124,0,0,2021,25.549999999999997,7,30,211,TRUE,TRUE,TRUE,144,115,53
USW00023062,39.7633,-104.8694,DENVER-STAPLETON                       72469,1611,CO,2021-07-31,23.9,16.7,41,0,0,2021,20.299999999999997,7,31,212,TRUE,TRUE,TRUE,145,116,54
USW00023062,39.7633,-104.8694,DENVER-STAPLETON                       72469,1611,CO,2021-08-01,27.8,16.1,0,0,0,2021,21.950000000000003,8,1,213,TRUE,TRUE,FALSE,146,117,54
USW00023062,39.7633,-104.8694,DENVER-STAPLETON                       72469,1611,CO,2021-08-02,31.7,15,0,0,0,2021,23.35,8,2,214,TRUE,TRUE,FALSE,147,118,54
USW00023062,39.7633,-104.8694,DENVER-STAPLETON                       72469,1611,CO,2021-08-03,28.9,17.2,3,0,0,2021,23.049999999999997,8,3,215,TRUE,TRUE,TRUE,148,119,55
USW00023062,39.7633,-104.8694,DENVER-STAPLETON                       72469,1611,CO,2021-08-04,28.3,16.7,3,0,0,2021,22.5,8,4,216,TRUE,TRUE,TRUE,149,120,56
USW00023062,39.7633,-104.8694,DENVER-STAPLETON                       72469,1611,CO,2021-08-05,33.3,13.3,0,0,0,2021,23.299999999999997,8,5,217,TRUE,TRUE,FALSE,150,121,56
USW00023062,39.7633,-104.8694,DENVER-STAPLETON                       72469,1611,CO,2021-08-06,35,18.9,13,0,0,2021,26.95,8,6,218,TRUE,TRUE,TRUE,151,122,57
USW00023062,39.7633,-104.8694,DENVER-STAPLETON                       72469,1611,CO,2021-08-07,27.8,14.4,0,0,0,2021,21.1,8,7,219,TRUE,TRUE,FALSE,152,123,57
USW00023062,39.7633,-104.8694,DENVER-STAPLETON                       72469,1611,CO,2021-08-08,33.9,15,0,0,0,2021,24.45,8,8,220,TRUE,TRUE,FALSE,153,124,57
USW00023062,39.7633,-104.8694,DENVER-STAPLETON                       72469,1611,CO,2021-08-09,36.1,17.2,0,0,0,2021,26.65,8,9,221,TRUE,TRUE,FALSE,154,125,57
USW00023062,39.7633,-104.8694,DENVER-STAPLETON                       72469,1611,CO,2021-08-10,35.6,15,0,0,0,2021,25.3,8,10,222,TRUE,TRUE,FALSE,155,126,57
USW00023062,39.7633,-104.8694,DENVER-STAPLETON                       72469,1611,CO,2021-08-11,35.6,16.1,0,0,0,2021,25.85,8,11,223,TRUE,TRUE,FALSE,156,127,57
USW00023062,39.7633,-104.8694,DENVER-STAPLETON                       72469,1611,CO,2021-08-12,30,16.1,0,0,0,2021,23.05,8,12,224,TRUE,TRUE,FALSE,157,128,57
USW00023062,39.7633,-104.8694,DENVER-STAPLETON                       72469,1611,CO,2021-08-13,31.1,16.1,0,0,0,2021,23.6,8,13,225,TRUE,TRUE,FALSE,158,129,57
USW00023062,39.7633,-104.8694,DENVER-STAPLETON                       72469,1611,CO,2021-08-14,35,16.1,0,0,0,2021,25.55,8,14,226,TRUE,TRUE,FALSE,159,130,57
USW00023062,39.7633,-104.8694,DENVER-STAPLETON                       72469,1611,CO,2021-08-15,32.2,16.7,0,0,0,2021,24.450000000000003,8,15,227,TRUE,TRUE,FALSE,160,131,57
USW00023062,39.7633,-104.8694,DENVER-STAPLETON                       72469,1611,CO,2021-08-16,33.9,15.6,0,0,0,2021,24.75,8,16,228,TRUE,TRUE,FALSE,161,132,57
USW00023062,39.7633,-104.8694,DENVER-STAPLETON                       72469,1611,CO,2021-08-17,36.1,17.2,0,0,0,2021,26.65,8,17,229,TRUE,TRUE,FALSE,162,133,57
USW00023062,39.7633,-104.8694,DENVER-STAPLETON                       72469,1611,CO,2021-08-18,35,15.6,0,0,0,2021,25.3,8,18,230,TRUE,TRUE,FALSE,163,134,57
USW00023062,39.7633,-104.8694,DENVER-STAPLETON                       72469,1611,CO,2021-08-19,27.2,16.7,23,0,0,2021,21.95,8,19,231,TRUE,TRUE,TRUE,164,135,58
USW00023062,39.7633,-104.8694,DENVER-STAPLETON                       72469,1611,CO,2021-08-20,26.1,11.7,0,0,0,2021,18.9,8,20,232,TRUE,TRUE,FALSE,165,136,58
USW00023062,39.7633,-104.8694,DENVER-STAPLETON                       72469,1611,CO,2021-08-21,28.3,14.4,3,0,0,2021,21.35,8,21,233,TRUE,TRUE,TRUE,166,137,59
USW00023062,39.7633,-104.8694,DENVER-STAPLETON                       72469,1611,CO,2021-08-22,33.3,16.7,0,0,0,2021,25,8,22,234,TRUE,TRUE,FALSE,167,138,59
USW00023062,39.7633,-104.8694,DENVER-STAPLETON                       72469,1611,CO,2021-08-23,32.8,16.1,0,0,0,2021,24.45,8,23,235,TRUE,TRUE,FALSE,168,139,59
USW00023062,39.7633,-104.8694,DENVER-STAPLETON                       72469,1611,CO,2021-08-24,33.9,13.9,0,0,0,2021,23.9,8,24,236,TRUE,TRUE,FALSE,169,140,59
USW00023062,39.7633,-104.8694,DENVER-STAPLETON                       72469,1611,CO,2021-08-25,34.4,13.3,0,0,0,2021,23.85,8,25,237,TRUE,TRUE,FALSE,170,141,59
USW00023062,39.7633,-104.8694,DENVER-STAPLETON                       72469,1611,CO,2021-08-26,30,16.1,0,0,0,2021,23.05,8,26,238,TRUE,TRUE,FALSE,171,142,59
USW00023062,39.7633,-104.8694,DENVER-STAPLETON                       72469,1611,CO,2021-08-27,33.9,13.3,0,0,0,2021,23.6,8,27,239,TRUE,TRUE,FALSE,172,143,59
USW00023062,39.7633,-104.8694,DENVER-STAPLETON                       72469,1611,CO,2021-08-28,33.3,13.3,0,0,0,2021,23.299999999999997,8,28,240,TRUE,TRUE,FALSE,173,144,59
USW00023062,39.7633,-104.8694,DENVER-STAPLETON                       72469,1611,CO,2021-08-29,28.3,15,0,0,0,2021,21.65,8,29,241,TRUE,TRUE,FALSE,174,145,59
USW00023062,39.7633,-104.8694,DENVER-STAPLETON                       72469,1611,CO,2021-08-30,33.9,12.2,0,0,0,2021,23.049999999999997,8,30,242,TRUE,TRUE,FALSE,175,146,59
USW00023062,39.7633,-104.8694,DENVER-STAPLETON                       72469,1611,CO,2021-08-31,35,13.3,0,0,0,2021,24.15,8,31,243,TRUE,TRUE,FALSE,176,147,59
USW00023062,39.7633,-104.8694,DENVER-STAPLETON                       72469,1611,CO,2021-09-01,29.4,13.9,8,0,0,2021,21.65,9,1,244,TRUE,TRUE,TRUE,177,148,60
USW00023062,39.7633,-104.8694,DENVER-STAPLETON                       72469,1611,CO,2021-09-02,28.9,14.4,0,0,0,2021,21.65,9,2,245,TRUE,TRUE,FALSE,178,149,60
USW00023062,39.7633,-104.8694,DENVER-STAPLETON                       72469,1611,CO,2021-09-03,28.3,15.6,0,0,0,2021,21.95,9,3,246,TRUE,TRUE,FALSE,179,150,60
USW00023062,39.7633,-104.8694,DENVER-STAPLETON                       72469,1611,CO,2021-09-04,30,11.7,0,0,0,2021,20.85,9,4,247,TRUE,TRUE,FALSE,180,151,60
USW00023062,39.7633,-104.8694,DENVER-STAPLETON                       72469,1611,CO,2021-09-05,30.6,12.2,0,0,0,2021,21.4,9,5,248,TRUE,TRUE,FALSE,181,152,60
USW00023062,39.7633,-104.8694,DENVER-STAPLETON                       72469,1611,CO,2021-09-06,35,12.2,0,0,0,2021,23.6,9,6,249,TRUE,TRUE,FALSE,182,153,60
USW00023062,39.7633,-104.8694,DENVER-STAPLETON                       72469,1611,CO,2021-09-07,29.4,12.2,0,0,0,2021,20.799999999999997,9,7,250,TRUE,TRUE,FALSE,183,154,60
USW00023062,39.7633,-104.8694,DENVER-STAPLETON                       72469,1611,CO,2021-09-08,30.6,10,0,0,0,2021,20.3,9,8,251,TRUE,TRUE,FALSE,184,155,60
USW00023062,39.7633,-104.8694,DENVER-STAPLETON                       72469,1611,CO,2021-09-09,35,10,0,0,0,2021,22.5,9,9,252,TRUE,TRUE,FALSE,185,156,60
USW00023062,39.7633,-104.8694,DENVER-STAPLETON                       72469,1611,CO,2021-09-10,36.7,12.2,0,0,0,2021,24.450000000000003,9,10,253,TRUE,TRUE,FALSE,186,157,60
USW00023062,39.7633,-104.8694,DENVER-STAPLETON                       72469,1611,CO,2021-09-11,35.6,15,3,0,0,2021,25.3,9,11,254,TRUE,TRUE,TRUE,187,158,61
USW00023062,39.7633,-104.8694,DENVER-STAPLETON                       72469,1611,CO,2021-09-12,29.4,13.3,0,0,0,2021,21.35,9,12,255,TRUE,TRUE,FALSE,188,159,61
USW00023062,39.7633,-104.8694,DENVER-STAPLETON                       72469,1611,CO,2021-09-13,30,14.4,3,0,0,2021,22.2,9,13,256,TRUE,TRUE,TRUE,189,160,62
USW00023062,39.7633,-104.8694,DENVER-STAPLETON                       72469,1611,CO,2021-09-14,25.6,12.2,0,0,0,2021,18.9,9,14,257,TRUE,TRUE,FALSE,190,161,62
USW00023062,39.7633,-104.8694,DENVER-STAPLETON                       72469,1611,CO,2021-09-15,32.2,9.4,0,0,0,2021,20.8,9,15,258,TRUE,TRUE,FALSE,191,162,62
USW00023062,39.7633,-104.8694,DENVER-STAPLETON                       72469,1611,CO,2021-09-16,34.4,12.8,0,0,0,2021,23.6,9,16,259,TRUE,TRUE,FALSE,192,163,62
USW00023062,39.7633,-104.8694,DENVER-STAPLETON                       72469,1611,CO,2021-09-17,22.2,8.3,0,0,0,2021,15.25,9,17,260,TRUE,TRUE,FALSE,193,164,62
USW00023062,39.7633,-104.8694,DENVER-STAPLETON                       72469,1611,CO,2021-09-18,33.9,6.1,0,0,0,2021,20,9,18,261,TRUE,TRUE,FALSE,194,165,62
USW00023062,39.7633,-104.8694,DENVER-STAPLETON                       72469,1611,CO,2021-09-19,29.4,13.9,0,0,0,2021,21.65,9,19,262,TRUE,TRUE,FALSE,195,166,62
USW00023062,39.7633,-104.8694,DENVER-STAPLETON                       72469,1611,CO,2021-09-20,19.4,8.3,13,0,0,2021,13.85,9,20,263,TRUE,TRUE,TRUE,196,167,63
USW00023062,39.7633,-104.8694,DENVER-STAPLETON                       72469,1611,CO,2021-09-21,18.3,3.9,3,0,0,2021,11.1,9,21,264,TRUE,TRUE,TRUE,197,168,64
USW00023062,39.7633,-104.8694,DENVER-STAPLETON                       72469,1611,CO,2021-09-22,26.7,3.9,0,0,0,2021,15.299999999999999,9,22,265,TRUE,TRUE,FALSE,198,169,64
USW00023062,39.7633,-104.8694,DENVER-STAPLETON                       72469,1611,CO,2021-09-23,27.8,8.9,0,0,0,2021,18.35,9,23,266,TRUE,TRUE,FALSE,199,170,64
USW00023062,39.7633,-104.8694,DENVER-STAPLETON                       72469,1611,CO,2021-09-24,22.8,6.7,0,0,0,2021,14.75,9,24,267,TRUE,TRUE,FALSE,200,171,64
USW00023062,39.7633,-104.8694,DENVER-STAPLETON                       72469,1611,CO,2021-09-25,30.6,6.7,0,0,0,2021,18.650000000000002,9,25,268,TRUE,TRUE,FALSE,201,172,64
USW00023062,39.7633,-104.8694,DENVER-STAPLETON                       72469,1611,CO,2021-09-26,31.7,12.2,0,0,0,2021,21.95,9,26,269,TRUE,TRUE,FALSE,202,173,64
USW00023062,39.7633,-104.8694,DENVER-STAPLETON                       72469,1611,CO,2021-09-27,32.2,10.6,0,0,0,2021,21.400000000000002,9,27,270,TRUE,TRUE,FALSE,203,174,64
USW00023062,39.7633,-104.8694,DENVER-STAPLETON                       72469,1611,CO,2021-09-28,28.3,13.3,0,0,0,2021,20.8,9,28,271,TRUE,TRUE,FALSE,204,175,64
USW00023062,39.7633,-104.8694,DENVER-STAPLETON                       72469,1611,CO,2021-09-29,21.1,7.2,38,0,0,2021,14.15,9,29,272,TRUE,TRUE,TRUE,205,176,65
USW00023062,39.7633,-104.8694,DENVER-STAPLETON                       72469,1611,CO,2021-09-30,13.3,6.7,3,0,0,2021,10,9,30,273,TRUE,TRUE,TRUE,206,177,66
USW00023062,39.7633,-104.8694,DENVER-STAPLETON                       72469,1611,CO,2021-10-01,20,7.2,3,0,0,2021,13.6,10,1,274,TRUE,TRUE,TRUE,207,178,67
USW00023062,39.7633,-104.8694,DENVER-STAPLETON                       72469,1611,CO,2021-10-02,21.7,6.1,0,0,0,2021,13.899999999999999,10,2,275,TRUE,TRUE,FALSE,208,179,67
USW00023062,39.7633,-104.8694,DENVER-STAPLETON                       72469,1611,CO,2021-10-03,26.1,7.2,0,0,0,2021,16.650000000000002,10,3,276,TRUE,TRUE,FALSE,209,180,67
USW00023062,39.7633,-104.8694,DENVER-STAPLETON                       72469,1611,CO,2021-10-04,27.8,8.3,0,0,0,2021,18.05,10,4,277,TRUE,TRUE,FALSE,210,181,67
USW00023062,39.7633,-104.8694,DENVER-STAPLETON                       72469,1611,CO,2021-10-05,28.9,7.2,0,0,0,2021,18.05,10,5,278,TRUE,TRUE,FALSE,211,182,67
USW00023062,39.7633,-104.8694,DENVER-STAPLETON                       72469,1611,CO,2021-10-06,27.8,7.8,0,0,0,2021,17.8,10,6,279,TRUE,TRUE,FALSE,212,183,67
USW00023062,39.7633,-104.8694,DENVER-STAPLETON                       72469,1611,CO,2021-10-07,25.6,8.3,0,0,0,2021,16.950000000000003,10,7,280,TRUE,TRUE,FALSE,213,184,67
USW00023062,39.7633,-104.8694,DENVER-STAPLETON                       72469,1611,CO,2021-10-08,26.1,7.2,0,0,0,2021,16.650000000000002,10,8,281,TRUE,TRUE,FALSE,214,185,67
USW00023062,39.7633,-104.8694,DENVER-STAPLETON                       72469,1611,CO,2021-10-09,23.3,8.3,0,0,0,2021,15.8,10,9,282,TRUE,TRUE,FALSE,215,186,67
USW00023062,39.7633,-104.8694,DENVER-STAPLETON                       72469,1611,CO,2021-10-10,20,3.9,0,0,0,2021,11.95,10,10,283,TRUE,TRUE,FALSE,216,187,67
USW00023062,39.7633,-104.8694,DENVER-STAPLETON                       72469,1611,CO,2021-10-11,20.6,4.4,0,0,0,2021,12.5,10,11,284,TRUE,TRUE,FALSE,217,188,67
USW00023062,39.7633,-104.8694,DENVER-STAPLETON                       72469,1611,CO,2021-10-12,12.2,1.7,8,0,0,2021,6.949999999999999,10,12,285,TRUE,TRUE,TRUE,218,189,68
USW00023062,39.7633,-104.8694,DENVER-STAPLETON                       72469,1611,CO,2021-10-13,15.6,0.6,0,0,0,2021,8.1,10,13,286,TRUE,TRUE,FALSE,219,190,68
USW00023062,39.7633,-104.8694,DENVER-STAPLETON                       72469,1611,CO,2021-10-14,10.6,1.1,0,0,0,2021,5.85,10,14,287,TRUE,TRUE,FALSE,220,191,68
USW00023062,39.7633,-104.8694,DENVER-STAPLETON                       72469,1611,CO,2021-10-15,12.8,-2.2,0,0,0,2021,5.300000000000001,10,15,288,TRUE,FALSE,FALSE,221,191,68
USW00023062,39.7633,-104.8694,DENVER-STAPLETON                       72469,1611,CO,2021-10-16,22.2,-2.2,0,0,0,2021,10,10,16,289,TRUE,FALSE,FALSE,222,191,68
USW00023062,39.7633,-104.8694,DENVER-STAPLETON                       72469,1611,CO,2021-10-17,25,0.6,0,0,0,2021,12.8,10,17,290,TRUE,TRUE,FALSE,223,192,68
USW00023062,39.7633,-104.8694,DENVER-STAPLETON                       72469,1611,CO,2021-10-18,25,6.1,0,0,0,2021,15.55,10,18,291,TRUE,TRUE,FALSE,224,193,68
USW00023062,39.7633,-104.8694,DENVER-STAPLETON                       72469,1611,CO,2021-10-19,15,2.8,0,0,0,2021,8.9,10,19,292,TRUE,TRUE,FALSE,225,194,68
USW00023062,39.7633,-104.8694,DENVER-STAPLETON                       72469,1611,CO,2021-10-20,16.7,-2.2,0,0,0,2021,7.25,10,20,293,TRUE,FALSE,FALSE,226,194,68
USW00023062,39.7633,-104.8694,DENVER-STAPLETON                       72469,1611,CO,2021-10-21,19.4,1.7,0,0,0,2021,10.549999999999999,10,21,294,TRUE,TRUE,FALSE,227,195,68
USW00023062,39.7633,-104.8694,DENVER-STAPLETON                       72469,1611,CO,2021-10-22,23.3,1.7,0,0,0,2021,12.5,10,22,295,TRUE,TRUE,FALSE,228,196,68
USW00023062,39.7633,-104.8694,DENVER-STAPLETON                       72469,1611,CO,2021-10-23,21.7,2.8,0,0,0,2021,12.25,10,23,296,TRUE,TRUE,FALSE,229,197,68
USW00023062,39.7633,-104.8694,DENVER-STAPLETON                       72469,1611,CO,2021-10-24,18.9,2.8,0,0,0,2021,10.85,10,24,297,TRUE,TRUE,FALSE,230,198,68
USW00023062,39.7633,-104.8694,DENVER-STAPLETON                       72469,1611,CO,2021-10-25,26.1,1.1,0,0,0,2021,13.600000000000001,10,25,298,TRUE,TRUE,FALSE,231,199,68
USW00023062,39.7633,-104.8694,DENVER-STAPLETON                       72469,1611,CO,2021-10-26,23.9,2.8,3,0,0,2021,13.35,10,26,299,TRUE,TRUE,TRUE,232,200,69
USW00023062,39.7633,-104.8694,DENVER-STAPLETON                       72469,1611,CO,2021-10-27,13.9,-1.1,3,0,0,2021,6.4,10,27,300,TRUE,FALSE,TRUE,233,200,70
USW00023062,39.7633,-104.8694,DENVER-STAPLETON                       72469,1611,CO,2021-10-28,15,-0.6,0,0,0,2021,7.2,10,28,301,TRUE,FALSE,FALSE,234,200,70
USW00023062,39.7633,-104.8694,DENVER-STAPLETON                       72469,1611,CO,2021-10-29,23.9,2.2,0,0,0,2021,13.049999999999999,10,29,302,TRUE,TRUE,FALSE,235,201,70
USW00023062,39.7633,-104.8694,DENVER-STAPLETON                       72469,1611,CO,2021-10-30,21.7,5,0,0,0,2021,13.35,10,30,303,TRUE,TRUE,FALSE,236,202,70
USW00023062,39.7633,-104.8694,DENVER-STAPLETON                       72469,1611,CO,2021-10-31,7.2,0.6,0,0,0,2021,3.9,10,31,304,FALSE,TRUE,FALSE,236,203,70
USW00023062,39.7633,-104.8694,DENVER-STAPLETON                       72469,1611,CO,2021-11-01,3.9,0.6,3,0,0,2021,2.25,11,1,305,FALSE,TRUE,TRUE,236,204,71
USW00023062,39.7633,-104.8694,DENVER-STAPLETON                       72469,1611,CO,2021-11-02,5.6,1.7,8,0,0,2021,3.65,11,2,306,FALSE,TRUE,TRUE,236,205,72
USW00023062,39.7633,-104.8694,DENVER-STAPLETON                       72469,1611,CO,2021-11-03,15,0.6,0,0,0,2021,7.8,11,3,307,TRUE,TRUE,FALSE,237,206,72
USW00023062,39.7633,-104.8694,DENVER-STAPLETON                       72469,1611,CO,2021-11-04,21.1,0,0,0,0,2021,10.55,11,4,308,TRUE,FALSE,FALSE,238,206,72
USW00023062,39.7633,-104.8694,DENVER-STAPLETON                       72469,1611,CO,2021-11-05,24.4,5,0,0,0,2021,14.7,11,5,309,TRUE,TRUE,FALSE,239,207,72
USW00023062,39.7633,-104.8694,DENVER-STAPLETON                       72469,1611,CO,2021-11-06,26.7,0.6,0,0,0,2021,13.65,11,6,310,TRUE,TRUE,FALSE,240,208,72
USW00023062,39.7633,-104.8694,DENVER-STAPLETON                       72469,1611,CO,2021-11-07,25.6,1.1,0,0,0,2021,13.350000000000001,11,7,311,TRUE,TRUE,FALSE,241,209,72
USW00023062,39.7633,-104.8694,DENVER-STAPLETON                       72469,1611,CO,2021-11-08,9.4,0,0,0,0,2021,4.7,11,8,312,FALSE,FALSE,FALSE,241,209,72
USW00023062,39.7633,-104.8694,DENVER-STAPLETON                       72469,1611,CO,2021-11-09,12.8,-2.2,0,0,0,2021,5.300000000000001,11,9,313,TRUE,FALSE,FALSE,242,209,72
USW00023062,39.7633,-104.8694,DENVER-STAPLETON                       72469,1611,CO,2021-11-10,14.4,1.7,0,0,0,2021,8.05,11,10,314,TRUE,TRUE,FALSE,243,210,72
USW00023062,39.7633,-104.8694,DENVER-STAPLETON                       72469,1611,CO,2021-11-11,13.3,0.6,0,0,0,2021,6.95,11,11,315,TRUE,TRUE,FALSE,244,211,72
USW00023062,39.7633,-104.8694,DENVER-STAPLETON                       72469,1611,CO,2021-11-12,13.3,-3.3,0,0,0,2021,5,11,12,316,TRUE,FALSE,FALSE,245,211,72
USW00023062,39.7633,-104.8694,DENVER-STAPLETON                       72469,1611,CO,2021-11-13,19.4,3.9,0,0,0,2021,11.649999999999999,11,13,317,TRUE,TRUE,FALSE,246,212,72
USW00023062,39.7633,-104.8694,DENVER-STAPLETON                       72469,1611,CO,2021-11-14,19.4,-1.7,0,0,0,2021,8.85,11,14,318,TRUE,FALSE,FALSE,247,212,72
USW00023062,39.7633,-104.8694,DENVER-STAPLETON                       72469,1611,CO,2021-11-15,22.8,12.2,0,0,0,2021,17.5,11,15,319,TRUE,TRUE,FALSE,248,213,72
USW00023062,39.7633,-104.8694,DENVER-STAPLETON                       72469,1611,CO,2021-11-16,22.2,3.3,0,0,0,2021,12.75,11,16,320,TRUE,TRUE,FALSE,249,214,72
USW00023062,39.7633,-104.8694,DENVER-STAPLETON                       72469,1611,CO,2021-11-17,3.3,-5.6,0,0,0,2021,-1.15,11,17,321,FALSE,FALSE,FALSE,249,214,72
USW00023062,39.7633,-104.8694,DENVER-STAPLETON                       72469,1611,CO,2021-11-18,12.2,-8.9,0,0,0,2021,1.6499999999999995,11,18,322,TRUE,FALSE,FALSE,250,214,72
USW00023062,39.7633,-104.8694,DENVER-STAPLETON                       72469,1611,CO,2021-11-19,18.9,1.1,0,0,0,2021,10,11,19,323,TRUE,TRUE,FALSE,251,215,72
USW00023062,39.7633,-104.8694,DENVER-STAPLETON                       72469,1611,CO,2021-11-20,12.8,-1.1,3,0,0,2021,5.8500000000000005,11,20,324,TRUE,FALSE,TRUE,252,215,73
USW00023062,39.7633,-104.8694,DENVER-STAPLETON                       72469,1611,CO,2021-11-21,14.4,-3.3,0,0,0,2021,5.550000000000001,11,21,325,TRUE,FALSE,FALSE,253,215,73
USW00023062,39.7633,-104.8694,DENVER-STAPLETON                       72469,1611,CO,2021-11-22,21.1,-1.7,0,0,0,2021,9.700000000000001,11,22,326,TRUE,FALSE,FALSE,254,215,73
USW00023062,39.7633,-104.8694,DENVER-STAPLETON                       72469,1611,CO,2021-11-23,21.1,-1.1,0,0,0,2021,10,11,23,327,TRUE,FALSE,FALSE,255,215,73
USW00023062,39.7633,-104.8694,DENVER-STAPLETON                       72469,1611,CO,2021-11-24,12.2,-5,0,0,0,2021,3.5999999999999996,11,24,328,TRUE,FALSE,FALSE,256,215,73
USW00023062,39.7633,-104.8694,DENVER-STAPLETON                       72469,1611,CO,2021-11-25,15,-5,0,0,0,2021,5,11,25,329,TRUE,FALSE,FALSE,257,215,73
USW00023062,39.7633,-104.8694,DENVER-STAPLETON                       72469,1611,CO,2021-11-26,19.4,3.3,0,0,0,2021,11.35,11,26,330,TRUE,TRUE,FALSE,258,216,73
USW00023062,39.7633,-104.8694,DENVER-STAPLETON                       72469,1611,CO,2021-11-27,11.7,-1.1,0,0,0,2021,5.3,11,27,331,TRUE,FALSE,FALSE,259,216,73
USW00023062,39.7633,-104.8694,DENVER-STAPLETON                       72469,1611,CO,2021-11-28,20.6,-1.7,0,0,0,2021,9.450000000000001,11,28,332,TRUE,FALSE,FALSE,260,216,73
USW00023062,39.7633,-104.8694,DENVER-STAPLETON                       72469,1611,CO,2021-11-29,22.8,3.9,0,0,0,2021,13.35,11,29,333,TRUE,TRUE,FALSE,261,217,73
USW00023062,39.7633,-104.8694,DENVER-STAPLETON                       72469,1611,CO,2021-11-30,16.7,1.1,0,0,0,2021,8.9,11,30,334,TRUE,TRUE,FALSE,262,218,73
USW00023062,39.7633,-104.8694,DENVER-STAPLETON                       72469,1611,CO,2021-12-01,23.3,2.2,0,0,0,2021,12.75,12,1,335,TRUE,TRUE,FALSE,263,219,73
USW00023062,39.7633,-104.8694,DENVER-STAPLETON                       72469,1611,CO,2021-12-02,21.7,6.7,0,0,0,2021,14.2,12,2,336,TRUE,TRUE,FALSE,264,220,73
USW00023062,39.7633,-104.8694,DENVER-STAPLETON                       72469,1611,CO,2021-12-03,17.2,0,0,0,0,2021,8.6,12,3,337,TRUE,FALSE,FALSE,265,220,73
USW00023062,39.7633,-104.8694,DENVER-STAPLETON                       72469,1611,CO,2021-12-04,19.4,-2.8,0,0,0,2021,8.299999999999999,12,4,338,TRUE,FALSE,FALSE,266,220,73
USW00023062,39.7633,-104.8694,DENVER-STAPLETON                       72469,1611,CO,2021-12-05,16.7,-6.1,0,0,0,2021,5.3,12,5,339,TRUE,FALSE,FALSE,267,220,73
USW00023062,39.7633,-104.8694,DENVER-STAPLETON                       72469,1611,CO,2021-12-06,7.2,-7.2,0,0,0,2021,0,12,6,340,FALSE,FALSE,FALSE,267,220,73
USW00023062,39.7633,-104.8694,DENVER-STAPLETON                       72469,1611,CO,2021-12-07,12.8,-0.6,0,0,0,2021,6.1000000000000005,12,7,341,TRUE,FALSE,FALSE,268,220,73
USW00023062,39.7633,-104.8694,DENVER-STAPLETON                       72469,1611,CO,2021-12-08,11.7,-0.6,0,0,0,2021,5.55,12,8,342,TRUE,FALSE,FALSE,269,220,73
USW00023062,39.7633,-104.8694,DENVER-STAPLETON                       72469,1611,CO,2021-12-09,12.2,-2.8,0,0,0,2021,4.699999999999999,12,9,343,TRUE,FALSE,FALSE,270,220,73
USW00023062,39.7633,-104.8694,DENVER-STAPLETON                       72469,1611,CO,2021-12-10,1.7,-5.6,23,13,0,2021,-1.9499999999999997,12,10,344,FALSE,FALSE,TRUE,270,220,74
USW00023062,39.7633,-104.8694,DENVER-STAPLETON                       72469,1611,CO,2021-12-11,11.1,-10,0,0,0,2021,0.5499999999999998,12,11,345,TRUE,FALSE,FALSE,271,220,74
USW00023062,39.7633,-104.8694,DENVER-STAPLETON                       72469,1611,CO,2021-12-12,17.2,-1.7,0,0,0,2021,7.75,12,12,346,TRUE,FALSE,FALSE,272,220,74
USW00023062,39.7633,-104.8694,DENVER-STAPLETON                       72469,1611,CO,2021-12-13,13.9,-4.4,0,0,0,2021,4.75,12,13,347,TRUE,FALSE,FALSE,273,220,74
USW00023062,39.7633,-104.8694,DENVER-STAPLETON                       72469,1611,CO,2021-12-14,18.9,-4.4,0,0,0,2021,7.249999999999999,12,14,348,TRUE,FALSE,FALSE,274,220,74
USW00023062,39.7633,-104.8694,DENVER-STAPLETON                       72469,1611,CO,2021-12-15,11.7,-2.2,8,0,0,2021,4.75,12,15,349,TRUE,FALSE,TRUE,275,220,75
USW00023062,39.7633,-104.8694,DENVER-STAPLETON                       72469,1611,CO,2021-12-16,10.6,-8.9,0,0,0,2021,0.8499999999999996,12,16,350,TRUE,FALSE,FALSE,276,220,75
USW00023062,39.7633,-104.8694,DENVER-STAPLETON                       72469,1611,CO,2021-12-17,6.7,-8.9,0,0,0,2021,-1.1,12,17,351,FALSE,FALSE,FALSE,276,220,75
USW00023062,39.7633,-104.8694,DENVER-STAPLETON                       72469,1611,CO,2021-12-18,4.4,-13.9,0,0,0,2021,-4.75,12,18,352,FALSE,FALSE,FALSE,276,220,75
USW00023062,39.7633,-104.8694,DENVER-STAPLETON                       72469,1611,CO,2021-12-19,16.7,-8.3,0,0,0,2021,4.199999999999999,12,19,353,TRUE,FALSE,FALSE,277,220,75
USW00023062,39.7633,-104.8694,DENVER-STAPLETON                       72469,1611,CO,2021-12-20,16.7,-4.4,0,0,0,2021,6.1499999999999995,12,20,354,TRUE,FALSE,FALSE,278,220,75
USW00023062,39.7633,-104.8694,DENVER-STAPLETON                       72469,1611,CO,2021-12-21,16.7,-4.4,0,0,0,2021,6.1499999999999995,12,21,355,TRUE,FALSE,FALSE,279,220,75
USW00023062,39.7633,-104.8694,DENVER-STAPLETON                       72469,1611,CO,2021-12-22,17.8,-1.7,0,0,0,2021,8.05,12,22,356,TRUE,FALSE,FALSE,280,220,75
USW00023062,39.7633,-104.8694,DENVER-STAPLETON                       72469,1611,CO,2021-12-23,18.3,-2.8,0,0,0,2021,7.75,12,23,357,TRUE,FALSE,FALSE,281,220,75
USW00023062,39.7633,-104.8694,DENVER-STAPLETON                       72469,1611,CO,2021-12-24,11.1,-2.8,3,0,0,2021,4.15,12,24,358,TRUE,FALSE,TRUE,282,220,76
USW00023062,39.7633,-104.8694,DENVER-STAPLETON                       72469,1611,CO,2021-12-25,12.8,-2.8,0,0,0,2021,5,12,25,359,TRUE,FALSE,FALSE,283,220,76
USW00023062,39.7633,-104.8694,DENVER-STAPLETON                       72469,1611,CO,2021-12-26,12.8,-5,0,0,0,2021,3.9000000000000004,12,26,360,TRUE,FALSE,FALSE,284,220,76
USW00023062,39.7633,-104.8694,DENVER-STAPLETON                       72469,1611,CO,2021-12-27,10.6,-9.4,0,0,0,2021,0.5999999999999996,12,27,361,TRUE,FALSE,FALSE,285,220,76
USW00023062,39.7633,-104.8694,DENVER-STAPLETON                       72469,1611,CO,2021-12-28,1.1,-9.4,0,0,0,2021,-4.15,12,28,362,FALSE,FALSE,FALSE,285,220,76
USW00023062,39.7633,-104.8694,DENVER-STAPLETON                       72469,1611,CO,2021-12-29,1.7,-11.7,0,0,0,2021,-5,12,29,363,FALSE,FALSE,FALSE,285,220,76
USW00023062,39.7633,-104.8694,DENVER-STAPLETON                       72469,1611,CO,2021-12-30,10,-10.6,0,0,0,2021,-0.2999999999999998,12,30,364,TRUE,FALSE,FALSE,286,220,76
USW00023062,39.7633,-104.8694,DENVER-STAPLETON                       72469,1611,CO,2021-12-31,3.3,-11.1,38,91,102,2021,-3.9,12,31,365,FALSE,FALSE,TRUE,286,220,77
USW00023062,39.7633,-104.8694,DENVER-STAPLETON                       72469,1611,CO,2022-01-01,-11.1,-18.3,20,25,76,2022,-14.7,1,1,1,FALSE,FALSE,TRUE,0,0,1
USW00023062,39.7633,-104.8694,DENVER-STAPLETON                       72469,1611,CO,2022-01-02,7.8,-14.4,0,0,51,2022,-3.3000000000000003,1,2,2,FALSE,FALSE,FALSE,0,0,1
USW00023062,39.7633,-104.8694,DENVER-STAPLETON                       72469,1611,CO,2022-01-03,13.3,-7.8,0,0,51,2022,2.7500000000000004,1,3,3,TRUE,FALSE,FALSE,1,0,1
USW00023062,39.7633,-104.8694,DENVER-STAPLETON                       72469,1611,CO,2022-01-04,9.4,-6.1,0,0,25,2022,1.6500000000000004,1,4,4,FALSE,FALSE,FALSE,1,0,1
USW00023062,39.7633,-104.8694,DENVER-STAPLETON                       72469,1611,CO,2022-01-05,1.1,-16.7,28,NA,NA,2022,-7.8,1,5,5,FALSE,FALSE,TRUE,1,0,2
USW00023062,39.7633,-104.8694,DENVER-STAPLETON                       72469,1611,CO,2022-01-06,-7.8,-17.2,20,NA,102,2022,-12.5,1,6,6,FALSE,FALSE,TRUE,1,0,3
USW00023062,39.7633,-104.8694,DENVER-STAPLETON                       72469,1611,CO,2022-01-07,16.7,-8.3,0,0,76,2022,4.199999999999999,1,7,7,TRUE,FALSE,FALSE,2,0,3
USW00023062,39.7633,-104.8694,DENVER-STAPLETON                       72469,1611,CO,2022-01-08,6.1,-3.9,0,0,51,2022,1.0999999999999999,1,8,8,FALSE,FALSE,FALSE,2,0,3
USW00023062,39.7633,-104.8694,DENVER-STAPLETON                       72469,1611,CO,2022-01-09,2.2,-7.8,0,0,25,2022,-2.8,1,9,9,FALSE,FALSE,FALSE,2,0,3
USW00023062,39.7633,-104.8694,DENVER-STAPLETON                       72469,1611,CO,2022-01-10,14.4,-5,0,0,0,2022,4.7,1,10,10,TRUE,FALSE,FALSE,3,0,3
USW00023062,39.7633,-104.8694,DENVER-STAPLETON                       72469,1611,CO,2022-01-11,14.4,-1.1,0,0,0,2022,6.65,1,11,11,TRUE,FALSE,FALSE,4,0,3
USW00023062,39.7633,-104.8694,DENVER-STAPLETON                       72469,1611,CO,2022-01-12,13.9,-2.8,0,0,0,2022,5.550000000000001,1,12,12,TRUE,FALSE,FALSE,5,0,3
USW00023062,39.7633,-104.8694,DENVER-STAPLETON                       72469,1611,CO,2022-01-13,17.8,0,0,0,0,2022,8.9,1,13,13,TRUE,FALSE,FALSE,6,0,3
USW00023062,39.7633,-104.8694,DENVER-STAPLETON                       72469,1611,CO,2022-01-14,5,-3.3,0,0,0,2022,0.8500000000000001,1,14,14,FALSE,FALSE,FALSE,6,0,3
USW00023062,39.7633,-104.8694,DENVER-STAPLETON                       72469,1611,CO,2022-01-15,10.6,-8.3,0,0,0,2022,1.1499999999999995,1,15,15,TRUE,FALSE,FALSE,7,0,3
USW00023062,39.7633,-104.8694,DENVER-STAPLETON                       72469,1611,CO,2022-01-16,14.4,-3.9,0,0,0,2022,5.25,1,16,16,TRUE,FALSE,FALSE,8,0,3
USW00023062,39.7633,-104.8694,DENVER-STAPLETON                       72469,1611,CO,2022-01-17,16.1,-5,0,0,0,2022,5.550000000000001,1,17,17,TRUE,FALSE,FALSE,9,0,3
USW00023062,39.7633,-104.8694,DENVER-STAPLETON                       72469,1611,CO,2022-01-18,13.3,-2.8,0,0,0,2022,5.25,1,18,18,TRUE,FALSE,FALSE,10,0,3
USW00023062,39.7633,-104.8694,DENVER-STAPLETON                       72469,1611,CO,2022-01-19,0,-7.8,0,0,0,2022,-3.9,1,19,19,FALSE,FALSE,FALSE,10,0,3
USW00023062,39.7633,-104.8694,DENVER-STAPLETON                       72469,1611,CO,2022-01-20,3.9,-8.3,0,NA,0,2022,-2.2,1,20,20,FALSE,FALSE,FALSE,10,0,3
USW00023062,39.7633,-104.8694,DENVER-STAPLETON                       72469,1611,CO,2022-01-21,0.6,-6.1,15,NA,0,2022,-2.75,1,21,21,FALSE,FALSE,TRUE,10,0,4
USW00023062,39.7633,-104.8694,DENVER-STAPLETON                       72469,1611,CO,2022-01-22,6.1,-5.6,0,0,0,2022,0.25,1,22,22,FALSE,FALSE,FALSE,10,0,4
USW00023062,39.7633,-104.8694,DENVER-STAPLETON                       72469,1611,CO,2022-01-23,12.2,-5,0,0,0,2022,3.5999999999999996,1,23,23,TRUE,FALSE,FALSE,11,0,4
USW00023062,39.7633,-104.8694,DENVER-STAPLETON                       72469,1611,CO,2022-01-24,6.7,-5,0,0,0,2022,0.8500000000000001,1,24,24,FALSE,FALSE,FALSE,11,0,4
USW00023062,39.7633,-104.8694,DENVER-STAPLETON                       72469,1611,CO,2022-01-25,-0.6,-10.6,38,117,102,2022,-5.6,1,25,25,FALSE,FALSE,TRUE,11,0,5
USW00023062,39.7633,-104.8694,DENVER-STAPLETON                       72469,1611,CO,2022-01-26,1.7,-15.6,0,0,76,2022,-6.95,1,26,26,FALSE,FALSE,FALSE,11,0,5
USW00023062,39.7633,-104.8694,DENVER-STAPLETON                       72469,1611,CO,2022-01-27,0,-11.1,30,56,127,2022,-5.55,1,27,27,FALSE,FALSE,TRUE,11,0,6
USW00023062,39.7633,-104.8694,DENVER-STAPLETON                       72469,1611,CO,2022-01-28,9.4,-13.3,0,0,76,2022,-1.9500000000000002,1,28,28,FALSE,FALSE,FALSE,11,0,6
USW00023062,39.7633,-104.8694,DENVER-STAPLETON                       72469,1611,CO,2022-01-29,13.9,-5,0,0,51,2022,4.45,1,29,29,TRUE,FALSE,FALSE,12,0,6
USW00023062,39.7633,-104.8694,DENVER-STAPLETON                       72469,1611,CO,2022-01-30,15,-8.9,0,0,51,2022,3.05,1,30,30,TRUE,FALSE,FALSE,13,0,6
USW00023062,39.7633,-104.8694,DENVER-STAPLETON                       72469,1611,CO,2022-01-31,16.1,-5,0,0,0,2022,5.550000000000001,1,31,31,TRUE,FALSE,FALSE,14,0,6
USW00023062,39.7633,-104.8694,DENVER-STAPLETON                       72469,1611,CO,2022-02-01,0.6,-8.3,36,74,76,2022,-3.8500000000000005,2,1,32,FALSE,FALSE,TRUE,14,0,7
USW00023062,39.7633,-104.8694,DENVER-STAPLETON                       72469,1611,CO,2022-02-02,-8.3,-18.9,89,180,229,2022,-13.6,2,2,33,FALSE,FALSE,TRUE,14,0,8
USW00023062,39.7633,-104.8694,DENVER-STAPLETON                       72469,1611,CO,2022-02-03,-7.2,-23.9,0,0,127,2022,-15.549999999999999,2,3,34,FALSE,FALSE,FALSE,14,0,8
USW00023062,39.7633,-104.8694,DENVER-STAPLETON                       72469,1611,CO,2022-02-04,6.7,-15.6,0,0,76,2022,-4.449999999999999,2,4,35,FALSE,FALSE,FALSE,14,0,8
USW00023062,39.7633,-104.8694,DENVER-STAPLETON                       72469,1611,CO,2022-02-05,9.4,-5,0,0,25,2022,2.2,2,5,36,FALSE,FALSE,FALSE,14,0,8
USW00023062,39.7633,-104.8694,DENVER-STAPLETON                       72469,1611,CO,2022-02-06,3.9,-3.9,0,0,25,2022,0,2,6,37,FALSE,FALSE,FALSE,14,0,8
USW00023062,39.7633,-104.8694,DENVER-STAPLETON                       72469,1611,CO,2022-02-07,12.8,-5,0,0,0,2022,3.9000000000000004,2,7,38,TRUE,FALSE,FALSE,15,0,8
USW00023062,39.7633,-104.8694,DENVER-STAPLETON                       72469,1611,CO,2022-02-08,9.4,-1.1,0,0,0,2022,4.15,2,8,39,FALSE,FALSE,FALSE,15,0,8
USW00023062,39.7633,-104.8694,DENVER-STAPLETON                       72469,1611,CO,2022-02-09,13.9,-2.8,0,0,0,2022,5.550000000000001,2,9,40,TRUE,FALSE,FALSE,16,0,8
USW00023062,39.7633,-104.8694,DENVER-STAPLETON                       72469,1611,CO,2022-02-10,17.2,-0.6,0,0,0,2022,8.299999999999999,2,10,41,TRUE,FALSE,FALSE,17,0,8
USW00023062,39.7633,-104.8694,DENVER-STAPLETON                       72469,1611,CO,2022-02-11,11.7,-5,81,97,102,2022,3.3499999999999996,2,11,42,TRUE,FALSE,TRUE,18,0,9
USW00023062,39.7633,-104.8694,DENVER-STAPLETON                       72469,1611,CO,2022-02-12,7.2,-11.7,0,0,51,2022,-2.2499999999999996,2,12,43,FALSE,FALSE,FALSE,18,0,9
USW00023062,39.7633,-104.8694,DENVER-STAPLETON                       72469,1611,CO,2022-02-13,13.3,-5,0,0,0,2022,4.15,2,13,44,TRUE,FALSE,FALSE,19,0,9
USW00023062,39.7633,-104.8694,DENVER-STAPLETON                       72469,1611,CO,2022-02-14,12.8,-3.9,0,0,0,2022,4.45,2,14,45,TRUE,FALSE,FALSE,20,0,9
USW00023062,39.7633,-104.8694,DENVER-STAPLETON                       72469,1611,CO,2022-02-15,13.3,-1.7,0,0,0,2022,5.800000000000001,2,15,46,TRUE,FALSE,FALSE,21,0,9
USW00023062,39.7633,-104.8694,DENVER-STAPLETON                       72469,1611,CO,2022-02-16,3.3,-8.3,56,76,76,2022,-2.5000000000000004,2,16,47,FALSE,FALSE,TRUE,21,0,10
USW00023062,39.7633,-104.8694,DENVER-STAPLETON                       72469,1611,CO,2022-02-17,1.7,-12.2,3,13,51,2022,-5.25,2,17,48,FALSE,FALSE,TRUE,21,0,11
USW00023062,39.7633,-104.8694,DENVER-STAPLETON                       72469,1611,CO,2022-02-18,8.9,-6.7,0,0,0,2022,1.1,2,18,49,FALSE,FALSE,FALSE,21,0,11
USW00023062,39.7633,-104.8694,DENVER-STAPLETON                       72469,1611,CO,2022-02-19,15.6,-2.2,0,0,0,2022,6.699999999999999,2,19,50,TRUE,FALSE,FALSE,22,0,11
USW00023062,39.7633,-104.8694,DENVER-STAPLETON                       72469,1611,CO,2022-02-20,18.3,-1.7,0,0,0,2022,8.3,2,20,51,TRUE,FALSE,FALSE,23,0,11
USW00023062,39.7633,-104.8694,DENVER-STAPLETON                       72469,1611,CO,2022-02-21,12.2,-15.6,0,0,0,2022,-1.7000000000000002,2,21,52,TRUE,FALSE,FALSE,24,0,11
USW00023062,39.7633,-104.8694,DENVER-STAPLETON                       72469,1611,CO,2022-02-22,-13.3,-18.9,18,33,25,2022,-16.1,2,22,53,FALSE,FALSE,TRUE,24,0,12
USW00023062,39.7633,-104.8694,DENVER-STAPLETON                       72469,1611,CO,2022-02-23,-12.2,-18.9,13,33,76,2022,-15.549999999999999,2,23,54,FALSE,FALSE,TRUE,24,0,13
USW00023062,39.7633,-104.8694,DENVER-STAPLETON                       72469,1611,CO,2022-02-24,-4.4,-16.1,20,28,76,2022,-10.25,2,24,55,FALSE,FALSE,TRUE,24,0,14
USW00023062,39.7633,-104.8694,DENVER-STAPLETON                       72469,1611,CO,2022-02-25,-3.9,-16.1,0,0,51,2022,-10,2,25,56,FALSE,FALSE,FALSE,24,0,14
USW00023062,39.7633,-104.8694,DENVER-STAPLETON                       72469,1611,CO,2022-02-26,5.6,-12.2,0,0,25,2022,-3.3,2,26,57,FALSE,FALSE,FALSE,24,0,14
USW00023062,39.7633,-104.8694,DENVER-STAPLETON                       72469,1611,CO,2022-02-27,16.1,-8.9,0,0,25,2022,3.6000000000000005,2,27,58,TRUE,FALSE,FALSE,25,0,14
USW00023062,39.7633,-104.8694,DENVER-STAPLETON                       72469,1611,CO,2022-02-28,18.9,0,0,0,0,2022,9.45,2,28,59,TRUE,FALSE,FALSE,26,0,14
USW00023062,39.7633,-104.8694,DENVER-STAPLETON                       72469,1611,CO,2022-03-01,21.1,5.6,0,0,0,2022,13.350000000000001,3,1,60,TRUE,TRUE,FALSE,27,1,14
USW00023062,39.7633,-104.8694,DENVER-STAPLETON                       72469,1611,CO,2022-03-02,21.1,3.9,0,0,0,2022,12.5,3,2,61,TRUE,TRUE,FALSE,28,2,14
USW00023062,39.7633,-104.8694,DENVER-STAPLETON                       72469,1611,CO,2022-03-03,21.7,2.2,0,0,0,2022,11.95,3,3,62,TRUE,TRUE,FALSE,29,3,14
USW00023062,39.7633,-104.8694,DENVER-STAPLETON                       72469,1611,CO,2022-03-04,22.8,0.6,0,0,0,2022,11.700000000000001,3,4,63,TRUE,TRUE,FALSE,30,4,14
USW00023062,39.7633,-104.8694,DENVER-STAPLETON                       72469,1611,CO,2022-03-05,19.4,0.6,0,0,0,2022,10,3,5,64,TRUE,TRUE,FALSE,31,5,14
USW00023062,39.7633,-104.8694,DENVER-STAPLETON                       72469,1611,CO,2022-03-06,0.6,-7.2,28,51,51,2022,-3.3000000000000003,3,6,65,FALSE,FALSE,TRUE,31,5,15
USW00023062,39.7633,-104.8694,DENVER-STAPLETON                       72469,1611,CO,2022-03-07,-5.6,-12.8,20,25,76,2022,-9.2,3,7,66,FALSE,FALSE,TRUE,31,5,16
USW00023062,39.7633,-104.8694,DENVER-STAPLETON                       72469,1611,CO,2022-03-08,-1.1,-9.4,0,0,0,2022,-5.25,3,8,67,FALSE,FALSE,FALSE,31,5,16
USW00023062,39.7633,-104.8694,DENVER-STAPLETON                       72469,1611,CO,2022-03-09,3.9,-8.9,3,0,0,2022,-2.5,3,9,68,FALSE,FALSE,TRUE,31,5,17
USW00023062,39.7633,-104.8694,DENVER-STAPLETON                       72469,1611,CO,2022-03-10,-8.3,-18.3,18,38,51,2022,-13.3,3,10,69,FALSE,FALSE,TRUE,31,5,18
USW00023062,39.7633,-104.8694,DENVER-STAPLETON                       72469,1611,CO,2022-03-11,-5.6,-15,0,0,25,2022,-10.3,3,11,70,FALSE,FALSE,FALSE,31,5,18
USW00023062,39.7633,-104.8694,DENVER-STAPLETON                       72469,1611,CO,2022-03-12,2.2,-15,0,0,0,2022,-6.4,3,12,71,FALSE,FALSE,FALSE,31,5,18
USW00023062,39.7633,-104.8694,DENVER-STAPLETON                       72469,1611,CO,2022-03-13,14.4,-2.8,0,0,0,2022,5.800000000000001,3,13,72,TRUE,FALSE,FALSE,32,5,18
USW00023062,39.7633,-104.8694,DENVER-STAPLETON                       72469,1611,CO,2022-03-14,16.7,-1.1,0,0,0,2022,7.8,3,14,73,TRUE,FALSE,FALSE,33,5,18
USW00023062,39.7633,-104.8694,DENVER-STAPLETON                       72469,1611,CO,2022-03-15,12.2,-2.2,0,0,0,2022,5,3,15,74,TRUE,FALSE,FALSE,34,5,18
USW00023062,39.7633,-104.8694,DENVER-STAPLETON                       72469,1611,CO,2022-03-16,20,-2.2,0,0,0,2022,8.9,3,16,75,TRUE,FALSE,FALSE,35,5,18
USW00023062,39.7633,-104.8694,DENVER-STAPLETON                       72469,1611,CO,2022-03-17,12.2,-0.6,140,76,76,2022,5.8,3,17,76,TRUE,FALSE,TRUE,36,5,19
USW00023062,39.7633,-104.8694,DENVER-STAPLETON                       72469,1611,CO,2022-03-18,1.7,-5,53,13,76,2022,-1.65,3,18,77,FALSE,FALSE,TRUE,36,5,20
USW00023062,39.7633,-104.8694,DENVER-STAPLETON                       72469,1611,CO,2022-03-19,10.6,-5,0,0,25,2022,2.8,3,19,78,TRUE,FALSE,FALSE,37,5,20
USW00023062,39.7633,-104.8694,DENVER-STAPLETON                       72469,1611,CO,2022-03-20,15,-2.2,0,0,0,2022,6.4,3,20,79,TRUE,FALSE,FALSE,38,5,20
USW00023062,39.7633,-104.8694,DENVER-STAPLETON                       72469,1611,CO,2022-03-21,18.9,0.6,0,0,0,2022,9.75,3,21,80,TRUE,TRUE,FALSE,39,6,20
USW00023062,39.7633,-104.8694,DENVER-STAPLETON                       72469,1611,CO,2022-03-22,4.4,-2.2,5,8,0,2022,1.1,3,22,81,FALSE,FALSE,TRUE,39,6,21
USW00023062,39.7633,-104.8694,DENVER-STAPLETON                       72469,1611,CO,2022-03-23,6.1,-4.4,0,0,0,2022,0.8499999999999996,3,23,82,FALSE,FALSE,FALSE,39,6,21
USW00023062,39.7633,-104.8694,DENVER-STAPLETON                       72469,1611,CO,2022-03-24,12.2,-4.4,0,0,0,2022,3.8999999999999995,3,24,83,TRUE,FALSE,FALSE,40,6,21
USW00023062,39.7633,-104.8694,DENVER-STAPLETON                       72469,1611,CO,2022-03-25,19.4,-1.7,0,0,0,2022,8.85,3,25,84,TRUE,FALSE,FALSE,41,6,21
USW00023062,39.7633,-104.8694,DENVER-STAPLETON                       72469,1611,CO,2022-03-26,17.2,1.1,0,0,0,2022,9.15,3,26,85,TRUE,TRUE,FALSE,42,7,21
USW00023062,39.7633,-104.8694,DENVER-STAPLETON                       72469,1611,CO,2022-03-27,24.4,2.2,0,0,0,2022,13.299999999999999,3,27,86,TRUE,TRUE,FALSE,43,8,21
USW00023062,39.7633,-104.8694,DENVER-STAPLETON                       72469,1611,CO,2022-03-28,23.3,1.7,0,0,0,2022,12.5,3,28,87,TRUE,TRUE,FALSE,44,9,21
USW00023062,39.7633,-104.8694,DENVER-STAPLETON                       72469,1611,CO,2022-03-29,25,5.6,0,0,0,2022,15.3,3,29,88,TRUE,TRUE,FALSE,45,10,21
USW00023062,39.7633,-104.8694,DENVER-STAPLETON                       72469,1611,CO,2022-03-30,10.6,-2.8,28,0,0,2022,3.9,3,30,89,TRUE,FALSE,TRUE,46,10,22
USW00023062,39.7633,-104.8694,DENVER-STAPLETON                       72469,1611,CO,2022-03-31,8.9,-3.3,0,0,0,2022,2.8000000000000003,3,31,90,FALSE,FALSE,FALSE,46,10,22
USW00023062,39.7633,-104.8694,DENVER-STAPLETON                       72469,1611,CO,2022-04-01,17.8,-2.2,0,0,0,2022,7.800000000000001,4,1,91,TRUE,FALSE,FALSE,47,10,22
USW00023062,39.7633,-104.8694,DENVER-STAPLETON                       72469,1611,CO,2022-04-02,13.3,0,0,0,0,2022,6.65,4,2,92,TRUE,FALSE,FALSE,48,10,22
USW00023062,39.7633,-104.8694,DENVER-STAPLETON                       72469,1611,CO,2022-04-03,19.4,-1.7,0,0,0,2022,8.85,4,3,93,TRUE,FALSE,FALSE,49,10,22
USW00023062,39.7633,-104.8694,DENVER-STAPLETON                       72469,1611,CO,2022-04-04,11.1,2.2,0,0,0,2022,6.65,4,4,94,TRUE,TRUE,FALSE,50,11,22
USW00023062,39.7633,-104.8694,DENVER-STAPLETON                       72469,1611,CO,2022-04-05,19.4,2.2,0,0,0,2022,10.799999999999999,4,5,95,TRUE,TRUE,FALSE,51,12,22
USW00023062,39.7633,-104.8694,DENVER-STAPLETON                       72469,1611,CO,2022-04-06,16.1,-0.6,0,0,0,2022,7.750000000000001,4,6,96,TRUE,FALSE,FALSE,52,12,22
USW00023062,39.7633,-104.8694,DENVER-STAPLETON                       72469,1611,CO,2022-04-07,8.9,-3.9,0,0,0,2022,2.5,4,7,97,FALSE,FALSE,FALSE,52,12,22
USW00023062,39.7633,-104.8694,DENVER-STAPLETON                       72469,1611,CO,2022-04-08,12.2,-3.3,0,0,0,2022,4.449999999999999,4,8,98,TRUE,FALSE,FALSE,53,12,22
USW00023062,39.7633,-104.8694,DENVER-STAPLETON                       72469,1611,CO,2022-04-09,18.9,-3.3,0,0,0,2022,7.799999999999999,4,9,99,TRUE,FALSE,FALSE,54,12,22
USW00023062,39.7633,-104.8694,DENVER-STAPLETON                       72469,1611,CO,2022-04-10,25,1.7,20,0,0,2022,13.35,4,10,100,TRUE,TRUE,TRUE,55,13,23
USW00023062,39.7633,-104.8694,DENVER-STAPLETON                       72469,1611,CO,2022-04-11,13.9,-1.7,0,0,0,2022,6.1000000000000005,4,11,101,TRUE,FALSE,FALSE,56,13,23
USW00023062,39.7633,-104.8694,DENVER-STAPLETON                       72469,1611,CO,2022-04-12,18.3,-1.7,0,0,0,2022,8.3,4,12,102,TRUE,FALSE,FALSE,57,13,23
USW00023062,39.7633,-104.8694,DENVER-STAPLETON                       72469,1611,CO,2022-04-13,13.3,-9.4,0,0,0,2022,1.9500000000000002,4,13,103,TRUE,FALSE,FALSE,58,13,23
USW00023062,39.7633,-104.8694,DENVER-STAPLETON                       72469,1611,CO,2022-04-14,6.1,-10,0,0,0,2022,-1.9500000000000002,4,14,104,FALSE,FALSE,FALSE,58,13,23
USW00023062,39.7633,-104.8694,DENVER-STAPLETON                       72469,1611,CO,2022-04-15,14.4,-4.4,0,0,0,2022,5,4,15,105,TRUE,FALSE,FALSE,59,13,23
USW00023062,39.7633,-104.8694,DENVER-STAPLETON                       72469,1611,CO,2022-04-16,16.7,-2.2,0,0,0,2022,7.25,4,16,106,TRUE,FALSE,FALSE,60,13,23
USW00023062,39.7633,-104.8694,DENVER-STAPLETON                       72469,1611,CO,2022-04-17,13.3,-1.1,0,0,0,2022,6.1000000000000005,4,17,107,TRUE,FALSE,FALSE,61,13,23
USW00023062,39.7633,-104.8694,DENVER-STAPLETON                       72469,1611,CO,2022-04-18,21.1,-1.1,0,0,0,2022,10,4,18,108,TRUE,FALSE,FALSE,62,13,23
USW00023062,39.7633,-104.8694,DENVER-STAPLETON                       72469,1611,CO,2022-04-19,17.2,-1.1,0,0,0,2022,8.049999999999999,4,19,109,TRUE,FALSE,FALSE,63,13,23
USW00023062,39.7633,-104.8694,DENVER-STAPLETON                       72469,1611,CO,2022-04-20,26.7,1.7,0,0,0,2022,14.2,4,20,110,TRUE,TRUE,FALSE,64,14,23
USW00023062,39.7633,-104.8694,DENVER-STAPLETON                       72469,1611,CO,2022-04-21,21.7,5.6,0,0,0,2022,13.649999999999999,4,21,111,TRUE,TRUE,FALSE,65,15,23
USW00023062,39.7633,-104.8694,DENVER-STAPLETON                       72469,1611,CO,2022-04-22,26.7,5.6,0,0,0,2022,16.15,4,22,112,TRUE,TRUE,FALSE,66,16,23
USW00023062,39.7633,-104.8694,DENVER-STAPLETON                       72469,1611,CO,2022-04-23,30.6,9.4,0,0,0,2022,20,4,23,113,TRUE,TRUE,FALSE,67,17,23
USW00023062,39.7633,-104.8694,DENVER-STAPLETON                       72469,1611,CO,2022-04-24,15.6,1.7,0,0,0,2022,8.65,4,24,114,TRUE,TRUE,FALSE,68,18,23
USW00023062,39.7633,-104.8694,DENVER-STAPLETON                       72469,1611,CO,2022-04-25,11.7,1.7,0,0,0,2022,6.699999999999999,4,25,115,TRUE,TRUE,FALSE,69,19,23
USW00023062,39.7633,-104.8694,DENVER-STAPLETON                       72469,1611,CO,2022-04-26,13.3,1.7,0,0,0,2022,7.5,4,26,116,TRUE,TRUE,FALSE,70,20,23
USW00023062,39.7633,-104.8694,DENVER-STAPLETON                       72469,1611,CO,2022-04-27,23.9,3.3,0,0,0,2022,13.6,4,27,117,TRUE,TRUE,FALSE,71,21,23
USW00023062,39.7633,-104.8694,DENVER-STAPLETON                       72469,1611,CO,2022-04-28,22.2,5,0,0,0,2022,13.6,4,28,118,TRUE,TRUE,FALSE,72,22,23
USW00023062,39.7633,-104.8694,DENVER-STAPLETON                       72469,1611,CO,2022-04-29,25,5,0,0,0,2022,15,4,29,119,TRUE,TRUE,FALSE,73,23,23
USW00023062,39.7633,-104.8694,DENVER-STAPLETON                       72469,1611,CO,2022-04-30,19.4,3.3,0,0,0,2022,11.35,4,30,120,TRUE,TRUE,FALSE,74,24,23
USW00023062,39.7633,-104.8694,DENVER-STAPLETON                       72469,1611,CO,2022-05-01,17.8,2.8,0,0,0,2022,10.3,5,1,121,TRUE,TRUE,FALSE,75,25,23
USW00023062,39.7633,-104.8694,DENVER-STAPLETON                       72469,1611,CO,2022-05-02,20,3.9,135,0,0,2022,11.95,5,2,122,TRUE,TRUE,TRUE,76,26,24
USW00023062,39.7633,-104.8694,DENVER-STAPLETON                       72469,1611,CO,2022-05-03,7.2,0.6,23,0,0,2022,3.9,5,3,123,FALSE,TRUE,TRUE,76,27,25
USW00023062,39.7633,-104.8694,DENVER-STAPLETON                       72469,1611,CO,2022-05-04,13.3,0.6,41,0,0,2022,6.95,5,4,124,TRUE,TRUE,TRUE,77,28,26
USW00023062,39.7633,-104.8694,DENVER-STAPLETON                       72469,1611,CO,2022-05-05,9.4,3.3,41,0,0,2022,6.35,5,5,125,FALSE,TRUE,TRUE,77,29,27
USW00023062,39.7633,-104.8694,DENVER-STAPLETON                       72469,1611,CO,2022-05-06,20.6,4.4,0,0,0,2022,12.5,5,6,126,TRUE,TRUE,FALSE,78,30,27
USW00023062,39.7633,-104.8694,DENVER-STAPLETON                       72469,1611,CO,2022-05-07,28.3,8.9,0,0,0,2022,18.6,5,7,127,TRUE,TRUE,FALSE,79,31,27
USW00023062,39.7633,-104.8694,DENVER-STAPLETON                       72469,1611,CO,2022-05-08,31.7,8.9,0,0,0,2022,20.3,5,8,128,TRUE,TRUE,FALSE,80,32,27
USW00023062,39.7633,-104.8694,DENVER-STAPLETON                       72469,1611,CO,2022-05-09,23.9,6.7,0,0,0,2022,15.299999999999999,5,9,129,TRUE,TRUE,FALSE,81,33,27
USW00023062,39.7633,-104.8694,DENVER-STAPLETON                       72469,1611,CO,2022-05-10,22.2,5.6,0,0,0,2022,13.899999999999999,5,10,130,TRUE,TRUE,FALSE,82,34,27
USW00023062,39.7633,-104.8694,DENVER-STAPLETON                       72469,1611,CO,2022-05-11,22.2,5.6,0,0,0,2022,13.899999999999999,5,11,131,TRUE,TRUE,FALSE,83,35,27
USW00023062,39.7633,-104.8694,DENVER-STAPLETON                       72469,1611,CO,2022-05-12,32.2,7.8,0,0,0,2022,20,5,12,132,TRUE,TRUE,FALSE,84,36,27
USW00023062,39.7633,-104.8694,DENVER-STAPLETON                       72469,1611,CO,2022-05-13,22.2,5,0,0,0,2022,13.6,5,13,133,TRUE,TRUE,FALSE,85,37,27
USW00023062,39.7633,-104.8694,DENVER-STAPLETON                       72469,1611,CO,2022-05-14,23.3,5,0,0,0,2022,14.15,5,14,134,TRUE,TRUE,FALSE,86,38,27
USW00023062,39.7633,-104.8694,DENVER-STAPLETON                       72469,1611,CO,2022-05-15,27.2,9.4,0,0,0,2022,18.3,5,15,135,TRUE,TRUE,FALSE,87,39,27
USW00023062,39.7633,-104.8694,DENVER-STAPLETON                       72469,1611,CO,2022-05-16,25,8.3,0,0,0,2022,16.65,5,16,136,TRUE,TRUE,FALSE,88,40,27
USW00023062,39.7633,-104.8694,DENVER-STAPLETON                       72469,1611,CO,2022-05-17,29.4,8.9,0,0,0,2022,19.15,5,17,137,TRUE,TRUE,FALSE,89,41,27
USW00023062,39.7633,-104.8694,DENVER-STAPLETON                       72469,1611,CO,2022-05-18,29.4,10,0,0,0,2022,19.7,5,18,138,TRUE,TRUE,FALSE,90,42,27
USW00023062,39.7633,-104.8694,DENVER-STAPLETON                       72469,1611,CO,2022-05-19,27.8,13.3,0,0,0,2022,20.55,5,19,139,TRUE,TRUE,FALSE,91,43,27
USW00023062,39.7633,-104.8694,DENVER-STAPLETON                       72469,1611,CO,2022-05-20,31.7,2.8,3,0,0,2022,17.25,5,20,140,TRUE,TRUE,TRUE,92,44,28
USW00023062,39.7633,-104.8694,DENVER-STAPLETON                       72469,1611,CO,2022-05-21,3.9,0,135,56,51,2022,1.95,5,21,141,FALSE,FALSE,TRUE,92,44,29
USW00023062,39.7633,-104.8694,DENVER-STAPLETON                       72469,1611,CO,2022-05-22,10,0,130,0,0,2022,5,5,22,142,TRUE,FALSE,TRUE,93,44,30
USW00023062,39.7633,-104.8694,DENVER-STAPLETON                       72469,1611,CO,2022-05-23,13.9,5,0,0,0,2022,9.45,5,23,143,TRUE,TRUE,FALSE,94,45,30
USW00023062,39.7633,-104.8694,DENVER-STAPLETON                       72469,1611,CO,2022-05-24,16.7,5.6,0,0,0,2022,11.149999999999999,5,24,144,TRUE,TRUE,FALSE,95,46,30
USW00023062,39.7633,-104.8694,DENVER-STAPLETON                       72469,1611,CO,2022-05-25,12.2,2.8,3,0,0,2022,7.5,5,25,145,TRUE,TRUE,TRUE,96,47,31
USW00023062,39.7633,-104.8694,DENVER-STAPLETON                       72469,1611,CO,2022-05-26,20.6,3.3,0,0,0,2022,11.950000000000001,5,26,146,TRUE,TRUE,FALSE,97,48,31
USW00023062,39.7633,-104.8694,DENVER-STAPLETON                       72469,1611,CO,2022-05-27,28.3,6.1,0,0,0,2022,17.2,5,27,147,TRUE,TRUE,FALSE,98,49,31
USW00023062,39.7633,-104.8694,DENVER-STAPLETON                       72469,1611,CO,2022-05-28,32.2,10.6,3,0,0,2022,21.400000000000002,5,28,148,TRUE,TRUE,TRUE,99,50,32
USW00023062,39.7633,-104.8694,DENVER-STAPLETON                       72469,1611,CO,2022-05-29,30,10.6,3,0,0,2022,20.3,5,29,149,TRUE,TRUE,TRUE,100,51,33
USW00023062,39.7633,-104.8694,DENVER-STAPLETON                       72469,1611,CO,2022-05-30,24.4,7.2,36,0,0,2022,15.799999999999999,5,30,150,TRUE,TRUE,TRUE,101,52,34
USW00023062,39.7633,-104.8694,DENVER-STAPLETON                       72469,1611,CO,2022-05-31,19.4,6.1,0,0,0,2022,12.75,5,31,151,TRUE,TRUE,FALSE,102,53,34
USW00023062,39.7633,-104.8694,DENVER-STAPLETON                       72469,1611,CO,2022-06-01,16.7,4.4,373,0,0,2022,10.55,6,1,152,TRUE,TRUE,TRUE,103,54,35
USW00023062,39.7633,-104.8694,DENVER-STAPLETON                       72469,1611,CO,2022-06-02,12.8,3.9,71,0,0,2022,8.35,6,2,153,TRUE,TRUE,TRUE,104,55,36
USW00023062,39.7633,-104.8694,DENVER-STAPLETON                       72469,1611,CO,2022-06-03,20.6,6.1,0,0,0,2022,13.350000000000001,6,3,154,TRUE,TRUE,FALSE,105,56,36
USW00023062,39.7633,-104.8694,DENVER-STAPLETON                       72469,1611,CO,2022-06-04,24.4,8.3,0,0,0,2022,16.35,6,4,155,TRUE,TRUE,FALSE,106,57,36
USW00023062,39.7633,-104.8694,DENVER-STAPLETON                       72469,1611,CO,2022-06-05,28.9,9.4,0,0,0,2022,19.15,6,5,156,TRUE,TRUE,FALSE,107,58,36
USW00023062,39.7633,-104.8694,DENVER-STAPLETON                       72469,1611,CO,2022-06-06,28.9,12.2,0,0,0,2022,20.549999999999997,6,6,157,TRUE,TRUE,FALSE,108,59,36
USW00023062,39.7633,-104.8694,DENVER-STAPLETON                       72469,1611,CO,2022-06-07,25.6,12.8,0,0,0,2022,19.200000000000003,6,7,158,TRUE,TRUE,FALSE,109,60,36
USW00023062,39.7633,-104.8694,DENVER-STAPLETON                       72469,1611,CO,2022-06-08,27.8,9.4,0,0,0,2022,18.6,6,8,159,TRUE,TRUE,FALSE,110,61,36
USW00023062,39.7633,-104.8694,DENVER-STAPLETON                       72469,1611,CO,2022-06-09,27.8,10,0,0,0,2022,18.9,6,9,160,TRUE,TRUE,FALSE,111,62,36
USW00023062,39.7633,-104.8694,DENVER-STAPLETON                       72469,1611,CO,2022-06-10,31.7,12.8,0,0,0,2022,22.25,6,10,161,TRUE,TRUE,FALSE,112,63,36
USW00023062,39.7633,-104.8694,DENVER-STAPLETON                       72469,1611,CO,2022-06-11,32.8,13.9,0,0,0,2022,23.349999999999998,6,11,162,TRUE,TRUE,FALSE,113,64,36
USW00023062,39.7633,-104.8694,DENVER-STAPLETON                       72469,1611,CO,2022-06-12,37.8,16.7,0,0,0,2022,27.25,6,12,163,TRUE,TRUE,FALSE,114,65,36
USW00023062,39.7633,-104.8694,DENVER-STAPLETON                       72469,1611,CO,2022-06-13,33.3,15,3,0,0,2022,24.15,6,13,164,TRUE,TRUE,TRUE,115,66,37
USW00023062,39.7633,-104.8694,DENVER-STAPLETON                       72469,1611,CO,2022-06-14,36.7,13.9,0,0,0,2022,25.3,6,14,165,TRUE,TRUE,FALSE,116,67,37
USW00023062,39.7633,-104.8694,DENVER-STAPLETON                       72469,1611,CO,2022-06-15,28.9,10,0,0,0,2022,19.45,6,15,166,TRUE,TRUE,FALSE,117,68,37
USW00023062,39.7633,-104.8694,DENVER-STAPLETON                       72469,1611,CO,2022-06-16,30.6,11.7,0,0,0,2022,21.15,6,16,167,TRUE,TRUE,FALSE,118,69,37
USW00023062,39.7633,-104.8694,DENVER-STAPLETON                       72469,1611,CO,2022-06-17,34.4,12.8,0,0,0,2022,23.6,6,17,168,TRUE,TRUE,FALSE,119,70,37
USW00023062,39.7633,-104.8694,DENVER-STAPLETON                       72469,1611,CO,2022-06-18,36.1,16.1,0,0,0,2022,26.1,6,18,169,TRUE,TRUE,FALSE,120,71,37
USW00023062,39.7633,-104.8694,DENVER-STAPLETON                       72469,1611,CO,2022-06-19,32.8,21.1,0,0,0,2022,26.95,6,19,170,TRUE,TRUE,FALSE,121,72,37
USW00023062,39.7633,-104.8694,DENVER-STAPLETON                       72469,1611,CO,2022-06-20,31.7,18.3,0,0,0,2022,25,6,20,171,TRUE,TRUE,FALSE,122,73,37
USW00023062,39.7633,-104.8694,DENVER-STAPLETON                       72469,1611,CO,2022-06-21,31.7,13.3,0,0,0,2022,22.5,6,21,172,TRUE,TRUE,FALSE,123,74,37
USW00023062,39.7633,-104.8694,DENVER-STAPLETON                       72469,1611,CO,2022-06-22,25.6,10,0,0,0,2022,17.8,6,22,173,TRUE,TRUE,FALSE,124,75,37
USW00023062,39.7633,-104.8694,DENVER-STAPLETON                       72469,1611,CO,2022-06-23,28.9,11.7,0,0,0,2022,20.299999999999997,6,23,174,TRUE,TRUE,FALSE,125,76,37
USW00023062,39.7633,-104.8694,DENVER-STAPLETON                       72469,1611,CO,2022-06-24,33.3,13.3,0,0,0,2022,23.299999999999997,6,24,175,TRUE,TRUE,FALSE,126,77,37
USW00023062,39.7633,-104.8694,DENVER-STAPLETON                       72469,1611,CO,2022-06-25,32.2,14.4,0,0,0,2022,23.3,6,25,176,TRUE,TRUE,FALSE,127,78,37
USW00023062,39.7633,-104.8694,DENVER-STAPLETON                       72469,1611,CO,2022-06-26,21.7,11.7,0,0,0,2022,16.7,6,26,177,TRUE,TRUE,FALSE,128,79,37
USW00023062,39.7633,-104.8694,DENVER-STAPLETON                       72469,1611,CO,2022-06-27,20,11.1,0,0,0,2022,15.55,6,27,178,TRUE,TRUE,FALSE,129,80,37
USW00023062,39.7633,-104.8694,DENVER-STAPLETON                       72469,1611,CO,2022-06-28,30.6,12.2,0,0,0,2022,21.4,6,28,179,TRUE,TRUE,FALSE,130,81,37
USW00023062,39.7633,-104.8694,DENVER-STAPLETON                       72469,1611,CO,2022-06-29,34.4,14.4,0,0,0,2022,24.4,6,29,180,TRUE,TRUE,FALSE,131,82,37
USW00023062,39.7633,-104.8694,DENVER-STAPLETON                       72469,1611,CO,2022-06-30,34.4,17.2,20,0,0,2022,25.799999999999997,6,30,181,TRUE,TRUE,TRUE,132,83,38
USW00023062,39.7633,-104.8694,DENVER-STAPLETON                       72469,1611,CO,2022-07-01,27.2,13.9,0,0,0,2022,20.55,7,1,182,TRUE,TRUE,FALSE,133,84,38
USW00023062,39.7633,-104.8694,DENVER-STAPLETON                       72469,1611,CO,2022-07-02,30,13.9,0,0,0,2022,21.95,7,2,183,TRUE,TRUE,FALSE,134,85,38
USW00023062,39.7633,-104.8694,DENVER-STAPLETON                       72469,1611,CO,2022-07-03,31.7,14.4,0,0,0,2022,23.05,7,3,184,TRUE,TRUE,FALSE,135,86,38
USW00023062,39.7633,-104.8694,DENVER-STAPLETON                       72469,1611,CO,2022-07-04,33.9,16.7,3,0,0,2022,25.299999999999997,7,4,185,TRUE,TRUE,TRUE,136,87,39
USW00023062,39.7633,-104.8694,DENVER-STAPLETON                       72469,1611,CO,2022-07-05,35,16.7,0,0,0,2022,25.85,7,5,186,TRUE,TRUE,FALSE,137,88,39
USW00023062,39.7633,-104.8694,DENVER-STAPLETON                       72469,1611,CO,2022-07-06,34.4,17.8,0,0,0,2022,26.1,7,6,187,TRUE,TRUE,FALSE,138,89,39
USW00023062,39.7633,-104.8694,DENVER-STAPLETON                       72469,1611,CO,2022-07-07,29.4,14.4,76,0,0,2022,21.9,7,7,188,TRUE,TRUE,TRUE,139,90,40
USW00023062,39.7633,-104.8694,DENVER-STAPLETON                       72469,1611,CO,2022-07-08,32.8,14.4,3,0,0,2022,23.599999999999998,7,8,189,TRUE,TRUE,TRUE,140,91,41
USW00023062,39.7633,-104.8694,DENVER-STAPLETON                       72469,1611,CO,2022-07-09,35,15,0,0,0,2022,25,7,9,190,TRUE,TRUE,FALSE,141,92,41
USW00023062,39.7633,-104.8694,DENVER-STAPLETON                       72469,1611,CO,2022-07-10,37.2,20,0,0,0,2022,28.6,7,10,191,TRUE,TRUE,FALSE,142,93,41
USW00023062,39.7633,-104.8694,DENVER-STAPLETON                       72469,1611,CO,2022-07-11,38.3,18.9,0,0,0,2022,28.599999999999998,7,11,192,TRUE,TRUE,FALSE,143,94,41
USW00023062,39.7633,-104.8694,DENVER-STAPLETON                       72469,1611,CO,2022-07-12,27.2,15,0,0,0,2022,21.1,7,12,193,TRUE,TRUE,FALSE,144,95,41
USW00023062,39.7633,-104.8694,DENVER-STAPLETON                       72469,1611,CO,2022-07-13,35.6,15,0,0,0,2022,25.3,7,13,194,TRUE,TRUE,FALSE,145,96,41
USW00023062,39.7633,-104.8694,DENVER-STAPLETON                       72469,1611,CO,2022-07-14,37.2,15.6,0,0,0,2022,26.400000000000002,7,14,195,TRUE,TRUE,FALSE,146,97,41
USW00023062,39.7633,-104.8694,DENVER-STAPLETON                       72469,1611,CO,2022-07-15,37.2,18.9,0,0,0,2022,28.05,7,15,196,TRUE,TRUE,FALSE,147,98,41
USW00023062,39.7633,-104.8694,DENVER-STAPLETON                       72469,1611,CO,2022-07-16,35.6,18.3,0,0,0,2022,26.950000000000003,7,16,197,TRUE,TRUE,FALSE,148,99,41
USW00023062,39.7633,-104.8694,DENVER-STAPLETON                       72469,1611,CO,2022-07-17,33.9,17.8,0,0,0,2022,25.85,7,17,198,TRUE,TRUE,FALSE,149,100,41
USW00023062,39.7633,-104.8694,DENVER-STAPLETON                       72469,1611,CO,2022-07-18,36.7,17.8,0,0,0,2022,27.25,7,18,199,TRUE,TRUE,FALSE,150,101,41
USW00023062,39.7633,-104.8694,DENVER-STAPLETON                       72469,1611,CO,2022-07-19,37.2,20.6,3,0,0,2022,28.900000000000002,7,19,200,TRUE,TRUE,TRUE,151,102,42
USW00023062,39.7633,-104.8694,DENVER-STAPLETON                       72469,1611,CO,2022-07-20,36.7,17.8,30,0,0,2022,27.25,7,20,201,TRUE,TRUE,TRUE,152,103,43
USW00023062,39.7633,-104.8694,DENVER-STAPLETON                       72469,1611,CO,2022-07-21,34.4,16.1,163,0,0,2022,25.25,7,21,202,TRUE,TRUE,TRUE,153,104,44
USW00023062,39.7633,-104.8694,DENVER-STAPLETON                       72469,1611,CO,2022-07-22,35,16.1,0,0,0,2022,25.55,7,22,203,TRUE,TRUE,FALSE,154,105,44
USW00023062,39.7633,-104.8694,DENVER-STAPLETON                       72469,1611,CO,2022-07-23,36.7,17.8,0,0,0,2022,27.25,7,23,204,TRUE,TRUE,FALSE,155,106,44
USW00023062,39.7633,-104.8694,DENVER-STAPLETON                       72469,1611,CO,2022-07-24,35.6,16.1,18,0,0,2022,25.85,7,24,205,TRUE,TRUE,TRUE,156,107,45
USW00023062,39.7633,-104.8694,DENVER-STAPLETON                       72469,1611,CO,2022-07-25,27.2,14.4,28,0,0,2022,20.8,7,25,206,TRUE,TRUE,TRUE,157,108,46
USW00023062,39.7633,-104.8694,DENVER-STAPLETON                       72469,1611,CO,2022-07-26,32.8,14.4,0,0,0,2022,23.599999999999998,7,26,207,TRUE,TRUE,FALSE,158,109,46
USW00023062,39.7633,-104.8694,DENVER-STAPLETON                       72469,1611,CO,2022-07-27,30,16.7,46,0,0,2022,23.35,7,27,208,TRUE,TRUE,TRUE,159,110,47
USW00023062,39.7633,-104.8694,DENVER-STAPLETON                       72469,1611,CO,2022-07-28,31.1,16.7,0,0,0,2022,23.9,7,28,209,TRUE,TRUE,FALSE,160,111,47
USW00023062,39.7633,-104.8694,DENVER-STAPLETON                       72469,1611,CO,2022-07-29,25.6,14.4,0,0,0,2022,20,7,29,210,TRUE,TRUE,FALSE,161,112,47
USW00023062,39.7633,-104.8694,DENVER-STAPLETON                       72469,1611,CO,2022-07-30,28.3,12.8,0,0,0,2022,20.55,7,30,211,TRUE,TRUE,FALSE,162,113,47
USW00023062,39.7633,-104.8694,DENVER-STAPLETON                       72469,1611,CO,2022-07-31,33.3,12.8,0,0,0,2022,23.049999999999997,7,31,212,TRUE,TRUE,FALSE,163,114,47
USW00023062,39.7633,-104.8694,DENVER-STAPLETON                       72469,1611,CO,2022-08-01,33.3,16.7,0,0,0,2022,25,8,1,213,TRUE,TRUE,FALSE,164,115,47
USW00023062,39.7633,-104.8694,DENVER-STAPLETON                       72469,1611,CO,2022-08-02,36.1,16.7,0,0,0,2022,26.4,8,2,214,TRUE,TRUE,FALSE,165,116,47
USW00023062,39.7633,-104.8694,DENVER-STAPLETON                       72469,1611,CO,2022-08-03,35,18.3,0,0,0,2022,26.65,8,3,215,TRUE,TRUE,FALSE,166,117,47
USW00023062,39.7633,-104.8694,DENVER-STAPLETON                       72469,1611,CO,2022-08-04,32.2,18.9,0,0,0,2022,25.55,8,4,216,TRUE,TRUE,FALSE,167,118,47
USW00023062,39.7633,-104.8694,DENVER-STAPLETON                       72469,1611,CO,2022-08-05,36.1,18.9,0,0,0,2022,27.5,8,5,217,TRUE,TRUE,FALSE,168,119,47
USW00023062,39.7633,-104.8694,DENVER-STAPLETON                       72469,1611,CO,2022-08-06,37.8,20,0,0,0,2022,28.9,8,6,218,TRUE,TRUE,FALSE,169,120,47
USW00023062,39.7633,-104.8694,DENVER-STAPLETON                       72469,1611,CO,2022-08-07,33.9,17.8,282,0,0,2022,25.85,8,7,219,TRUE,TRUE,TRUE,170,121,48
USW00023062,39.7633,-104.8694,DENVER-STAPLETON                       72469,1611,CO,2022-08-08,28.3,15.6,119,0,0,2022,21.95,8,8,220,TRUE,TRUE,TRUE,171,122,49
USW00023062,39.7633,-104.8694,DENVER-STAPLETON                       72469,1611,CO,2022-08-09,32.2,15,0,0,0,2022,23.6,8,9,221,TRUE,TRUE,FALSE,172,123,49
USW00023062,39.7633,-104.8694,DENVER-STAPLETON                       72469,1611,CO,2022-08-10,33.9,18.3,0,0,0,2022,26.1,8,10,222,TRUE,TRUE,FALSE,173,124,49
USW00023062,39.7633,-104.8694,DENVER-STAPLETON                       72469,1611,CO,2022-08-11,34.4,18.3,0,0,0,2022,26.35,8,11,223,TRUE,TRUE,FALSE,174,125,49
USW00023062,39.7633,-104.8694,DENVER-STAPLETON                       72469,1611,CO,2022-08-12,35.6,17.8,0,0,0,2022,26.700000000000003,8,12,224,TRUE,TRUE,FALSE,175,126,49
USW00023062,39.7633,-104.8694,DENVER-STAPLETON                       72469,1611,CO,2022-08-13,33.9,18.3,0,0,0,2022,26.1,8,13,225,TRUE,TRUE,FALSE,176,127,49
USW00023062,39.7633,-104.8694,DENVER-STAPLETON                       72469,1611,CO,2022-08-14,33.9,17.2,0,0,0,2022,25.549999999999997,8,14,226,TRUE,TRUE,FALSE,177,128,49
USW00023062,39.7633,-104.8694,DENVER-STAPLETON                       72469,1611,CO,2022-08-15,33.3,16.7,3,0,0,2022,25,8,15,227,TRUE,TRUE,TRUE,178,129,50
USW00023062,39.7633,-104.8694,DENVER-STAPLETON                       72469,1611,CO,2022-08-16,29.4,16.1,81,0,0,2022,22.75,8,16,228,TRUE,TRUE,TRUE,179,130,51
USW00023062,39.7633,-104.8694,DENVER-STAPLETON                       72469,1611,CO,2022-08-17,21.1,12.8,132,0,0,2022,16.950000000000003,8,17,229,TRUE,TRUE,TRUE,180,131,52
USW00023062,39.7633,-104.8694,DENVER-STAPLETON                       72469,1611,CO,2022-08-18,27.8,12.8,0,0,0,2022,20.3,8,18,230,TRUE,TRUE,FALSE,181,132,52
USW00023062,39.7633,-104.8694,DENVER-STAPLETON                       72469,1611,CO,2022-08-19,30,15,0,0,0,2022,22.5,8,19,231,TRUE,TRUE,FALSE,182,133,52
USW00023062,39.7633,-104.8694,DENVER-STAPLETON                       72469,1611,CO,2022-08-20,27.8,15,0,0,0,2022,21.4,8,20,232,TRUE,TRUE,FALSE,183,134,52
USW00023062,39.7633,-104.8694,DENVER-STAPLETON                       72469,1611,CO,2022-08-21,26.1,14.4,0,0,0,2022,20.25,8,21,233,TRUE,TRUE,FALSE,184,135,52
USW00023062,39.7633,-104.8694,DENVER-STAPLETON                       72469,1611,CO,2022-08-22,28.9,15,104,0,0,2022,21.95,8,22,234,TRUE,TRUE,TRUE,185,136,53
USW00023062,39.7633,-104.8694,DENVER-STAPLETON                       72469,1611,CO,2022-08-23,28.3,15,0,0,0,2022,21.65,8,23,235,TRUE,TRUE,FALSE,186,137,53
USW00023062,39.7633,-104.8694,DENVER-STAPLETON                       72469,1611,CO,2022-08-24,29.4,13.3,0,0,0,2022,21.35,8,24,236,TRUE,TRUE,FALSE,187,138,53
USW00023062,39.7633,-104.8694,DENVER-STAPLETON                       72469,1611,CO,2022-08-25,30,13.3,0,0,0,2022,21.65,8,25,237,TRUE,TRUE,FALSE,188,139,53
USW00023062,39.7633,-104.8694,DENVER-STAPLETON                       72469,1611,CO,2022-08-26,30,13.9,0,0,0,2022,21.95,8,26,238,TRUE,TRUE,FALSE,189,140,53
USW00023062,39.7633,-104.8694,DENVER-STAPLETON                       72469,1611,CO,2022-08-27,28.3,15,0,0,0,2022,21.65,8,27,239,TRUE,TRUE,FALSE,190,141,53
USW00023062,39.7633,-104.8694,DENVER-STAPLETON                       72469,1611,CO,2022-08-28,31.7,15,3,0,0,2022,23.35,8,28,240,TRUE,TRUE,TRUE,191,142,54
USW00023062,39.7633,-104.8694,DENVER-STAPLETON                       72469,1611,CO,2022-08-29,32.8,12.2,0,0,0,2022,22.5,8,29,241,TRUE,TRUE,FALSE,192,143,54
USW00023062,39.7633,-104.8694,DENVER-STAPLETON                       72469,1611,CO,2022-08-30,30.6,12.8,0,0,0,2022,21.700000000000003,8,30,242,TRUE,TRUE,FALSE,193,144,54
USW00023062,39.7633,-104.8694,DENVER-STAPLETON                       72469,1611,CO,2022-08-31,33.3,13.9,0,0,0,2022,23.599999999999998,8,31,243,TRUE,TRUE,FALSE,194,145,54
USW00023062,39.7633,-104.8694,DENVER-STAPLETON                       72469,1611,CO,2022-09-01,33.3,14.4,0,0,0,2022,23.849999999999998,9,1,244,TRUE,TRUE,FALSE,195,146,54
USW00023062,39.7633,-104.8694,DENVER-STAPLETON                       72469,1611,CO,2022-09-02,33.3,14.4,18,0,0,2022,23.849999999999998,9,2,245,TRUE,TRUE,TRUE,196,147,55
USW00023062,39.7633,-104.8694,DENVER-STAPLETON                       72469,1611,CO,2022-09-03,33.9,16.1,0,0,0,2022,25,9,3,246,TRUE,TRUE,FALSE,197,148,55
USW00023062,39.7633,-104.8694,DENVER-STAPLETON                       72469,1611,CO,2022-09-04,31.7,14.4,0,0,0,2022,23.05,9,4,247,TRUE,TRUE,FALSE,198,149,55
USW00023062,39.7633,-104.8694,DENVER-STAPLETON                       72469,1611,CO,2022-09-05,34.4,14.4,0,0,0,2022,24.4,9,5,248,TRUE,TRUE,FALSE,199,150,55
USW00023062,39.7633,-104.8694,DENVER-STAPLETON                       72469,1611,CO,2022-09-06,35.6,16.1,0,0,0,2022,25.85,9,6,249,TRUE,TRUE,FALSE,200,151,55
USW00023062,39.7633,-104.8694,DENVER-STAPLETON                       72469,1611,CO,2022-09-07,36.1,16.1,0,0,0,2022,26.1,9,7,250,TRUE,TRUE,FALSE,201,152,55
USW00023062,39.7633,-104.8694,DENVER-STAPLETON                       72469,1611,CO,2022-09-08,36.7,16.1,0,0,0,2022,26.400000000000002,9,8,251,TRUE,TRUE,FALSE,202,153,55
USW00023062,39.7633,-104.8694,DENVER-STAPLETON                       72469,1611,CO,2022-09-09,37.2,11.7,0,0,0,2022,24.450000000000003,9,9,252,TRUE,TRUE,FALSE,203,154,55
USW00023062,39.7633,-104.8694,DENVER-STAPLETON                       72469,1611,CO,2022-09-10,17.2,7.8,43,0,0,2022,12.5,9,10,253,TRUE,TRUE,TRUE,204,155,56
USW00023062,39.7633,-104.8694,DENVER-STAPLETON                       72469,1611,CO,2022-09-11,11.1,6.1,13,0,0,2022,8.6,9,11,254,TRUE,TRUE,TRUE,205,156,57
USW00023062,39.7633,-104.8694,DENVER-STAPLETON                       72469,1611,CO,2022-09-12,25,8.3,0,0,0,2022,16.65,9,12,255,TRUE,TRUE,FALSE,206,157,57
USW00023062,39.7633,-104.8694,DENVER-STAPLETON                       72469,1611,CO,2022-09-13,30.6,7.2,0,0,0,2022,18.900000000000002,9,13,256,TRUE,TRUE,FALSE,207,158,57
USW00023062,39.7633,-104.8694,DENVER-STAPLETON                       72469,1611,CO,2022-09-14,32.2,10.6,0,0,0,2022,21.400000000000002,9,14,257,TRUE,TRUE,FALSE,208,159,57
USW00023062,39.7633,-104.8694,DENVER-STAPLETON                       72469,1611,CO,2022-09-15,27.2,10.6,33,0,0,2022,18.9,9,15,258,TRUE,TRUE,TRUE,209,160,58
USW00023062,39.7633,-104.8694,DENVER-STAPLETON                       72469,1611,CO,2022-09-16,26.1,10.6,0,0,0,2022,18.35,9,16,259,TRUE,TRUE,FALSE,210,161,58
USW00023062,39.7633,-104.8694,DENVER-STAPLETON                       72469,1611,CO,2022-09-17,27.8,10,0,0,0,2022,18.9,9,17,260,TRUE,TRUE,FALSE,211,162,58
USW00023062,39.7633,-104.8694,DENVER-STAPLETON                       72469,1611,CO,2022-09-18,29.4,9.4,0,0,0,2022,19.4,9,18,261,TRUE,TRUE,FALSE,212,163,58
USW00023062,39.7633,-104.8694,DENVER-STAPLETON                       72469,1611,CO,2022-09-19,30,8.9,0,0,0,2022,19.45,9,19,262,TRUE,TRUE,FALSE,213,164,58
USW00023062,39.7633,-104.8694,DENVER-STAPLETON                       72469,1611,CO,2022-09-20,33.3,10,0,0,0,2022,21.65,9,20,263,TRUE,TRUE,FALSE,214,165,58
USW00023062,39.7633,-104.8694,DENVER-STAPLETON                       72469,1611,CO,2022-09-21,33.3,13.3,0,0,0,2022,23.299999999999997,9,21,264,TRUE,TRUE,FALSE,215,166,58
USW00023062,39.7633,-104.8694,DENVER-STAPLETON                       72469,1611,CO,2022-09-22,16.7,8.9,33,0,0,2022,12.8,9,22,265,TRUE,TRUE,TRUE,216,167,59
USW00023062,39.7633,-104.8694,DENVER-STAPLETON                       72469,1611,CO,2022-09-23,16.7,8.9,3,0,0,2022,12.8,9,23,266,TRUE,TRUE,TRUE,217,168,60
USW00023062,39.7633,-104.8694,DENVER-STAPLETON                       72469,1611,CO,2022-09-24,27.2,7.2,0,0,0,2022,17.2,9,24,267,TRUE,TRUE,FALSE,218,169,60
USW00023062,39.7633,-104.8694,DENVER-STAPLETON                       72469,1611,CO,2022-09-25,27.2,7.2,0,0,0,2022,17.2,9,25,268,TRUE,TRUE,FALSE,219,170,60
USW00023062,39.7633,-104.8694,DENVER-STAPLETON                       72469,1611,CO,2022-09-26,24.4,6.7,0,0,0,2022,15.549999999999999,9,26,269,TRUE,TRUE,FALSE,220,171,60
USW00023062,39.7633,-104.8694,DENVER-STAPLETON                       72469,1611,CO,2022-09-27,26.7,6.7,0,0,0,2022,16.7,9,27,270,TRUE,TRUE,FALSE,221,172,60
USW00023062,39.7633,-104.8694,DENVER-STAPLETON                       72469,1611,CO,2022-09-28,25.6,8.9,0,0,0,2022,17.25,9,28,271,TRUE,TRUE,FALSE,222,173,60
USW00023062,39.7633,-104.8694,DENVER-STAPLETON                       72469,1611,CO,2022-09-29,31.1,8.3,0,0,0,2022,19.700000000000003,9,29,272,TRUE,TRUE,FALSE,223,174,60
USW00023062,39.7633,-104.8694,DENVER-STAPLETON                       72469,1611,CO,2022-09-30,29.4,11.1,0,0,0,2022,20.25,9,30,273,TRUE,TRUE,FALSE,224,175,60
USW00023062,39.7633,-104.8694,DENVER-STAPLETON                       72469,1611,CO,2022-10-01,27.8,11.1,97,0,0,2022,19.45,10,1,274,TRUE,TRUE,TRUE,225,176,61
USW00023062,39.7633,-104.8694,DENVER-STAPLETON                       72469,1611,CO,2022-10-02,23.3,9.4,3,0,0,2022,16.35,10,2,275,TRUE,TRUE,TRUE,226,177,62
USW00023062,39.7633,-104.8694,DENVER-STAPLETON                       72469,1611,CO,2022-10-03,25,10,0,0,0,2022,17.5,10,3,276,TRUE,TRUE,FALSE,227,178,62
USW00023062,39.7633,-104.8694,DENVER-STAPLETON                       72469,1611,CO,2022-10-04,22.8,8.9,64,0,0,2022,15.850000000000001,10,4,277,TRUE,TRUE,TRUE,228,179,63
USW00023062,39.7633,-104.8694,DENVER-STAPLETON                       72469,1611,CO,2022-10-05,18.3,8.3,3,0,0,2022,13.3,10,5,278,TRUE,TRUE,TRUE,229,180,64
USW00023062,39.7633,-104.8694,DENVER-STAPLETON                       72469,1611,CO,2022-10-06,19.4,5,0,0,0,2022,12.2,10,6,279,TRUE,TRUE,FALSE,230,181,64
USW00023062,39.7633,-104.8694,DENVER-STAPLETON                       72469,1611,CO,2022-10-07,22.2,5,0,0,0,2022,13.6,10,7,280,TRUE,TRUE,FALSE,231,182,64
USW00023062,39.7633,-104.8694,DENVER-STAPLETON                       72469,1611,CO,2022-10-08,8.9,4.4,0,0,0,2022,6.65,10,8,281,FALSE,TRUE,FALSE,231,183,64
USW00023062,39.7633,-104.8694,DENVER-STAPLETON                       72469,1611,CO,2022-10-09,18.9,3.3,0,0,0,2022,11.1,10,9,282,TRUE,TRUE,FALSE,232,184,64
USW00023062,39.7633,-104.8694,DENVER-STAPLETON                       72469,1611,CO,2022-10-10,22.2,3.3,0,0,0,2022,12.75,10,10,283,TRUE,TRUE,FALSE,233,185,64
USW00023062,39.7633,-104.8694,DENVER-STAPLETON                       72469,1611,CO,2022-10-11,24.4,5.6,0,0,0,2022,15,10,11,284,TRUE,TRUE,FALSE,234,186,64
USW00023062,39.7633,-104.8694,DENVER-STAPLETON                       72469,1611,CO,2022-10-12,25,2.8,0,0,0,2022,13.9,10,12,285,TRUE,TRUE,FALSE,235,187,64
USW00023062,39.7633,-104.8694,DENVER-STAPLETON                       72469,1611,CO,2022-10-13,20.6,2.8,0,0,0,2022,11.700000000000001,10,13,286,TRUE,TRUE,FALSE,236,188,64
USW00023062,39.7633,-104.8694,DENVER-STAPLETON                       72469,1611,CO,2022-10-14,18.9,1.7,0,0,0,2022,10.299999999999999,10,14,287,TRUE,TRUE,FALSE,237,189,64
USW00023062,39.7633,-104.8694,DENVER-STAPLETON                       72469,1611,CO,2022-10-15,25,2.8,0,0,0,2022,13.9,10,15,288,TRUE,TRUE,FALSE,238,190,64
USW00023062,39.7633,-104.8694,DENVER-STAPLETON                       72469,1611,CO,2022-10-16,16.7,2.8,0,0,0,2022,9.75,10,16,289,TRUE,TRUE,FALSE,239,191,64
USW00023062,39.7633,-104.8694,DENVER-STAPLETON                       72469,1611,CO,2022-10-17,15,0,0,0,0,2022,7.5,10,17,290,TRUE,FALSE,FALSE,240,191,64
USW00023062,39.7633,-104.8694,DENVER-STAPLETON                       72469,1611,CO,2022-10-18,NA,NA,0,0,0,2022,NA,10,18,291,NA,NA,FALSE,NA,NA,64
USW00023062,39.7633,-104.8694,DENVER-STAPLETON                       72469,1611,CO,2022-10-19,NA,NA,0,0,0,2022,NA,10,19,292,NA,NA,FALSE,NA,NA,64
USW00023062,39.7633,-104.8694,DENVER-STAPLETON                       72469,1611,CO,2022-10-20,24.4,6.1,0,0,0,2022,15.25,10,20,293,TRUE,TRUE,FALSE,NA,NA,64
USW00023062,39.7633,-104.8694,DENVER-STAPLETON                       72469,1611,CO,2022-10-21,27.2,6.1,0,0,0,2022,16.65,10,21,294,TRUE,TRUE,FALSE,NA,NA,64
USW00023062,39.7633,-104.8694,DENVER-STAPLETON                       72469,1611,CO,2022-10-22,25.6,9.4,0,0,0,2022,17.5,10,22,295,TRUE,TRUE,FALSE,NA,NA,64
USW00023062,39.7633,-104.8694,DENVER-STAPLETON                       72469,1611,CO,2022-10-23,23.9,9.4,0,0,0,2022,16.65,10,23,296,TRUE,TRUE,FALSE,NA,NA,64
USW00023062,39.7633,-104.8694,DENVER-STAPLETON                       72469,1611,CO,2022-10-24,20,0,0,0,0,2022,10,10,24,297,TRUE,FALSE,FALSE,NA,NA,64
USW00023062,39.7633,-104.8694,DENVER-STAPLETON                       72469,1611,CO,2022-10-25,NA,NA,0,0,0,2022,NA,10,25,298,NA,NA,FALSE,NA,NA,64
USW00023062,39.7633,-104.8694,DENVER-STAPLETON                       72469,1611,CO,2022-10-26,NA,NA,0,0,0,2022,NA,10,26,299,NA,NA,FALSE,NA,NA,64
USW00023062,39.7633,-104.8694,DENVER-STAPLETON                       72469,1611,CO,2022-10-27,NA,NA,76,0,0,2022,NA,10,27,300,NA,NA,TRUE,NA,NA,65
USW00023062,39.7633,-104.8694,DENVER-STAPLETON                       72469,1611,CO,2022-10-28,NA,NA,3,0,0,2022,NA,10,28,301,NA,NA,TRUE,NA,NA,66
USW00023062,39.7633,-104.8694,DENVER-STAPLETON                       72469,1611,CO,2022-10-29,NA,NA,0,0,0,2022,NA,10,29,302,NA,NA,FALSE,NA,NA,66
USW00023062,39.7633,-104.8694,DENVER-STAPLETON                       72469,1611,CO,2022-10-30,NA,NA,0,0,0,2022,NA,10,30,303,NA,NA,FALSE,NA,NA,66
USW00023062,39.7633,-104.8694,DENVER-STAPLETON                       72469,1611,CO,2022-10-31,NA,NA,0,0,0,2022,NA,10,31,304,NA,NA,FALSE,NA,NA,66
USW00023062,39.7633,-104.8694,DENVER-STAPLETON                       72469,1611,CO,2022-11-01,NA,NA,0,0,0,2022,NA,11,1,305,NA,NA,FALSE,NA,NA,66
USW00023062,39.7633,-104.8694,DENVER-STAPLETON                       72469,1611,CO,2022-11-02,NA,NA,0,0,0,2022,NA,11,2,306,NA,NA,FALSE,NA,NA,66
USW00023062,39.7633,-104.8694,DENVER-STAPLETON                       72469,1611,CO,2022-11-03,NA,NA,0,0,0,2022,NA,11,3,307,NA,NA,FALSE,NA,NA,66
USW00023062,39.7633,-104.8694,DENVER-STAPLETON                       72469,1611,CO,2022-11-04,3.9,-3.3,36,64,76,2022,0.30000000000000004,11,4,308,FALSE,FALSE,TRUE,NA,NA,67
USW00023062,39.7633,-104.8694,DENVER-STAPLETON                       72469,1611,CO,2022-11-05,8.3,-3.3,0,0,0,2022,2.5000000000000004,11,5,309,FALSE,FALSE,FALSE,NA,NA,67
USW00023062,39.7633,-104.8694,DENVER-STAPLETON                       72469,1611,CO,2022-11-06,16.1,1.1,0,0,0,2022,8.600000000000001,11,6,310,TRUE,TRUE,FALSE,NA,NA,67
USW00023062,39.7633,-104.8694,DENVER-STAPLETON                       72469,1611,CO,2022-11-07,10,0,0,0,0,2022,5,11,7,311,TRUE,FALSE,FALSE,NA,NA,67
USW00023062,39.7633,-104.8694,DENVER-STAPLETON                       72469,1611,CO,2022-11-08,13.9,2.8,0,0,0,2022,8.35,11,8,312,TRUE,TRUE,FALSE,NA,NA,67
USW00023062,39.7633,-104.8694,DENVER-STAPLETON                       72469,1611,CO,2022-11-09,23.3,-2.8,0,0,0,2022,10.25,11,9,313,TRUE,FALSE,FALSE,NA,NA,67
USW00023062,39.7633,-104.8694,DENVER-STAPLETON                       72469,1611,CO,2022-11-10,8.3,-3.3,0,0,0,2022,2.5000000000000004,11,10,314,FALSE,FALSE,FALSE,NA,NA,67
USW00023062,39.7633,-104.8694,DENVER-STAPLETON                       72469,1611,CO,2022-11-11,10,-7.8,0,0,0,2022,1.1,11,11,315,TRUE,FALSE,FALSE,NA,NA,67
USW00023062,39.7633,-104.8694,DENVER-STAPLETON                       72469,1611,CO,2022-11-12,3.3,-10,0,0,0,2022,-3.35,11,12,316,FALSE,FALSE,FALSE,NA,NA,67
USW00023062,39.7633,-104.8694,DENVER-STAPLETON                       72469,1611,CO,2022-11-13,8.3,-9.4,0,0,0,2022,-0.5499999999999998,11,13,317,FALSE,FALSE,FALSE,NA,NA,67
USW00023062,39.7633,-104.8694,DENVER-STAPLETON                       72469,1611,CO,2022-11-14,10.6,-8.3,0,0,0,2022,1.1499999999999995,11,14,318,TRUE,FALSE,FALSE,NA,NA,67
USW00023062,39.7633,-104.8694,DENVER-STAPLETON                       72469,1611,CO,2022-11-15,2.2,-7.8,13,25,25,2022,-2.8,11,15,319,FALSE,FALSE,TRUE,NA,NA,68
USW00023062,39.7633,-104.8694,DENVER-STAPLETON                       72469,1611,CO,2022-11-16,2.8,-7.2,0,0,0,2022,-2.2,11,16,320,FALSE,FALSE,FALSE,NA,NA,68
USW00023062,39.7633,-104.8694,DENVER-STAPLETON                       72469,1611,CO,2022-11-17,5.6,-5,0,0,0,2022,0.2999999999999998,11,17,321,FALSE,FALSE,FALSE,NA,NA,68
USW00023062,39.7633,-104.8694,DENVER-STAPLETON                       72469,1611,CO,2022-11-18,-4.4,-11.7,41,94,76,2022,-8.05,11,18,322,FALSE,FALSE,TRUE,NA,NA,69
USW00023062,39.7633,-104.8694,DENVER-STAPLETON                       72469,1611,CO,2022-11-19,-3.3,-13.3,0,0,51,2022,-8.3,11,19,323,FALSE,FALSE,FALSE,NA,NA,69
USW00023062,39.7633,-104.8694,DENVER-STAPLETON                       72469,1611,CO,2022-11-20,5,-9.4,0,0,25,2022,-2.2,11,20,324,FALSE,FALSE,FALSE,NA,NA,69
USW00023062,39.7633,-104.8694,DENVER-STAPLETON                       72469,1611,CO,2022-11-21,9.4,-8.9,0,0,25,2022,0.25,11,21,325,FALSE,FALSE,FALSE,NA,NA,69
USW00023062,39.7633,-104.8694,DENVER-STAPLETON                       72469,1611,CO,2022-11-22,12.8,-8.9,0,0,0,2022,1.9500000000000002,11,22,326,TRUE,FALSE,FALSE,NA,NA,69
USW00023062,39.7633,-104.8694,DENVER-STAPLETON                       72469,1611,CO,2022-11-23,11.7,-5,0,0,0,2022,3.3499999999999996,11,23,327,TRUE,FALSE,FALSE,NA,NA,69
USW00023062,39.7633,-104.8694,DENVER-STAPLETON                       72469,1611,CO,2022-11-24,11.1,-1.1,0,0,0,2022,5,11,24,328,TRUE,FALSE,FALSE,NA,NA,69
USW00023062,39.7633,-104.8694,DENVER-STAPLETON                       72469,1611,CO,2022-11-25,5.6,-5,0,0,0,2022,0.2999999999999998,11,25,329,FALSE,FALSE,FALSE,NA,NA,69
USW00023062,39.7633,-104.8694,DENVER-STAPLETON                       72469,1611,CO,2022-11-26,15.6,-3.3,0,0,0,2022,6.15,11,26,330,TRUE,FALSE,FALSE,NA,NA,69
USW00023062,39.7633,-104.8694,DENVER-STAPLETON                       72469,1611,CO,2022-11-27,13.9,-3.9,0,0,0,2022,5,11,27,331,TRUE,FALSE,FALSE,NA,NA,69
USW00023062,39.7633,-104.8694,DENVER-STAPLETON                       72469,1611,CO,2022-11-28,11.1,-2.8,0,0,0,2022,4.15,11,28,332,TRUE,FALSE,FALSE,NA,NA,69
USW00023062,39.7633,-104.8694,DENVER-STAPLETON                       72469,1611,CO,2022-11-29,13.3,-8.3,13,51,51,2022,2.5,11,29,333,TRUE,FALSE,TRUE,NA,NA,70
USW00023062,39.7633,-104.8694,DENVER-STAPLETON                       72469,1611,CO,2022-11-30,-3.3,-12.8,3,0,51,2022,-8.05,11,30,334,FALSE,FALSE,TRUE,NA,NA,71
USW00023062,39.7633,-104.8694,DENVER-STAPLETON                       72469,1611,CO,2022-12-01,-2.2,-12.8,0,0,0,2022,-7.5,12,1,335,FALSE,FALSE,FALSE,NA,NA,71
USW00023062,39.7633,-104.8694,DENVER-STAPLETON                       72469,1611,CO,2022-12-02,17.8,-6.7,0,0,0,2022,5.550000000000001,12,2,336,TRUE,FALSE,FALSE,NA,NA,71
USW00023062,39.7633,-104.8694,DENVER-STAPLETON                       72469,1611,CO,2022-12-03,14.4,-9.4,0,0,0,2022,2.5,12,3,337,TRUE,FALSE,FALSE,NA,NA,71
USW00023062,39.7633,-104.8694,DENVER-STAPLETON                       72469,1611,CO,2022-12-04,11.1,-8.9,0,0,0,2022,1.0999999999999996,12,4,338,TRUE,FALSE,FALSE,NA,NA,71
USW00023062,39.7633,-104.8694,DENVER-STAPLETON                       72469,1611,CO,2022-12-05,14.4,-4.4,3,0,0,2022,5,12,5,339,TRUE,FALSE,TRUE,NA,NA,72
USW00023062,39.7633,-104.8694,DENVER-STAPLETON                       72469,1611,CO,2022-12-06,13.9,-4.4,0,0,0,2022,4.75,12,6,340,TRUE,FALSE,FALSE,NA,NA,72
USW00023062,39.7633,-104.8694,DENVER-STAPLETON                       72469,1611,CO,2022-12-07,12.8,-7.2,3,0,0,2022,2.8000000000000003,12,7,341,TRUE,FALSE,TRUE,NA,NA,73
USW00023062,39.7633,-104.8694,DENVER-STAPLETON                       72469,1611,CO,2022-12-08,12.8,-6.1,0,0,0,2022,3.3500000000000005,12,8,342,TRUE,FALSE,FALSE,NA,NA,73
USW00023062,39.7633,-104.8694,DENVER-STAPLETON                       72469,1611,CO,2022-12-09,7.2,-9.4,0,0,0,2022,-1.1,12,9,343,FALSE,FALSE,FALSE,NA,NA,73
USW00023062,39.7633,-104.8694,DENVER-STAPLETON                       72469,1611,CO,2022-12-10,8.9,-8.9,0,0,0,2022,0,12,10,344,FALSE,FALSE,FALSE,NA,NA,73
USW00023062,39.7633,-104.8694,DENVER-STAPLETON                       72469,1611,CO,2022-12-11,17.2,-7.8,0,0,0,2022,4.699999999999999,12,11,345,TRUE,FALSE,FALSE,NA,NA,73
USW00023062,39.7633,-104.8694,DENVER-STAPLETON                       72469,1611,CO,2022-12-12,17.2,-2.2,0,0,0,2022,7.5,12,12,346,TRUE,FALSE,FALSE,NA,NA,73
USW00023062,39.7633,-104.8694,DENVER-STAPLETON                       72469,1611,CO,2022-12-13,13.3,-5.6,3,0,0,2022,3.8500000000000005,12,13,347,TRUE,FALSE,TRUE,NA,NA,74
USW00023062,39.7633,-104.8694,DENVER-STAPLETON                       72469,1611,CO,2022-12-14,-3.3,-7.8,3,0,0,2022,-5.55,12,14,348,FALSE,FALSE,TRUE,NA,NA,75
USW00023062,39.7633,-104.8694,DENVER-STAPLETON                       72469,1611,CO,2022-12-15,3.3,-10,0,0,0,2022,-3.35,12,15,349,FALSE,FALSE,FALSE,NA,NA,75
USW00023062,39.7633,-104.8694,DENVER-STAPLETON                       72469,1611,CO,2022-12-16,-0.6,-12.2,0,0,0,2022,-6.3999999999999995,12,16,350,FALSE,FALSE,FALSE,NA,NA,75
USW00023062,39.7633,-104.8694,DENVER-STAPLETON                       72469,1611,CO,2022-12-17,1.1,-11.7,0,0,0,2022,-5.3,12,17,351,FALSE,FALSE,FALSE,NA,NA,75
USW00023062,39.7633,-104.8694,DENVER-STAPLETON                       72469,1611,CO,2022-12-18,2.2,-12.2,0,0,0,2022,-5,12,18,352,FALSE,FALSE,FALSE,NA,NA,75
USW00023062,39.7633,-104.8694,DENVER-STAPLETON                       72469,1611,CO,2022-12-19,5,-11.1,0,0,0,2022,-3.05,12,19,353,FALSE,FALSE,FALSE,NA,NA,75
USW00023062,39.7633,-104.8694,DENVER-STAPLETON                       72469,1611,CO,2022-12-20,10,-7.8,0,0,0,2022,1.1,12,20,354,TRUE,FALSE,FALSE,NA,NA,75
USW00023062,39.7633,-104.8694,DENVER-STAPLETON                       72469,1611,CO,2022-12-21,10,-6.7,0,0,0,2022,1.65,12,21,355,TRUE,FALSE,FALSE,NA,NA,75
USW00023062,39.7633,-104.8694,DENVER-STAPLETON                       72469,1611,CO,2022-12-22,10.6,-25.6,64,122,127,2022,-7.500000000000001,12,22,356,TRUE,FALSE,TRUE,NA,NA,76
USW00023062,39.7633,-104.8694,DENVER-STAPLETON                       72469,1611,CO,2022-12-23,-18.3,-26.1,0,0,102,2022,-22.200000000000003,12,23,357,FALSE,FALSE,FALSE,NA,NA,76
USW00023062,39.7633,-104.8694,DENVER-STAPLETON                       72469,1611,CO,2022-12-24,-11.1,-23.9,0,0,102,2022,-17.5,12,24,358,FALSE,FALSE,FALSE,NA,NA,76
USW00023062,39.7633,-104.8694,DENVER-STAPLETON                       72469,1611,CO,2022-12-25,8.9,-11.7,0,0,51,2022,-1.3999999999999995,12,25,359,FALSE,FALSE,FALSE,NA,NA,76
USW00023062,39.7633,-104.8694,DENVER-STAPLETON                       72469,1611,CO,2022-12-26,11.1,-0.6,0,0,25,2022,5.25,12,26,360,TRUE,FALSE,FALSE,NA,NA,76
USW00023062,39.7633,-104.8694,DENVER-STAPLETON                       72469,1611,CO,2022-12-27,11.1,-1.7,0,0,0,2022,4.7,12,27,361,TRUE,FALSE,FALSE,NA,NA,76
USW00023062,39.7633,-104.8694,DENVER-STAPLETON                       72469,1611,CO,2022-12-28,17.8,3.9,0,0,0,2022,10.85,12,28,362,TRUE,TRUE,FALSE,NA,NA,76
USW00023062,39.7633,-104.8694,DENVER-STAPLETON                       72469,1611,CO,2022-12-29,12.2,-3.3,211,173,178,2022,4.449999999999999,12,29,363,TRUE,FALSE,TRUE,NA,NA,77
USW00023062,39.7633,-104.8694,DENVER-STAPLETON                       72469,1611,CO,2022-12-30,6.1,-7.8,0,0,127,2022,-0.8500000000000001,12,30,364,FALSE,FALSE,FALSE,NA,NA,77
USW00023062,39.7633,-104.8694,DENVER-STAPLETON                       72469,1611,CO,2022-12-31,5.6,-6.7,0,0,102,2022,-0.5500000000000003,12,31,365,FALSE,FALSE,FALSE,NA,NA,77
USW00023062,39.7633,-104.8694,DENVER-STAPLETON                       72469,1611,CO,2023-01-01,11.1,-4.4,0,0,51,2023,3.3499999999999996,1,1,1,TRUE,FALSE,FALSE,1,0,0
USW00023062,39.7633,-104.8694,DENVER-STAPLETON                       72469,1611,CO,2023-01-02,3.3,-3.9,25,23,51,2023,-0.30000000000000004,1,2,2,FALSE,FALSE,TRUE,1,0,1
USW00023062,39.7633,-104.8694,DENVER-STAPLETON                       72469,1611,CO,2023-01-03,-2.8,-9.4,13,13,51,2023,-6.1,1,3,3,FALSE,FALSE,TRUE,1,0,2
USW00023062,39.7633,-104.8694,DENVER-STAPLETON                       72469,1611,CO,2023-01-04,-2.2,-9.4,0,0,51,2023,-5.800000000000001,1,4,4,FALSE,FALSE,FALSE,1,0,2
USW00023062,39.7633,-104.8694,DENVER-STAPLETON                       72469,1611,CO,2023-01-05,4.4,-8.3,0,0,51,2023,-1.9500000000000002,1,5,5,FALSE,FALSE,FALSE,1,0,2
USW00023062,39.7633,-104.8694,DENVER-STAPLETON                       72469,1611,CO,2023-01-06,2.8,-8.9,0,0,51,2023,-3.0500000000000003,1,6,6,FALSE,FALSE,FALSE,1,0,2
USW00023062,39.7633,-104.8694,DENVER-STAPLETON                       72469,1611,CO,2023-01-07,6.1,-7.8,0,0,51,2023,-0.8500000000000001,1,7,7,FALSE,FALSE,FALSE,1,0,2
USW00023062,39.7633,-104.8694,DENVER-STAPLETON                       72469,1611,CO,2023-01-08,6.7,-8.9,0,0,25,2023,-1.1,1,8,8,FALSE,FALSE,FALSE,1,0,2
USW00023062,39.7633,-104.8694,DENVER-STAPLETON                       72469,1611,CO,2023-01-09,12.2,-5,0,0,25,2023,3.5999999999999996,1,9,9,TRUE,FALSE,FALSE,2,0,2
USW00023062,39.7633,-104.8694,DENVER-STAPLETON                       72469,1611,CO,2023-01-10,11.7,-3.9,0,0,25,2023,3.8999999999999995,1,10,10,TRUE,FALSE,FALSE,3,0,2
USW00023062,39.7633,-104.8694,DENVER-STAPLETON                       72469,1611,CO,2023-01-11,14.4,-2.8,0,0,25,2023,5.800000000000001,1,11,11,TRUE,FALSE,FALSE,4,0,2
USW00023062,39.7633,-104.8694,DENVER-STAPLETON                       72469,1611,CO,2023-01-12,0.6,-5,3,10,0,2023,-2.2,1,12,12,FALSE,FALSE,TRUE,4,0,3
USW00023062,39.7633,-104.8694,DENVER-STAPLETON                       72469,1611,CO,2023-01-13,10.6,-6.7,0,0,0,2023,1.9499999999999997,1,13,13,TRUE,FALSE,FALSE,5,0,3
USW00023062,39.7633,-104.8694,DENVER-STAPLETON                       72469,1611,CO,2023-01-14,14.4,-6.1,0,0,0,2023,4.15,1,14,14,TRUE,FALSE,FALSE,6,0,3
USW00023062,39.7633,-104.8694,DENVER-STAPLETON                       72469,1611,CO,2023-01-15,16.7,-0.6,0,0,0,2023,8.049999999999999,1,15,15,TRUE,FALSE,FALSE,7,0,3
USW00023062,39.7633,-104.8694,DENVER-STAPLETON                       72469,1611,CO,2023-01-16,6.7,-3.3,0,0,0,2023,1.7000000000000002,1,16,16,FALSE,FALSE,FALSE,7,0,3
USW00023062,39.7633,-104.8694,DENVER-STAPLETON                       72469,1611,CO,2023-01-17,11.1,-5.6,0,0,0,2023,2.75,1,17,17,TRUE,FALSE,FALSE,8,0,3
USW00023062,39.7633,-104.8694,DENVER-STAPLETON                       72469,1611,CO,2023-01-18,2.2,-5,81,117,127,2023,-1.4,1,18,18,FALSE,FALSE,TRUE,8,0,4
USW00023062,39.7633,-104.8694,DENVER-STAPLETON                       72469,1611,CO,2023-01-19,-3.3,-11.1,38,51,152,2023,-7.199999999999999,1,19,19,FALSE,FALSE,TRUE,8,0,5
USW00023062,39.7633,-104.8694,DENVER-STAPLETON                       72469,1611,CO,2023-01-20,5,-11.1,0,0,76,2023,-3.05,1,20,20,FALSE,FALSE,FALSE,8,0,5
USW00023062,39.7633,-104.8694,DENVER-STAPLETON                       72469,1611,CO,2023-01-21,-2.8,-12.8,0,0,76,2023,-7.800000000000001,1,21,21,FALSE,FALSE,FALSE,8,0,5
USW00023062,39.7633,-104.8694,DENVER-STAPLETON                       72469,1611,CO,2023-01-22,0.6,-9.4,3,8,76,2023,-4.4,1,22,22,FALSE,FALSE,TRUE,8,0,6
USW00023062,39.7633,-104.8694,DENVER-STAPLETON                       72469,1611,CO,2023-01-23,5.6,-8.9,0,0,51,2023,-1.6500000000000004,1,23,23,FALSE,FALSE,FALSE,8,0,6
USW00023062,39.7633,-104.8694,DENVER-STAPLETON                       72469,1611,CO,2023-01-24,2.8,-7.2,0,0,51,2023,-2.2,1,24,24,FALSE,FALSE,FALSE,8,0,6
USW00023062,39.7633,-104.8694,DENVER-STAPLETON                       72469,1611,CO,2023-01-25,3.3,-8.9,0,0,51,2023,-2.8000000000000003,1,25,25,FALSE,FALSE,FALSE,8,0,6
USW00023062,39.7633,-104.8694,DENVER-STAPLETON                       72469,1611,CO,2023-01-26,1.1,-9.4,0,0,51,2023,-4.15,1,26,26,FALSE,FALSE,FALSE,8,0,6
USW00023062,39.7633,-104.8694,DENVER-STAPLETON                       72469,1611,CO,2023-01-27,5,-8.9,0,0,51,2023,-1.9500000000000002,1,27,27,FALSE,FALSE,FALSE,8,0,6
USW00023062,39.7633,-104.8694,DENVER-STAPLETON                       72469,1611,CO,2023-01-28,9.4,-6.7,0,0,25,2023,1.35,1,28,28,FALSE,FALSE,FALSE,8,0,6
USW00023062,39.7633,-104.8694,DENVER-STAPLETON                       72469,1611,CO,2023-01-29,-1.7,-15.6,3,20,51,2023,-8.65,1,29,29,FALSE,FALSE,TRUE,8,0,7
USW00023062,39.7633,-104.8694,DENVER-STAPLETON                       72469,1611,CO,2023-01-30,-15.6,-20.6,3,8,51,2023,-18.1,1,30,30,FALSE,FALSE,TRUE,8,0,8
USW00023062,39.7633,-104.8694,DENVER-STAPLETON                       72469,1611,CO,2023-01-31,-14.4,-20,5,23,51,2023,-17.2,1,31,31,FALSE,FALSE,TRUE,8,0,9
USW00023062,39.7633,-104.8694,DENVER-STAPLETON                       72469,1611,CO,2023-02-01,-2.2,-16.1,0,0,25,2023,-9.15,2,1,32,FALSE,FALSE,FALSE,8,0,9
USW00023062,39.7633,-104.8694,DENVER-STAPLETON                       72469,1611,CO,2023-02-02,7.8,-10.6,0,0,25,2023,-1.4,2,2,33,FALSE,FALSE,FALSE,8,0,9
USW00023062,39.7633,-104.8694,DENVER-STAPLETON                       72469,1611,CO,2023-02-03,9.4,-8.9,0,0,25,2023,0.25,2,3,34,FALSE,FALSE,FALSE,8,0,9
USW00023062,39.7633,-104.8694,DENVER-STAPLETON                       72469,1611,CO,2023-02-04,16.7,-1.7,0,0,25,2023,7.5,2,4,35,TRUE,FALSE,FALSE,9,0,9
USW00023062,39.7633,-104.8694,DENVER-STAPLETON                       72469,1611,CO,2023-02-05,13.9,-3.9,0,0,25,2023,5,2,5,36,TRUE,FALSE,FALSE,10,0,9
USW00023062,39.7633,-104.8694,DENVER-STAPLETON                       72469,1611,CO,2023-02-06,7.8,-4.4,0,0,25,2023,1.6999999999999997,2,6,37,FALSE,FALSE,FALSE,10,0,9
USW00023062,39.7633,-104.8694,DENVER-STAPLETON                       72469,1611,CO,2023-02-07,6.7,-4.4,0,0,0,2023,1.15,2,7,38,FALSE,FALSE,FALSE,10,0,9
USW00023062,39.7633,-104.8694,DENVER-STAPLETON                       72469,1611,CO,2023-02-08,7.2,-6.7,0,0,0,2023,0.25,2,8,39,FALSE,FALSE,FALSE,10,0,9
USW00023062,39.7633,-104.8694,DENVER-STAPLETON                       72469,1611,CO,2023-02-09,11.1,-5.6,0,0,0,2023,2.75,2,9,40,TRUE,FALSE,FALSE,11,0,9
USW00023062,39.7633,-104.8694,DENVER-STAPLETON                       72469,1611,CO,2023-02-10,0.6,-10.6,0,0,0,2023,-5,2,10,41,FALSE,FALSE,FALSE,11,0,9
USW00023062,39.7633,-104.8694,DENVER-STAPLETON                       72469,1611,CO,2023-02-11,11.1,-10.6,0,0,0,2023,0.25,2,11,42,TRUE,FALSE,FALSE,12,0,9
USW00023062,39.7633,-104.8694,DENVER-STAPLETON                       72469,1611,CO,2023-02-12,18.3,-6.7,0,0,0,2023,5.800000000000001,2,12,43,TRUE,FALSE,FALSE,13,0,9
USW00023062,39.7633,-104.8694,DENVER-STAPLETON                       72469,1611,CO,2023-02-13,10.6,-3.9,0,0,0,2023,3.3499999999999996,2,13,44,TRUE,FALSE,FALSE,14,0,9
USW00023062,39.7633,-104.8694,DENVER-STAPLETON                       72469,1611,CO,2023-02-14,17.2,-2.8,0,0,0,2023,7.199999999999999,2,14,45,TRUE,FALSE,FALSE,15,0,9
USW00023062,39.7633,-104.8694,DENVER-STAPLETON                       72469,1611,CO,2023-02-15,7.2,-11.1,30,84,76,2023,-1.9499999999999997,2,15,46,FALSE,FALSE,TRUE,15,0,10
USW00023062,39.7633,-104.8694,DENVER-STAPLETON                       72469,1611,CO,2023-02-16,-10.6,-16.7,41,64,127,2023,-13.649999999999999,2,16,47,FALSE,FALSE,TRUE,15,0,11
USW00023062,39.7633,-104.8694,DENVER-STAPLETON                       72469,1611,CO,2023-02-17,-1.7,-15.6,0,0,25,2023,-8.65,2,17,48,FALSE,FALSE,FALSE,15,0,11
USW00023062,39.7633,-104.8694,DENVER-STAPLETON                       72469,1611,CO,2023-02-18,12.8,-5.6,0,0,25,2023,3.6000000000000005,2,18,49,TRUE,FALSE,FALSE,16,0,11
USW00023062,39.7633,-104.8694,DENVER-STAPLETON                       72469,1611,CO,2023-02-19,13.3,-3.9,0,0,0,2023,4.7,2,19,50,TRUE,FALSE,FALSE,17,0,11
USW00023062,39.7633,-104.8694,DENVER-STAPLETON                       72469,1611,CO,2023-02-20,10,-1.1,0,0,0,2023,4.45,2,20,51,TRUE,FALSE,FALSE,18,0,11
USW00023062,39.7633,-104.8694,DENVER-STAPLETON                       72469,1611,CO,2023-02-21,12.8,-1.1,0,0,0,2023,5.8500000000000005,2,21,52,TRUE,FALSE,FALSE,19,0,11
USW00023062,39.7633,-104.8694,DENVER-STAPLETON                       72469,1611,CO,2023-02-22,15,-13.9,3,10,0,2023,0.5499999999999998,2,22,53,TRUE,FALSE,TRUE,20,0,12
USW00023062,39.7633,-104.8694,DENVER-STAPLETON                       72469,1611,CO,2023-02-23,-13.9,-22.2,5,8,25,2023,-18.05,2,23,54,FALSE,FALSE,TRUE,20,0,13
USW00023062,39.7633,-104.8694,DENVER-STAPLETON                       72469,1611,CO,2023-02-24,-11.7,-21.7,0,0,0,2023,-16.7,2,24,55,FALSE,FALSE,FALSE,20,0,13
USW00023062,39.7633,-104.8694,DENVER-STAPLETON                       72469,1611,CO,2023-02-25,4.4,-16.7,0,0,0,2023,-6.1499999999999995,2,25,56,FALSE,FALSE,FALSE,20,0,13
USW00023062,39.7633,-104.8694,DENVER-STAPLETON                       72469,1611,CO,2023-02-26,13.9,-7.8,0,0,0,2023,3.0500000000000003,2,26,57,TRUE,FALSE,FALSE,21,0,13
USW00023062,39.7633,-104.8694,DENVER-STAPLETON                       72469,1611,CO,2023-02-27,16.7,-1.1,0,0,0,2023,7.8,2,27,58,TRUE,FALSE,FALSE,22,0,13
USW00023062,39.7633,-104.8694,DENVER-STAPLETON                       72469,1611,CO,2023-02-28,11.1,-1.7,0,0,0,2023,4.7,2,28,59,TRUE,FALSE,FALSE,23,0,13
USW00023062,39.7633,-104.8694,DENVER-STAPLETON                       72469,1611,CO,2023-03-01,10,-7.2,0,0,0,2023,1.4,3,1,60,TRUE,FALSE,FALSE,24,0,13
USW00023062,39.7633,-104.8694,DENVER-STAPLETON                       72469,1611,CO,2023-03-02,3.9,-7.2,0,0,0,2023,-1.6500000000000001,3,2,61,FALSE,FALSE,FALSE,24,0,13
USW00023062,39.7633,-104.8694,DENVER-STAPLETON                       72469,1611,CO,2023-03-03,8.9,-5.6,0,0,0,2023,1.6500000000000004,3,3,62,FALSE,FALSE,FALSE,24,0,13
USW00023062,39.7633,-104.8694,DENVER-STAPLETON                       72469,1611,CO,2023-03-04,9.4,-8.3,0,0,0,2023,0.5499999999999998,3,4,63,FALSE,FALSE,FALSE,24,0,13
USW00023062,39.7633,-104.8694,DENVER-STAPLETON                       72469,1611,CO,2023-03-05,8.9,-7.2,0,0,0,2023,0.8500000000000001,3,5,64,FALSE,FALSE,FALSE,24,0,13
USW00023062,39.7633,-104.8694,DENVER-STAPLETON                       72469,1611,CO,2023-03-06,12.8,-6.7,0,0,0,2023,3.0500000000000003,3,6,65,TRUE,FALSE,FALSE,25,0,13
USW00023062,39.7633,-104.8694,DENVER-STAPLETON                       72469,1611,CO,2023-03-07,6.1,-5,0,0,0,2023,0.5499999999999998,3,7,66,FALSE,FALSE,FALSE,25,0,13
USW00023062,39.7633,-104.8694,DENVER-STAPLETON                       72469,1611,CO,2023-03-08,0.6,-4.4,0,0,0,2023,-1.9000000000000001,3,8,67,FALSE,FALSE,FALSE,25,0,13
USW00023062,39.7633,-104.8694,DENVER-STAPLETON                       72469,1611,CO,2023-03-09,4.4,-3.3,0,0,0,2023,0.5500000000000003,3,9,68,FALSE,FALSE,FALSE,25,0,13
USW00023062,39.7633,-104.8694,DENVER-STAPLETON                       72469,1611,CO,2023-03-10,12.8,-3.9,0,0,0,2023,4.45,3,10,69,TRUE,FALSE,FALSE,26,0,13
USW00023062,39.7633,-104.8694,DENVER-STAPLETON                       72469,1611,CO,2023-03-11,18.3,-3.3,0,0,0,2023,7.5,3,11,70,TRUE,FALSE,FALSE,27,0,13
USW00023062,39.7633,-104.8694,DENVER-STAPLETON                       72469,1611,CO,2023-03-12,13.3,-3.9,0,0,0,2023,4.7,3,12,71,TRUE,FALSE,FALSE,28,0,13
USW00023062,39.7633,-104.8694,DENVER-STAPLETON                       72469,1611,CO,2023-03-13,6.7,-7.2,0,0,0,2023,-0.25,3,13,72,FALSE,FALSE,FALSE,28,0,13
USW00023062,39.7633,-104.8694,DENVER-STAPLETON                       72469,1611,CO,2023-03-14,13.3,-5,0,0,0,2023,4.15,3,14,73,TRUE,FALSE,FALSE,29,0,13
USW00023062,39.7633,-104.8694,DENVER-STAPLETON                       72469,1611,CO,2023-03-15,17.8,0.6,0,0,0,2023,9.200000000000001,3,15,74,TRUE,TRUE,FALSE,30,1,13
USW00023062,39.7633,-104.8694,DENVER-STAPLETON                       72469,1611,CO,2023-03-16,21.7,-3.9,53,36,25,2023,8.9,3,16,75,TRUE,FALSE,TRUE,31,1,14
USW00023062,39.7633,-104.8694,DENVER-STAPLETON                       72469,1611,CO,2023-03-17,2.2,-5,0,0,0,2023,-1.4,3,17,76,FALSE,FALSE,FALSE,31,1,14
USW00023062,39.7633,-104.8694,DENVER-STAPLETON                       72469,1611,CO,2023-03-18,5.6,-8.3,0,0,0,2023,-1.3500000000000005,3,18,77,FALSE,FALSE,FALSE,31,1,14
USW00023062,39.7633,-104.8694,DENVER-STAPLETON                       72469,1611,CO,2023-03-19,7.8,-6.7,0,0,0,2023,0.5499999999999998,3,19,78,FALSE,FALSE,FALSE,31,1,14
USW00023062,39.7633,-104.8694,DENVER-STAPLETON                       72469,1611,CO,2023-03-20,13.9,-3.3,0,0,0,2023,5.300000000000001,3,20,79,TRUE,FALSE,FALSE,32,1,14
USW00023062,39.7633,-104.8694,DENVER-STAPLETON                       72469,1611,CO,2023-03-21,13.3,-2.2,0,0,0,2023,5.550000000000001,3,21,80,TRUE,FALSE,FALSE,33,1,14
USW00023062,39.7633,-104.8694,DENVER-STAPLETON                       72469,1611,CO,2023-03-22,15,-2.2,0,0,0,2023,6.4,3,22,81,TRUE,FALSE,FALSE,34,1,14
USW00023062,39.7633,-104.8694,DENVER-STAPLETON                       72469,1611,CO,2023-03-23,7.2,-1.7,0,0,0,2023,2.75,3,23,82,FALSE,FALSE,FALSE,34,1,14
USW00023062,39.7633,-104.8694,DENVER-STAPLETON                       72469,1611,CO,2023-03-24,10.6,-3.3,0,0,0,2023,3.65,3,24,83,TRUE,FALSE,FALSE,35,1,14
USW00023062,39.7633,-104.8694,DENVER-STAPLETON                       72469,1611,CO,2023-03-25,10.6,-4.4,3,23,25,2023,3.0999999999999996,3,25,84,TRUE,FALSE,TRUE,36,1,15
USW00023062,39.7633,-104.8694,DENVER-STAPLETON                       72469,1611,CO,2023-03-26,5,-7.2,0,0,0,2023,-1.1,3,26,85,FALSE,FALSE,FALSE,36,1,15
USW00023062,39.7633,-104.8694,DENVER-STAPLETON                       72469,1611,CO,2023-03-27,5,-5,13,25,25,2023,0,3,27,86,FALSE,FALSE,TRUE,36,1,16
USW00023062,39.7633,-104.8694,DENVER-STAPLETON                       72469,1611,CO,2023-03-28,0.6,-8.3,0,0,0,2023,-3.8500000000000005,3,28,87,FALSE,FALSE,FALSE,36,1,16
USW00023062,39.7633,-104.8694,DENVER-STAPLETON                       72469,1611,CO,2023-03-29,10.6,-5.6,0,0,0,2023,2.5,3,29,88,TRUE,FALSE,FALSE,37,1,16
USW00023062,39.7633,-104.8694,DENVER-STAPLETON                       72469,1611,CO,2023-03-30,10,-5,0,0,0,2023,2.5,3,30,89,TRUE,FALSE,FALSE,38,1,16
USW00023062,39.7633,-104.8694,DENVER-STAPLETON                       72469,1611,CO,2023-03-31,20,-4.4,0,0,0,2023,7.8,3,31,90,TRUE,FALSE,FALSE,39,1,16
USW00023062,39.7633,-104.8694,DENVER-STAPLETON                       72469,1611,CO,2023-04-01,11.1,-2.8,0,0,0,2023,4.15,4,1,91,TRUE,FALSE,FALSE,40,1,16
USW00023062,39.7633,-104.8694,DENVER-STAPLETON                       72469,1611,CO,2023-04-02,18.3,0,0,0,0,2023,9.15,4,2,92,TRUE,FALSE,FALSE,41,1,16
USW00023062,39.7633,-104.8694,DENVER-STAPLETON                       72469,1611,CO,2023-04-03,21.7,-0.6,0,0,0,2023,10.549999999999999,4,3,93,TRUE,FALSE,FALSE,42,1,16
USW00023062,39.7633,-104.8694,DENVER-STAPLETON                       72469,1611,CO,2023-04-04,16.1,-4.4,0,8,0,2023,5.8500000000000005,4,4,94,TRUE,FALSE,FALSE,43,1,16
USW00023062,39.7633,-104.8694,DENVER-STAPLETON                       72469,1611,CO,2023-04-05,-2.2,-8.9,15,15,25,2023,-5.550000000000001,4,5,95,FALSE,FALSE,TRUE,43,1,17
USW00023062,39.7633,-104.8694,DENVER-STAPLETON                       72469,1611,CO,2023-04-06,6.7,-7.2,0,0,0,2023,-0.25,4,6,96,FALSE,FALSE,FALSE,43,1,17
USW00023062,39.7633,-104.8694,DENVER-STAPLETON                       72469,1611,CO,2023-04-07,11.1,-3.3,0,0,0,2023,3.9,4,7,97,TRUE,FALSE,FALSE,44,1,17
USW00023062,39.7633,-104.8694,DENVER-STAPLETON                       72469,1611,CO,2023-04-08,18.9,2.2,0,0,0,2023,10.549999999999999,4,8,98,TRUE,TRUE,FALSE,45,2,17
USW00023062,39.7633,-104.8694,DENVER-STAPLETON                       72469,1611,CO,2023-04-09,20,2.8,0,0,0,2023,11.4,4,9,99,TRUE,TRUE,FALSE,46,3,17
USW00023062,39.7633,-104.8694,DENVER-STAPLETON                       72469,1611,CO,2023-04-10,20,1.1,0,0,0,2023,10.55,4,10,100,TRUE,TRUE,FALSE,47,4,17
USW00023062,39.7633,-104.8694,DENVER-STAPLETON                       72469,1611,CO,2023-04-11,24.4,7.2,0,0,0,2023,15.799999999999999,4,11,101,TRUE,TRUE,FALSE,48,5,17
USW00023062,39.7633,-104.8694,DENVER-STAPLETON                       72469,1611,CO,2023-04-12,28.9,8.9,0,0,0,2023,18.9,4,12,102,TRUE,TRUE,FALSE,49,6,17
USW00023062,39.7633,-104.8694,DENVER-STAPLETON                       72469,1611,CO,2023-04-13,28.9,15,0,0,0,2023,21.95,4,13,103,TRUE,TRUE,FALSE,50,7,17
USW00023062,39.7633,-104.8694,DENVER-STAPLETON                       72469,1611,CO,2023-04-14,26.7,5,0,0,0,2023,15.85,4,14,104,TRUE,TRUE,FALSE,51,8,17
USW00023062,39.7633,-104.8694,DENVER-STAPLETON                       72469,1611,CO,2023-04-15,5,0,41,0,0,2023,2.5,4,15,105,FALSE,FALSE,TRUE,51,8,18
USW00023062,39.7633,-104.8694,DENVER-STAPLETON                       72469,1611,CO,2023-04-16,8.9,-3.9,0,0,0,2023,2.5,4,16,106,FALSE,FALSE,FALSE,51,8,18
USW00023062,39.7633,-104.8694,DENVER-STAPLETON                       72469,1611,CO,2023-04-17,17.8,1.7,0,0,0,2023,9.75,4,17,107,TRUE,TRUE,FALSE,52,9,18
USW00023062,39.7633,-104.8694,DENVER-STAPLETON                       72469,1611,CO,2023-04-18,22.2,6.1,0,0,0,2023,14.149999999999999,4,18,108,TRUE,TRUE,FALSE,53,10,18
USW00023062,39.7633,-104.8694,DENVER-STAPLETON                       72469,1611,CO,2023-04-19,25,3.3,0,0,0,2023,14.15,4,19,109,TRUE,TRUE,FALSE,54,11,18
USW00023062,39.7633,-104.8694,DENVER-STAPLETON                       72469,1611,CO,2023-04-20,16.1,-0.6,5,0,0,2023,7.750000000000001,4,20,110,TRUE,FALSE,TRUE,55,11,19
USW00023062,39.7633,-104.8694,DENVER-STAPLETON                       72469,1611,CO,2023-04-21,10.6,-2.2,0,0,0,2023,4.199999999999999,4,21,111,TRUE,FALSE,FALSE,56,11,19
USW00023062,39.7633,-104.8694,DENVER-STAPLETON                       72469,1611,CO,2023-04-22,10.6,-4.4,56,46,51,2023,3.0999999999999996,4,22,112,TRUE,FALSE,TRUE,57,11,20
USW00023062,39.7633,-104.8694,DENVER-STAPLETON                       72469,1611,CO,2023-04-23,2.8,-4.4,0,0,0,2023,-0.8000000000000003,4,23,113,FALSE,FALSE,FALSE,57,11,20
USW00023062,39.7633,-104.8694,DENVER-STAPLETON                       72469,1611,CO,2023-04-24,13.3,0,0,0,0,2023,6.65,4,24,114,TRUE,FALSE,FALSE,58,11,20
USW00023062,39.7633,-104.8694,DENVER-STAPLETON                       72469,1611,CO,2023-04-25,18.3,3.9,3,0,0,2023,11.1,4,25,115,TRUE,TRUE,TRUE,59,12,21
USW00023062,39.7633,-104.8694,DENVER-STAPLETON                       72469,1611,CO,2023-04-26,15.6,4.4,91,0,0,2023,10,4,26,116,TRUE,TRUE,TRUE,60,13,22
USW00023062,39.7633,-104.8694,DENVER-STAPLETON                       72469,1611,CO,2023-04-27,13.9,4.4,0,0,0,2023,9.15,4,27,117,TRUE,TRUE,FALSE,61,14,22
USW00023062,39.7633,-104.8694,DENVER-STAPLETON                       72469,1611,CO,2023-04-28,20,1.7,89,0,0,2023,10.85,4,28,118,TRUE,TRUE,TRUE,62,15,23
USW00023062,39.7633,-104.8694,DENVER-STAPLETON                       72469,1611,CO,2023-04-29,13.9,3.3,0,0,0,2023,8.6,4,29,119,TRUE,TRUE,FALSE,63,16,23
USW00023062,39.7633,-104.8694,DENVER-STAPLETON                       72469,1611,CO,2023-04-30,21.7,5,0,0,0,2023,13.35,4,30,120,TRUE,TRUE,FALSE,64,17,23
USW00023062,39.7633,-104.8694,DENVER-STAPLETON                       72469,1611,CO,2023-05-01,20,4.4,0,0,0,2023,12.2,5,1,121,TRUE,TRUE,FALSE,65,18,23
USW00023062,39.7633,-104.8694,DENVER-STAPLETON                       72469,1611,CO,2023-05-02,22.2,7.2,0,0,0,2023,14.7,5,2,122,TRUE,TRUE,FALSE,66,19,23
USW00023062,39.7633,-104.8694,DENVER-STAPLETON                       72469,1611,CO,2023-05-03,23.3,8.3,0,0,0,2023,15.8,5,3,123,TRUE,TRUE,FALSE,67,20,23
USW00023062,39.7633,-104.8694,DENVER-STAPLETON                       72469,1611,CO,2023-05-04,26.1,10.6,0,0,0,2023,18.35,5,4,124,TRUE,TRUE,FALSE,68,21,23
USW00023062,39.7633,-104.8694,DENVER-STAPLETON                       72469,1611,CO,2023-05-05,23.9,6.1,0,0,0,2023,15,5,5,125,TRUE,TRUE,FALSE,69,22,23
USW00023062,39.7633,-104.8694,DENVER-STAPLETON                       72469,1611,CO,2023-05-06,24.4,5,0,0,0,2023,14.7,5,6,126,TRUE,TRUE,FALSE,70,23,23
USW00023062,39.7633,-104.8694,DENVER-STAPLETON                       72469,1611,CO,2023-05-07,21.7,4.4,0,0,0,2023,13.05,5,7,127,TRUE,TRUE,FALSE,71,24,23
USW00023062,39.7633,-104.8694,DENVER-STAPLETON                       72469,1611,CO,2023-05-08,21.7,6.7,0,0,0,2023,14.2,5,8,128,TRUE,TRUE,FALSE,72,25,23
USW00023062,39.7633,-104.8694,DENVER-STAPLETON                       72469,1611,CO,2023-05-09,23.3,6.1,0,0,0,2023,14.7,5,9,129,TRUE,TRUE,FALSE,73,26,23
USW00023062,39.7633,-104.8694,DENVER-STAPLETON                       72469,1611,CO,2023-05-10,25.6,10.6,0,0,0,2023,18.1,5,10,130,TRUE,TRUE,FALSE,74,27,23
USW00023062,39.7633,-104.8694,DENVER-STAPLETON                       72469,1611,CO,2023-05-11,13.9,8.3,363,0,0,2023,11.100000000000001,5,11,131,TRUE,TRUE,TRUE,75,28,24
USW00023062,39.7633,-104.8694,DENVER-STAPLETON                       72469,1611,CO,2023-05-12,10,8.3,843,0,0,2023,9.15,5,12,132,TRUE,TRUE,TRUE,76,29,25
USW00023062,39.7633,-104.8694,DENVER-STAPLETON                       72469,1611,CO,2023-05-13,16.7,6.7,0,0,0,2023,11.7,5,13,133,TRUE,TRUE,FALSE,77,30,25
USW00023062,39.7633,-104.8694,DENVER-STAPLETON                       72469,1611,CO,2023-05-14,15.6,8.9,0,0,0,2023,12.25,5,14,134,TRUE,TRUE,FALSE,78,31,25
USW00023062,39.7633,-104.8694,DENVER-STAPLETON                       72469,1611,CO,2023-05-15,15.6,8.3,41,0,0,2023,11.95,5,15,135,TRUE,TRUE,TRUE,79,32,26
USW00023062,39.7633,-104.8694,DENVER-STAPLETON                       72469,1611,CO,2023-05-16,16.1,7.2,0,0,0,2023,11.65,5,16,136,TRUE,TRUE,FALSE,80,33,26
USW00023062,39.7633,-104.8694,DENVER-STAPLETON                       72469,1611,CO,2023-05-17,25,NA,25,0,0,2023,NA,5,17,137,TRUE,NA,TRUE,81,NA,27
USW00023062,39.7633,-104.8694,DENVER-STAPLETON                       72469,1611,CO,2023-05-18,25.6,10,51,0,0,2023,17.8,5,18,138,TRUE,TRUE,TRUE,82,NA,28
USW00023062,39.7633,-104.8694,DENVER-STAPLETON                       72469,1611,CO,2023-05-19,18.9,10,28,0,0,2023,14.45,5,19,139,TRUE,TRUE,TRUE,83,NA,29
USW00023062,39.7633,-104.8694,DENVER-STAPLETON                       72469,1611,CO,2023-05-20,12.8,7.2,0,0,0,2023,10,5,20,140,TRUE,TRUE,FALSE,84,NA,29
USW00023062,39.7633,-104.8694,DENVER-STAPLETON                       72469,1611,CO,2023-05-21,21.1,8.3,0,0,0,2023,14.700000000000001,5,21,141,TRUE,TRUE,FALSE,85,NA,29
USW00023062,39.7633,-104.8694,DENVER-STAPLETON                       72469,1611,CO,2023-05-22,23.3,9.4,0,0,0,2023,16.35,5,22,142,TRUE,TRUE,FALSE,86,NA,29
USW00023062,39.7633,-104.8694,DENVER-STAPLETON                       72469,1611,CO,2023-05-23,23.3,8.9,0,0,0,2023,16.1,5,23,143,TRUE,TRUE,FALSE,87,NA,29
USW00023062,39.7633,-104.8694,DENVER-STAPLETON                       72469,1611,CO,2023-05-24,24.4,10,0,0,0,2023,17.2,5,24,144,TRUE,TRUE,FALSE,88,NA,29
USW00023062,39.7633,-104.8694,DENVER-STAPLETON                       72469,1611,CO,2023-05-25,22.8,8.3,3,0,0,2023,15.55,5,25,145,TRUE,TRUE,TRUE,89,NA,30
USW00023062,39.7633,-104.8694,DENVER-STAPLETON                       72469,1611,CO,2023-05-26,23.9,8.9,36,0,0,2023,16.4,5,26,146,TRUE,TRUE,TRUE,90,NA,31
USW00023062,39.7633,-104.8694,DENVER-STAPLETON                       72469,1611,CO,2023-05-27,22.2,9.4,86,0,0,2023,15.8,5,27,147,TRUE,TRUE,TRUE,91,NA,32
USW00023062,39.7633,-104.8694,DENVER-STAPLETON                       72469,1611,CO,2023-05-28,26.1,8.3,30,0,0,2023,17.200000000000003,5,28,148,TRUE,TRUE,TRUE,92,NA,33
USW00023062,39.7633,-104.8694,DENVER-STAPLETON                       72469,1611,CO,2023-05-29,25,9.4,0,0,0,2023,17.2,5,29,149,TRUE,TRUE,FALSE,93,NA,33
USW00023062,39.7633,-104.8694,DENVER-STAPLETON                       72469,1611,CO,2023-05-30,27.8,9.4,0,0,0,2023,18.6,5,30,150,TRUE,TRUE,FALSE,94,NA,33
USW00023062,39.7633,-104.8694,DENVER-STAPLETON                       72469,1611,CO,2023-05-31,25.6,9.4,0,0,0,2023,17.5,5,31,151,TRUE,TRUE,FALSE,95,NA,33
USW00023062,39.7633,-104.8694,DENVER-STAPLETON                       72469,1611,CO,2023-06-01,25.6,11.1,0,0,0,2023,18.35,6,1,152,TRUE,TRUE,FALSE,96,NA,33
USW00023062,39.7633,-104.8694,DENVER-STAPLETON                       72469,1611,CO,2023-06-02,21.1,8.9,10,0,0,2023,15,6,2,153,TRUE,TRUE,TRUE,97,NA,34
USW00023062,39.7633,-104.8694,DENVER-STAPLETON                       72469,1611,CO,2023-06-03,21.1,11.7,5,0,0,2023,16.4,6,3,154,TRUE,TRUE,TRUE,98,NA,35
USW00023062,39.7633,-104.8694,DENVER-STAPLETON                       72469,1611,CO,2023-06-04,16.1,11.7,107,0,0,2023,13.9,6,4,155,TRUE,TRUE,TRUE,99,NA,36
USW00023062,39.7633,-104.8694,DENVER-STAPLETON                       72469,1611,CO,2023-06-05,15.6,11.1,107,0,0,2023,13.35,6,5,156,TRUE,TRUE,TRUE,100,NA,37
USW00023062,39.7633,-104.8694,DENVER-STAPLETON                       72469,1611,CO,2023-06-06,20,8.3,71,0,0,2023,14.15,6,6,157,TRUE,TRUE,TRUE,101,NA,38
USW00023062,39.7633,-104.8694,DENVER-STAPLETON                       72469,1611,CO,2023-06-07,25,10.6,0,0,0,2023,17.8,6,7,158,TRUE,TRUE,FALSE,102,NA,38
USW00023062,39.7633,-104.8694,DENVER-STAPLETON                       72469,1611,CO,2023-06-08,23.9,10.6,0,0,0,2023,17.25,6,8,159,TRUE,TRUE,FALSE,103,NA,38
USW00023062,39.7633,-104.8694,DENVER-STAPLETON                       72469,1611,CO,2023-06-09,25,10,127,0,0,2023,17.5,6,9,160,TRUE,TRUE,TRUE,104,NA,39
USW00023062,39.7633,-104.8694,DENVER-STAPLETON                       72469,1611,CO,2023-06-10,26.1,8.9,23,0,0,2023,17.5,6,10,161,TRUE,TRUE,TRUE,105,NA,40
USW00023062,39.7633,-104.8694,DENVER-STAPLETON                       72469,1611,CO,2023-06-11,23.3,10,0,0,0,2023,16.65,6,11,162,TRUE,TRUE,FALSE,106,NA,40
USW00023062,39.7633,-104.8694,DENVER-STAPLETON                       72469,1611,CO,2023-06-12,18.3,11.1,46,0,0,2023,14.7,6,12,163,TRUE,TRUE,TRUE,107,NA,41
USW00023062,39.7633,-104.8694,DENVER-STAPLETON                       72469,1611,CO,2023-06-13,18.9,8.3,15,0,0,2023,13.6,6,13,164,TRUE,TRUE,TRUE,108,NA,42
USW00023062,39.7633,-104.8694,DENVER-STAPLETON                       72469,1611,CO,2023-06-14,17.8,8.3,3,0,0,2023,13.05,6,14,165,TRUE,TRUE,TRUE,109,NA,43
USW00023062,39.7633,-104.8694,DENVER-STAPLETON                       72469,1611,CO,2023-06-15,25,12.2,3,0,0,2023,18.6,6,15,166,TRUE,TRUE,TRUE,110,NA,44
USW00023062,39.7633,-104.8694,DENVER-STAPLETON                       72469,1611,CO,2023-06-16,22.8,10,99,0,0,2023,16.4,6,16,167,TRUE,TRUE,TRUE,111,NA,45
USW00023062,39.7633,-104.8694,DENVER-STAPLETON                       72469,1611,CO,2023-06-17,16.1,8.9,61,0,0,2023,12.5,6,17,168,TRUE,TRUE,TRUE,112,NA,46
USW00023062,39.7633,-104.8694,DENVER-STAPLETON                       72469,1611,CO,2023-06-18,21.1,10,18,0,0,2023,15.55,6,18,169,TRUE,TRUE,TRUE,113,NA,47
USW00023062,39.7633,-104.8694,DENVER-STAPLETON                       72469,1611,CO,2023-06-19,28.3,12.2,0,0,0,2023,20.25,6,19,170,TRUE,TRUE,FALSE,114,NA,47
USW00023062,39.7633,-104.8694,DENVER-STAPLETON                       72469,1611,CO,2023-06-20,31.7,11.7,0,0,0,2023,21.7,6,20,171,TRUE,TRUE,FALSE,115,NA,47
USW00023062,39.7633,-104.8694,DENVER-STAPLETON                       72469,1611,CO,2023-06-21,28.9,11.1,0,0,0,2023,20,6,21,172,TRUE,TRUE,FALSE,116,NA,47
USW00023062,39.7633,-104.8694,DENVER-STAPLETON                       72469,1611,CO,2023-06-22,27.8,11.7,579,0,0,2023,19.75,6,22,173,TRUE,TRUE,TRUE,117,NA,48
USW00023062,39.7633,-104.8694,DENVER-STAPLETON                       72469,1611,CO,2023-06-23,25,11.7,38,0,0,2023,18.35,6,23,174,TRUE,TRUE,TRUE,118,NA,49
USW00023062,39.7633,-104.8694,DENVER-STAPLETON                       72469,1611,CO,2023-06-24,26.7,8.9,0,0,0,2023,17.8,6,24,175,TRUE,TRUE,FALSE,119,NA,49
USW00023062,39.7633,-104.8694,DENVER-STAPLETON                       72469,1611,CO,2023-06-25,28.3,11.7,0,0,0,2023,20,6,25,176,TRUE,TRUE,FALSE,120,NA,49
USW00023062,39.7633,-104.8694,DENVER-STAPLETON                       72469,1611,CO,2023-06-26,27.2,11.7,0,0,0,2023,19.45,6,26,177,TRUE,TRUE,FALSE,121,NA,49
USW00023062,39.7633,-104.8694,DENVER-STAPLETON                       72469,1611,CO,2023-06-27,30,13.3,0,0,0,2023,21.65,6,27,178,TRUE,TRUE,FALSE,122,NA,49
USW00023062,39.7633,-104.8694,DENVER-STAPLETON                       72469,1611,CO,2023-06-28,33.9,16.7,0,0,0,2023,25.299999999999997,6,28,179,TRUE,TRUE,FALSE,123,NA,49
USW00023062,39.7633,-104.8694,DENVER-STAPLETON                       72469,1611,CO,2023-06-29,28.3,17.2,0,0,0,2023,22.75,6,29,180,TRUE,TRUE,FALSE,124,NA,49
USW00023062,39.7633,-104.8694,DENVER-STAPLETON                       72469,1611,CO,2023-06-30,27.8,12.2,86,0,0,2023,20,6,30,181,TRUE,TRUE,TRUE,125,NA,50
USW00023062,39.7633,-104.8694,DENVER-STAPLETON                       72469,1611,CO,2023-07-01,21.1,10,0,0,0,2023,15.55,7,1,182,TRUE,TRUE,FALSE,126,NA,50
USW00023062,39.7633,-104.8694,DENVER-STAPLETON                       72469,1611,CO,2023-07-02,26.1,12.8,0,0,0,2023,19.450000000000003,7,2,183,TRUE,TRUE,FALSE,127,NA,50
USW00023062,39.7633,-104.8694,DENVER-STAPLETON                       72469,1611,CO,2023-07-03,28.9,14.4,0,0,0,2023,21.65,7,3,184,TRUE,TRUE,FALSE,128,NA,50
USW00023062,39.7633,-104.8694,DENVER-STAPLETON                       72469,1611,CO,2023-07-04,31.1,14.4,5,0,0,2023,22.75,7,4,185,TRUE,TRUE,TRUE,129,NA,51
USW00023062,39.7633,-104.8694,DENVER-STAPLETON                       72469,1611,CO,2023-07-05,25.6,11.1,323,0,0,2023,18.35,7,5,186,TRUE,TRUE,TRUE,130,NA,52
USW00023062,39.7633,-104.8694,DENVER-STAPLETON                       72469,1611,CO,2023-07-06,18.3,13.3,0,0,0,2023,15.8,7,6,187,TRUE,TRUE,FALSE,131,NA,52
USW00023062,39.7633,-104.8694,DENVER-STAPLETON                       72469,1611,CO,2023-07-07,24.4,13.3,0,0,0,2023,18.85,7,7,188,TRUE,TRUE,FALSE,132,NA,52
USW00023062,39.7633,-104.8694,DENVER-STAPLETON                       72469,1611,CO,2023-07-08,22.8,14.4,0,0,0,2023,18.6,7,8,189,TRUE,TRUE,FALSE,133,NA,52
USW00023062,39.7633,-104.8694,DENVER-STAPLETON                       72469,1611,CO,2023-07-09,26.7,13.3,0,0,0,2023,20,7,9,190,TRUE,TRUE,FALSE,134,NA,52
USW00023062,39.7633,-104.8694,DENVER-STAPLETON                       72469,1611,CO,2023-07-10,26.7,14.4,0,0,0,2023,20.55,7,10,191,TRUE,TRUE,FALSE,135,NA,52
USW00023062,39.7633,-104.8694,DENVER-STAPLETON                       72469,1611,CO,2023-07-11,33.3,16.1,0,0,0,2023,24.7,7,11,192,TRUE,TRUE,FALSE,136,NA,52
USW00023062,39.7633,-104.8694,DENVER-STAPLETON                       72469,1611,CO,2023-07-12,33.3,15,0,0,0,2023,24.15,7,12,193,TRUE,TRUE,FALSE,137,NA,52
USW00023062,39.7633,-104.8694,DENVER-STAPLETON                       72469,1611,CO,2023-07-13,32.2,17.2,0,0,0,2023,24.700000000000003,7,13,194,TRUE,TRUE,FALSE,138,NA,52
USW00023062,39.7633,-104.8694,DENVER-STAPLETON                       72469,1611,CO,2023-07-14,33.3,17.8,0,0,0,2023,25.549999999999997,7,14,195,TRUE,TRUE,FALSE,139,NA,52
USW00023062,39.7633,-104.8694,DENVER-STAPLETON                       72469,1611,CO,2023-07-15,27.2,13.9,10,0,0,2023,20.55,7,15,196,TRUE,TRUE,TRUE,140,NA,53
USW00023062,39.7633,-104.8694,DENVER-STAPLETON                       72469,1611,CO,2023-07-16,29.4,14.4,0,0,0,2023,21.9,7,16,197,TRUE,TRUE,FALSE,141,NA,53
USW00023062,39.7633,-104.8694,DENVER-STAPLETON                       72469,1611,CO,2023-07-17,31.1,15,0,0,0,2023,23.05,7,17,198,TRUE,TRUE,FALSE,142,NA,53
USW00023062,39.7633,-104.8694,DENVER-STAPLETON                       72469,1611,CO,2023-07-18,36.1,16.7,0,0,0,2023,26.4,7,18,199,TRUE,TRUE,FALSE,143,NA,53
USW00023062,39.7633,-104.8694,DENVER-STAPLETON                       72469,1611,CO,2023-07-19,35.6,17.2,3,0,0,2023,26.4,7,19,200,TRUE,TRUE,TRUE,144,NA,54
USW00023062,39.7633,-104.8694,DENVER-STAPLETON                       72469,1611,CO,2023-07-20,31.1,15,25,0,0,2023,23.05,7,20,201,TRUE,TRUE,TRUE,145,NA,55
USW00023062,39.7633,-104.8694,DENVER-STAPLETON                       72469,1611,CO,2023-07-21,25.6,12.2,3,0,0,2023,18.9,7,21,202,TRUE,TRUE,TRUE,146,NA,56
USW00023062,39.7633,-104.8694,DENVER-STAPLETON                       72469,1611,CO,2023-07-22,28.9,12.2,23,0,0,2023,20.549999999999997,7,22,203,TRUE,TRUE,TRUE,147,NA,57
USW00023062,39.7633,-104.8694,DENVER-STAPLETON                       72469,1611,CO,2023-07-23,32.2,13.9,0,0,0,2023,23.05,7,23,204,TRUE,TRUE,FALSE,148,NA,57
USW00023062,39.7633,-104.8694,DENVER-STAPLETON                       72469,1611,CO,2023-07-24,36.1,17.2,0,0,0,2023,26.65,7,24,205,TRUE,TRUE,FALSE,149,NA,57
USW00023062,39.7633,-104.8694,DENVER-STAPLETON                       72469,1611,CO,2023-07-25,37.2,17.2,23,0,0,2023,27.200000000000003,7,25,206,TRUE,TRUE,TRUE,150,NA,58
USW00023062,39.7633,-104.8694,DENVER-STAPLETON                       72469,1611,CO,2023-07-26,36.1,18.9,20,0,0,2023,27.5,7,26,207,TRUE,TRUE,TRUE,151,NA,59
USW00023062,39.7633,-104.8694,DENVER-STAPLETON                       72469,1611,CO,2023-07-27,35,16.1,38,0,0,2023,25.55,7,27,208,TRUE,TRUE,TRUE,152,NA,60
USW00023062,39.7633,-104.8694,DENVER-STAPLETON                       72469,1611,CO,2023-07-28,35,15,3,0,0,2023,25,7,28,209,TRUE,TRUE,TRUE,153,NA,61
USW00023062,39.7633,-104.8694,DENVER-STAPLETON                       72469,1611,CO,2023-07-29,35.6,17.2,0,0,0,2023,26.4,7,29,210,TRUE,TRUE,FALSE,154,NA,61
USW00023062,39.7633,-104.8694,DENVER-STAPLETON                       72469,1611,CO,2023-07-30,31.1,15.6,0,0,0,2023,23.35,7,30,211,TRUE,TRUE,FALSE,155,NA,61
USW00023062,39.7633,-104.8694,DENVER-STAPLETON                       72469,1611,CO,2023-07-31,33.9,19.4,0,0,0,2023,26.65,7,31,212,TRUE,TRUE,FALSE,156,NA,61
USW00023062,39.7633,-104.8694,DENVER-STAPLETON                       72469,1611,CO,2023-08-01,32.8,17.2,41,0,0,2023,25,8,1,213,TRUE,TRUE,TRUE,157,NA,62
USW00023062,39.7633,-104.8694,DENVER-STAPLETON                       72469,1611,CO,2023-08-02,31.1,15,8,0,0,2023,23.05,8,2,214,TRUE,TRUE,TRUE,158,NA,63
USW00023062,39.7633,-104.8694,DENVER-STAPLETON                       72469,1611,CO,2023-08-03,31.1,15.6,48,0,0,2023,23.35,8,3,215,TRUE,TRUE,TRUE,159,NA,64
USW00023062,39.7633,-104.8694,DENVER-STAPLETON                       72469,1611,CO,2023-08-04,30,13.9,0,0,0,2023,21.95,8,4,216,TRUE,TRUE,FALSE,160,NA,64
USW00023062,39.7633,-104.8694,DENVER-STAPLETON                       72469,1611,CO,2023-08-05,32.8,13.9,0,0,0,2023,23.349999999999998,8,5,217,TRUE,TRUE,FALSE,161,NA,64
USW00023062,39.7633,-104.8694,DENVER-STAPLETON                       72469,1611,CO,2023-08-06,30.6,15,3,0,0,2023,22.8,8,6,218,TRUE,TRUE,TRUE,162,NA,65
USW00023062,39.7633,-104.8694,DENVER-STAPLETON                       72469,1611,CO,2023-08-07,21.1,11.1,5,0,0,2023,16.1,8,7,219,TRUE,TRUE,TRUE,163,NA,66
USW00023062,39.7633,-104.8694,DENVER-STAPLETON                       72469,1611,CO,2023-08-08,28.3,11.1,3,0,0,2023,19.7,8,8,220,TRUE,TRUE,TRUE,164,NA,67
USW00023062,39.7633,-104.8694,DENVER-STAPLETON                       72469,1611,CO,2023-08-09,28.3,11.7,0,0,0,2023,20,8,9,221,TRUE,TRUE,FALSE,165,NA,67
USW00023062,39.7633,-104.8694,DENVER-STAPLETON                       72469,1611,CO,2023-08-10,28.3,15.6,0,0,0,2023,21.95,8,10,222,TRUE,TRUE,FALSE,166,NA,67
USW00023062,39.7633,-104.8694,DENVER-STAPLETON                       72469,1611,CO,2023-08-11,33.3,14.4,0,0,0,2023,23.849999999999998,8,11,223,TRUE,TRUE,FALSE,167,NA,67
USW00023062,39.7633,-104.8694,DENVER-STAPLETON                       72469,1611,CO,2023-08-12,33.3,17.8,18,0,0,2023,25.549999999999997,8,12,224,TRUE,TRUE,TRUE,168,NA,68
USW00023062,39.7633,-104.8694,DENVER-STAPLETON                       72469,1611,CO,2023-08-13,30,15,0,0,0,2023,22.5,8,13,225,TRUE,TRUE,FALSE,169,NA,68
USW00023062,39.7633,-104.8694,DENVER-STAPLETON                       72469,1611,CO,2023-08-14,22.8,11.7,0,0,0,2023,17.25,8,14,226,TRUE,TRUE,FALSE,170,NA,68
USW00023062,39.7633,-104.8694,DENVER-STAPLETON                       72469,1611,CO,2023-08-15,26.7,11.1,0,0,0,2023,18.9,8,15,227,TRUE,TRUE,FALSE,171,NA,68
USW00023062,39.7633,-104.8694,DENVER-STAPLETON                       72469,1611,CO,2023-08-16,33.3,16.1,0,0,0,2023,24.7,8,16,228,TRUE,TRUE,FALSE,172,NA,68
USW00023062,39.7633,-104.8694,DENVER-STAPLETON                       72469,1611,CO,2023-08-17,36.1,16.1,0,0,0,2023,26.1,8,17,229,TRUE,TRUE,FALSE,173,NA,68
USW00023062,39.7633,-104.8694,DENVER-STAPLETON                       72469,1611,CO,2023-08-18,34.4,18.9,0,0,0,2023,26.65,8,18,230,TRUE,TRUE,FALSE,174,NA,68
USW00023062,39.7633,-104.8694,DENVER-STAPLETON                       72469,1611,CO,2023-08-19,35.6,17.2,3,0,0,2023,26.4,8,19,231,TRUE,TRUE,TRUE,175,NA,69
USW00023062,39.7633,-104.8694,DENVER-STAPLETON                       72469,1611,CO,2023-08-20,36.7,15,46,0,0,2023,25.85,8,20,232,TRUE,TRUE,TRUE,176,NA,70
USW00023062,39.7633,-104.8694,DENVER-STAPLETON                       72469,1611,CO,2023-08-21,35,17.8,0,0,0,2023,26.4,8,21,233,TRUE,TRUE,FALSE,177,NA,70
USW00023062,39.7633,-104.8694,DENVER-STAPLETON                       72469,1611,CO,2023-08-22,36.7,21.1,0,0,0,2023,28.900000000000002,8,22,234,TRUE,TRUE,FALSE,178,NA,70
USW00023062,39.7633,-104.8694,DENVER-STAPLETON                       72469,1611,CO,2023-08-23,35.6,16.7,0,0,0,2023,26.15,8,23,235,TRUE,TRUE,FALSE,179,NA,70
USW00023062,39.7633,-104.8694,DENVER-STAPLETON                       72469,1611,CO,2023-08-24,35,17.8,0,0,0,2023,26.4,8,24,236,TRUE,TRUE,FALSE,180,NA,70
USW00023062,39.7633,-104.8694,DENVER-STAPLETON                       72469,1611,CO,2023-08-25,32.8,17.2,13,0,0,2023,25,8,25,237,TRUE,TRUE,TRUE,181,NA,71
USW00023062,39.7633,-104.8694,DENVER-STAPLETON                       72469,1611,CO,2023-08-26,19.4,14.4,269,0,0,2023,16.9,8,26,238,TRUE,TRUE,TRUE,182,NA,72
USW00023062,39.7633,-104.8694,DENVER-STAPLETON                       72469,1611,CO,2023-08-27,26.7,13.9,0,0,0,2023,20.3,8,27,239,TRUE,TRUE,FALSE,183,NA,72
USW00023062,39.7633,-104.8694,DENVER-STAPLETON                       72469,1611,CO,2023-08-28,31.1,12.8,64,0,0,2023,21.950000000000003,8,28,240,TRUE,TRUE,TRUE,184,NA,73
USW00023062,39.7633,-104.8694,DENVER-STAPLETON                       72469,1611,CO,2023-08-29,26.7,11.7,0,0,0,2023,19.2,8,29,241,TRUE,TRUE,FALSE,185,NA,73
USW00023062,39.7633,-104.8694,DENVER-STAPLETON                       72469,1611,CO,2023-08-30,28.3,12.2,0,0,0,2023,20.25,8,30,242,TRUE,TRUE,FALSE,186,NA,73
USW00023062,39.7633,-104.8694,DENVER-STAPLETON                       72469,1611,CO,2023-08-31,35,14.4,0,0,0,2023,24.7,8,31,243,TRUE,TRUE,FALSE,187,NA,73
USW00023062,39.7633,-104.8694,DENVER-STAPLETON                       72469,1611,CO,2023-09-01,35.6,16.7,0,0,0,2023,26.15,9,1,244,TRUE,TRUE,FALSE,188,NA,73
USW00023062,39.7633,-104.8694,DENVER-STAPLETON                       72469,1611,CO,2023-09-02,36.1,17.8,0,0,0,2023,26.950000000000003,9,2,245,TRUE,TRUE,FALSE,189,NA,73
USW00023062,39.7633,-104.8694,DENVER-STAPLETON                       72469,1611,CO,2023-09-03,33.9,16.1,0,0,0,2023,25,9,3,246,TRUE,TRUE,FALSE,190,NA,73
USW00023062,39.7633,-104.8694,DENVER-STAPLETON                       72469,1611,CO,2023-09-04,32.2,13.9,127,0,0,2023,23.05,9,4,247,TRUE,TRUE,TRUE,191,NA,74
USW00023062,39.7633,-104.8694,DENVER-STAPLETON                       72469,1611,CO,2023-09-05,32.2,13.9,0,0,0,2023,23.05,9,5,248,TRUE,TRUE,FALSE,192,NA,74
USW00023062,39.7633,-104.8694,DENVER-STAPLETON                       72469,1611,CO,2023-09-06,25,10.6,0,0,0,2023,17.8,9,6,249,TRUE,TRUE,FALSE,193,NA,74
USW00023062,39.7633,-104.8694,DENVER-STAPLETON                       72469,1611,CO,2023-09-07,30.6,11.7,0,0,0,2023,21.15,9,7,250,TRUE,TRUE,FALSE,194,NA,74
USW00023062,39.7633,-104.8694,DENVER-STAPLETON                       72469,1611,CO,2023-09-08,31.7,10.6,0,0,0,2023,21.15,9,8,251,TRUE,TRUE,FALSE,195,NA,74
USW00023062,39.7633,-104.8694,DENVER-STAPLETON                       72469,1611,CO,2023-09-09,32.2,12.2,0,0,0,2023,22.200000000000003,9,9,252,TRUE,TRUE,FALSE,196,NA,74
USW00023062,39.7633,-104.8694,DENVER-STAPLETON                       72469,1611,CO,2023-09-10,26.7,12.8,0,0,0,2023,19.75,9,10,253,TRUE,TRUE,FALSE,197,NA,74
USW00023062,39.7633,-104.8694,DENVER-STAPLETON                       72469,1611,CO,2023-09-11,18.9,11.1,71,0,0,2023,15,9,11,254,TRUE,TRUE,TRUE,198,NA,75
USW00023062,39.7633,-104.8694,DENVER-STAPLETON                       72469,1611,CO,2023-09-12,20.6,7.8,66,0,0,2023,14.200000000000001,9,12,255,TRUE,TRUE,TRUE,199,NA,76
USW00023062,39.7633,-104.8694,DENVER-STAPLETON                       72469,1611,CO,2023-09-13,23.9,8.3,3,0,0,2023,16.1,9,13,256,TRUE,TRUE,TRUE,200,NA,77
USW00023062,39.7633,-104.8694,DENVER-STAPLETON                       72469,1611,CO,2023-09-14,26.1,8.3,0,0,0,2023,17.200000000000003,9,14,257,TRUE,TRUE,FALSE,201,NA,77
USW00023062,39.7633,-104.8694,DENVER-STAPLETON                       72469,1611,CO,2023-09-15,22.8,10.6,112,0,0,2023,16.7,9,15,258,TRUE,TRUE,TRUE,202,NA,78
USW00023062,39.7633,-104.8694,DENVER-STAPLETON                       72469,1611,CO,2023-09-16,17.8,5.6,3,0,0,2023,11.7,9,16,259,TRUE,TRUE,TRUE,203,NA,79
USW00023062,39.7633,-104.8694,DENVER-STAPLETON                       72469,1611,CO,2023-09-17,23.3,7.2,0,0,0,2023,15.25,9,17,260,TRUE,TRUE,FALSE,204,NA,79
USW00023062,39.7633,-104.8694,DENVER-STAPLETON                       72469,1611,CO,2023-09-18,28.9,11.1,0,0,0,2023,20,9,18,261,TRUE,TRUE,FALSE,205,NA,79
USW00023062,39.7633,-104.8694,DENVER-STAPLETON                       72469,1611,CO,2023-09-19,27.8,9.4,0,0,0,2023,18.6,9,19,262,TRUE,TRUE,FALSE,206,NA,79
USW00023062,39.7633,-104.8694,DENVER-STAPLETON                       72469,1611,CO,2023-09-20,26.7,8.9,0,0,0,2023,17.8,9,20,263,TRUE,TRUE,FALSE,207,NA,79
USW00023062,39.7633,-104.8694,DENVER-STAPLETON                       72469,1611,CO,2023-09-21,27.2,8.3,0,0,0,2023,17.75,9,21,264,TRUE,TRUE,FALSE,208,NA,79
USW00023062,39.7633,-104.8694,DENVER-STAPLETON                       72469,1611,CO,2023-09-22,26.7,9.4,0,0,0,2023,18.05,9,22,265,TRUE,TRUE,FALSE,209,NA,79
USW00023062,39.7633,-104.8694,DENVER-STAPLETON                       72469,1611,CO,2023-09-23,27.2,6.7,0,0,0,2023,16.95,9,23,266,TRUE,TRUE,FALSE,210,NA,79
USW00023062,39.7633,-104.8694,DENVER-STAPLETON                       72469,1611,CO,2023-09-24,25.6,5,0,0,0,2023,15.3,9,24,267,TRUE,TRUE,FALSE,211,NA,79
USW00023062,39.7633,-104.8694,DENVER-STAPLETON                       72469,1611,CO,2023-09-25,25,5.6,0,0,0,2023,15.3,9,25,268,TRUE,TRUE,FALSE,212,NA,79
USW00023062,39.7633,-104.8694,DENVER-STAPLETON                       72469,1611,CO,2023-09-26,27.8,7.2,0,0,0,2023,17.5,9,26,269,TRUE,TRUE,FALSE,213,NA,79
USW00023062,39.7633,-104.8694,DENVER-STAPLETON                       72469,1611,CO,2023-09-27,27.2,6.7,0,0,0,2023,16.95,9,27,270,TRUE,TRUE,FALSE,214,NA,79
USW00023062,39.7633,-104.8694,DENVER-STAPLETON                       72469,1611,CO,2023-09-28,30,7.8,0,0,0,2023,18.9,9,28,271,TRUE,TRUE,FALSE,215,NA,79
USW00023062,39.7633,-104.8694,DENVER-STAPLETON                       72469,1611,CO,2023-09-29,30.6,6.7,0,0,0,2023,18.650000000000002,9,29,272,TRUE,TRUE,FALSE,216,NA,79
USW00023062,39.7633,-104.8694,DENVER-STAPLETON                       72469,1611,CO,2023-09-30,27.8,7.2,0,0,0,2023,17.5,9,30,273,TRUE,TRUE,FALSE,217,NA,79
USW00023062,39.7633,-104.8694,DENVER-STAPLETON                       72469,1611,CO,2023-10-01,31.7,10,0,0,0,2023,20.85,10,1,274,TRUE,TRUE,FALSE,218,NA,79
USW00023062,39.7633,-104.8694,DENVER-STAPLETON                       72469,1611,CO,2023-10-02,29.4,8.3,0,0,0,2023,18.85,10,2,275,TRUE,TRUE,FALSE,219,NA,79
USW00023062,39.7633,-104.8694,DENVER-STAPLETON                       72469,1611,CO,2023-10-03,27.8,7.2,5,0,0,2023,17.5,10,3,276,TRUE,TRUE,TRUE,220,NA,80
USW00023062,39.7633,-104.8694,DENVER-STAPLETON                       72469,1611,CO,2023-10-04,20,8.3,0,0,0,2023,14.15,10,4,277,TRUE,TRUE,FALSE,221,NA,80
USW00023062,39.7633,-104.8694,DENVER-STAPLETON                       72469,1611,CO,2023-10-05,21.1,6.1,0,0,0,2023,13.600000000000001,10,5,278,TRUE,TRUE,FALSE,222,NA,80
USW00023062,39.7633,-104.8694,DENVER-STAPLETON                       72469,1611,CO,2023-10-06,20.6,5,0,0,0,2023,12.8,10,6,279,TRUE,TRUE,FALSE,223,NA,80
USW00023062,39.7633,-104.8694,DENVER-STAPLETON                       72469,1611,CO,2023-10-07,12.8,0.6,0,0,0,2023,6.7,10,7,280,TRUE,TRUE,FALSE,224,NA,80
USW00023062,39.7633,-104.8694,DENVER-STAPLETON                       72469,1611,CO,2023-10-08,21.1,2.2,0,0,0,2023,11.65,10,8,281,TRUE,TRUE,FALSE,225,NA,80
USW00023062,39.7633,-104.8694,DENVER-STAPLETON                       72469,1611,CO,2023-10-09,24.4,3.9,0,0,0,2023,14.149999999999999,10,9,282,TRUE,TRUE,FALSE,226,NA,80
USW00023062,39.7633,-104.8694,DENVER-STAPLETON                       72469,1611,CO,2023-10-10,25.6,6.7,0,0,0,2023,16.150000000000002,10,10,283,TRUE,TRUE,FALSE,227,NA,80
USW00023062,39.7633,-104.8694,DENVER-STAPLETON                       72469,1611,CO,2023-10-11,26.1,6.7,0,0,0,2023,16.400000000000002,10,11,284,TRUE,TRUE,FALSE,228,NA,80
USW00023062,39.7633,-104.8694,DENVER-STAPLETON                       72469,1611,CO,2023-10-12,22.8,4.4,5,0,0,2023,13.600000000000001,10,12,285,TRUE,TRUE,TRUE,229,NA,81
USW00023062,39.7633,-104.8694,DENVER-STAPLETON                       72469,1611,CO,2023-10-13,15.6,-0.6,0,0,0,2023,7.5,10,13,286,TRUE,FALSE,FALSE,230,NA,81
USW00023062,39.7633,-104.8694,DENVER-STAPLETON                       72469,1611,CO,2023-10-14,12.2,-0.6,0,0,0,2023,5.8,10,14,287,TRUE,FALSE,FALSE,231,NA,81
USW00023062,39.7633,-104.8694,DENVER-STAPLETON                       72469,1611,CO,2023-10-15,11.1,-1.1,0,0,0,2023,5,10,15,288,TRUE,FALSE,FALSE,232,NA,81
USW00023062,39.7633,-104.8694,DENVER-STAPLETON                       72469,1611,CO,2023-10-16,17.8,1.7,0,0,0,2023,9.75,10,16,289,TRUE,TRUE,FALSE,233,NA,81
USW00023062,39.7633,-104.8694,DENVER-STAPLETON                       72469,1611,CO,2023-10-17,22.8,3.9,0,0,0,2023,13.35,10,17,290,TRUE,TRUE,FALSE,234,NA,81
USW00023062,39.7633,-104.8694,DENVER-STAPLETON                       72469,1611,CO,2023-10-18,28.3,5.6,0,0,0,2023,16.95,10,18,291,TRUE,TRUE,FALSE,235,NA,81
USW00023062,39.7633,-104.8694,DENVER-STAPLETON                       72469,1611,CO,2023-10-19,21.1,3.3,0,0,0,2023,12.200000000000001,10,19,292,TRUE,TRUE,FALSE,236,NA,81
USW00023062,39.7633,-104.8694,DENVER-STAPLETON                       72469,1611,CO,2023-10-20,25.6,8.3,0,0,0,2023,16.950000000000003,10,20,293,TRUE,TRUE,FALSE,237,NA,81
USW00023062,39.7633,-104.8694,DENVER-STAPLETON                       72469,1611,CO,2023-10-21,30,4.4,0,0,0,2023,17.2,10,21,294,TRUE,TRUE,FALSE,238,NA,81
USW00023062,39.7633,-104.8694,DENVER-STAPLETON                       72469,1611,CO,2023-10-22,27.2,3.9,0,0,0,2023,15.549999999999999,10,22,295,TRUE,TRUE,FALSE,239,NA,81
USW00023062,39.7633,-104.8694,DENVER-STAPLETON                       72469,1611,CO,2023-10-23,23.3,3.9,0,0,0,2023,13.6,10,23,296,TRUE,TRUE,FALSE,240,NA,81
USW00023062,39.7633,-104.8694,DENVER-STAPLETON                       72469,1611,CO,2023-10-24,27.8,3.9,0,0,0,2023,15.85,10,24,297,TRUE,TRUE,FALSE,241,NA,81
USW00023062,39.7633,-104.8694,DENVER-STAPLETON                       72469,1611,CO,2023-10-25,20,3.3,3,0,0,2023,11.65,10,25,298,TRUE,TRUE,TRUE,242,NA,82
USW00023062,39.7633,-104.8694,DENVER-STAPLETON                       72469,1611,CO,2023-10-26,18.9,2.8,0,0,0,2023,10.85,10,26,299,TRUE,TRUE,FALSE,243,NA,82
USW00023062,39.7633,-104.8694,DENVER-STAPLETON                       72469,1611,CO,2023-10-27,7.8,-2.2,0,0,0,2023,2.8,10,27,300,FALSE,FALSE,FALSE,243,NA,82
USW00023062,39.7633,-104.8694,DENVER-STAPLETON                       72469,1611,CO,2023-10-28,6.7,-5,20,13,0,2023,0.8500000000000001,10,28,301,FALSE,FALSE,TRUE,243,NA,83
USW00023062,39.7633,-104.8694,DENVER-STAPLETON                       72469,1611,CO,2023-10-29,-3.3,-7.8,89,142,152,2023,-5.55,10,29,302,FALSE,FALSE,TRUE,243,NA,84
USW00023062,39.7633,-104.8694,DENVER-STAPLETON                       72469,1611,CO,2023-10-30,-2.8,-11.7,8,13,152,2023,-7.25,10,30,303,FALSE,FALSE,TRUE,243,NA,85
USW00023062,39.7633,-104.8694,DENVER-STAPLETON                       72469,1611,CO,2023-10-31,7.8,-9.4,0,0,0,2023,-0.8000000000000003,10,31,304,FALSE,FALSE,FALSE,243,NA,85
USW00023062,39.7633,-104.8694,DENVER-STAPLETON                       72469,1611,CO,2023-11-01,10.6,-7.2,0,0,0,2023,1.6999999999999997,11,1,305,TRUE,FALSE,FALSE,244,NA,85
USW00023062,39.7633,-104.8694,DENVER-STAPLETON                       72469,1611,CO,2023-11-02,15.6,0,0,0,0,2023,7.8,11,2,306,TRUE,FALSE,FALSE,245,NA,85
USW00023062,39.7633,-104.8694,DENVER-STAPLETON                       72469,1611,CO,2023-11-03,20,2.2,0,0,0,2023,11.1,11,3,307,TRUE,TRUE,FALSE,246,NA,85
USW00023062,39.7633,-104.8694,DENVER-STAPLETON                       72469,1611,CO,2023-11-04,20.6,0,0,0,0,2023,10.3,11,4,308,TRUE,FALSE,FALSE,247,NA,85
USW00023062,39.7633,-104.8694,DENVER-STAPLETON                       72469,1611,CO,2023-11-05,18.9,1.1,0,0,0,2023,10,11,5,309,TRUE,TRUE,FALSE,248,NA,85
USW00023062,39.7633,-104.8694,DENVER-STAPLETON                       72469,1611,CO,2023-11-06,25,2.2,0,0,0,2023,13.6,11,6,310,TRUE,TRUE,FALSE,249,NA,85
USW00023062,39.7633,-104.8694,DENVER-STAPLETON                       72469,1611,CO,2023-11-07,22.8,1.7,0,0,0,2023,12.25,11,7,311,TRUE,TRUE,FALSE,250,NA,85
USW00023062,39.7633,-104.8694,DENVER-STAPLETON                       72469,1611,CO,2023-11-08,26.7,1.1,0,0,0,2023,13.9,11,8,312,TRUE,TRUE,FALSE,251,NA,85
USW00023062,39.7633,-104.8694,DENVER-STAPLETON                       72469,1611,CO,2023-11-09,6.1,-3.3,0,0,0,2023,1.4,11,9,313,FALSE,FALSE,FALSE,251,NA,85
USW00023062,39.7633,-104.8694,DENVER-STAPLETON                       72469,1611,CO,2023-11-10,8.9,-7.2,0,0,0,2023,0.8500000000000001,11,10,314,FALSE,FALSE,FALSE,251,NA,85
USW00023062,39.7633,-104.8694,DENVER-STAPLETON                       72469,1611,CO,2023-11-11,13.3,-6.7,0,0,0,2023,3.3000000000000003,11,11,315,TRUE,FALSE,FALSE,252,NA,85
USW00023062,39.7633,-104.8694,DENVER-STAPLETON                       72469,1611,CO,2023-11-12,16.1,-1.1,0,0,0,2023,7.500000000000001,11,12,316,TRUE,FALSE,FALSE,253,NA,85
USW00023062,39.7633,-104.8694,DENVER-STAPLETON                       72469,1611,CO,2023-11-13,17.2,-3.9,0,0,0,2023,6.6499999999999995,11,13,317,TRUE,FALSE,FALSE,254,NA,85
USW00023062,39.7633,-104.8694,DENVER-STAPLETON                       72469,1611,CO,2023-11-14,16.1,-3.9,0,0,0,2023,6.1000000000000005,11,14,318,TRUE,FALSE,FALSE,255,NA,85
USW00023062,39.7633,-104.8694,DENVER-STAPLETON                       72469,1611,CO,2023-11-15,21.1,0.6,0,0,0,2023,10.850000000000001,11,15,319,TRUE,TRUE,FALSE,256,NA,85
USW00023062,39.7633,-104.8694,DENVER-STAPLETON                       72469,1611,CO,2023-11-16,20,1.7,0,0,0,2023,10.85,11,16,320,TRUE,TRUE,FALSE,257,NA,85
USW00023062,39.7633,-104.8694,DENVER-STAPLETON                       72469,1611,CO,2023-11-17,21.1,0,0,0,0,2023,10.55,11,17,321,TRUE,FALSE,FALSE,258,NA,85
USW00023062,39.7633,-104.8694,DENVER-STAPLETON                       72469,1611,CO,2023-11-18,18.3,-2.2,0,0,0,2023,8.05,11,18,322,TRUE,FALSE,FALSE,259,NA,85
USW00023062,39.7633,-104.8694,DENVER-STAPLETON                       72469,1611,CO,2023-11-19,15.6,-2.2,0,0,0,2023,6.699999999999999,11,19,323,TRUE,FALSE,FALSE,260,NA,85
USW00023062,39.7633,-104.8694,DENVER-STAPLETON                       72469,1611,CO,2023-11-20,13.9,-1.1,0,0,0,2023,6.4,11,20,324,TRUE,FALSE,FALSE,261,NA,85
USW00023062,39.7633,-104.8694,DENVER-STAPLETON                       72469,1611,CO,2023-11-21,6.1,-5,8,0,0,2023,0.5499999999999998,11,21,325,FALSE,FALSE,TRUE,261,NA,86
USW00023062,39.7633,-104.8694,DENVER-STAPLETON                       72469,1611,CO,2023-11-22,12.2,-4.4,0,0,0,2023,3.8999999999999995,11,22,326,TRUE,FALSE,FALSE,262,NA,86
USW00023062,39.7633,-104.8694,DENVER-STAPLETON                       72469,1611,CO,2023-11-23,18.3,-2.8,0,0,0,2023,7.75,11,23,327,TRUE,FALSE,FALSE,263,NA,86
USW00023062,39.7633,-104.8694,DENVER-STAPLETON                       72469,1611,CO,2023-11-24,3.3,-8.3,13,41,51,2023,-2.5000000000000004,11,24,328,FALSE,FALSE,TRUE,263,NA,87
USW00023062,39.7633,-104.8694,DENVER-STAPLETON                       72469,1611,CO,2023-11-25,-6.1,-11.1,5,13,51,2023,-8.6,11,25,329,FALSE,FALSE,TRUE,263,NA,88
USW00023062,39.7633,-104.8694,DENVER-STAPLETON                       72469,1611,CO,2023-11-26,-5.6,-12.2,10,10,51,2023,-8.899999999999999,11,26,330,FALSE,FALSE,TRUE,263,NA,89
USW00023062,39.7633,-104.8694,DENVER-STAPLETON                       72469,1611,CO,2023-11-27,5,-10.6,0,0,25,2023,-2.8,11,27,331,FALSE,FALSE,FALSE,263,NA,89
USW00023062,39.7633,-104.8694,DENVER-STAPLETON                       72469,1611,CO,2023-11-28,7.8,-10,0,0,0,2023,-1.1,11,28,332,FALSE,FALSE,FALSE,263,NA,89
USW00023062,39.7633,-104.8694,DENVER-STAPLETON                       72469,1611,CO,2023-11-29,13.9,-6.7,0,0,0,2023,3.6,11,29,333,TRUE,FALSE,FALSE,264,NA,89
USW00023062,39.7633,-104.8694,DENVER-STAPLETON                       72469,1611,CO,2023-11-30,14.4,-8.3,0,0,0,2023,3.05,11,30,334,TRUE,FALSE,FALSE,265,NA,89
USW00023062,39.7633,-104.8694,DENVER-STAPLETON                       72469,1611,CO,2023-12-01,4.4,-7.8,0,0,0,2023,-1.6999999999999997,12,1,335,FALSE,FALSE,FALSE,265,NA,89
USW00023062,39.7633,-104.8694,DENVER-STAPLETON                       72469,1611,CO,2023-12-02,5.6,-7.8,0,0,0,2023,-1.1,12,2,336,FALSE,FALSE,FALSE,265,NA,89
USW00023062,39.7633,-104.8694,DENVER-STAPLETON                       72469,1611,CO,2023-12-03,5,-7.2,0,0,0,2023,-1.1,12,3,337,FALSE,FALSE,FALSE,265,NA,89
USW00023062,39.7633,-104.8694,DENVER-STAPLETON                       72469,1611,CO,2023-12-04,3.9,-4.4,0,0,0,2023,-0.2500000000000002,12,4,338,FALSE,FALSE,FALSE,265,NA,89
USW00023062,39.7633,-104.8694,DENVER-STAPLETON                       72469,1611,CO,2023-12-05,13.9,-5,0,0,0,2023,4.45,12,5,339,TRUE,FALSE,FALSE,266,NA,89
USW00023062,39.7633,-104.8694,DENVER-STAPLETON                       72469,1611,CO,2023-12-06,18.9,-3.9,0,0,0,2023,7.499999999999999,12,6,340,TRUE,FALSE,FALSE,267,NA,89
USW00023062,39.7633,-104.8694,DENVER-STAPLETON                       72469,1611,CO,2023-12-07,21.7,-1.1,0,0,0,2023,10.299999999999999,12,7,341,TRUE,FALSE,FALSE,268,NA,89
USW00023062,39.7633,-104.8694,DENVER-STAPLETON                       72469,1611,CO,2023-12-08,17.8,-0.6,0,0,0,2023,8.6,12,8,342,TRUE,FALSE,FALSE,269,NA,89
USW00023062,39.7633,-104.8694,DENVER-STAPLETON                       72469,1611,CO,2023-12-09,5,-7.8,30,43,51,2023,-1.4,12,9,343,FALSE,FALSE,TRUE,269,NA,90
USW00023062,39.7633,-104.8694,DENVER-STAPLETON                       72469,1611,CO,2023-12-10,1.1,-7.8,0,0,25,2023,-3.3499999999999996,12,10,344,FALSE,FALSE,FALSE,269,NA,90
USW00023062,39.7633,-104.8694,DENVER-STAPLETON                       72469,1611,CO,2023-12-11,10.6,-3.9,0,0,0,2023,3.3499999999999996,12,11,345,TRUE,FALSE,FALSE,270,NA,90
USW00023062,39.7633,-104.8694,DENVER-STAPLETON                       72469,1611,CO,2023-12-12,12.2,-3.9,0,0,0,2023,4.1499999999999995,12,12,346,TRUE,FALSE,FALSE,271,NA,90
USW00023062,39.7633,-104.8694,DENVER-STAPLETON                       72469,1611,CO,2023-12-13,0,-2.8,0,0,0,2023,-1.4,12,13,347,FALSE,FALSE,FALSE,271,NA,90
USW00023062,39.7633,-104.8694,DENVER-STAPLETON                       72469,1611,CO,2023-12-14,2.8,-3.9,10,0,0,2023,-0.55,12,14,348,FALSE,FALSE,TRUE,271,NA,91
USW00023062,39.7633,-104.8694,DENVER-STAPLETON                       72469,1611,CO,2023-12-15,2.8,-5.6,0,0,0,2023,-1.4,12,15,349,FALSE,FALSE,FALSE,271,NA,91
USW00023062,39.7633,-104.8694,DENVER-STAPLETON                       72469,1611,CO,2023-12-16,9.4,-6.1,0,0,0,2023,1.6500000000000004,12,16,350,FALSE,FALSE,FALSE,271,NA,91
USW00023062,39.7633,-104.8694,DENVER-STAPLETON                       72469,1611,CO,2023-12-17,16.7,-2.8,0,0,0,2023,6.949999999999999,12,17,351,TRUE,FALSE,FALSE,272,NA,91
USW00023062,39.7633,-104.8694,DENVER-STAPLETON                       72469,1611,CO,2023-12-18,15.6,-7.8,0,0,0,2023,3.9,12,18,352,TRUE,FALSE,FALSE,273,NA,91
USW00023062,39.7633,-104.8694,DENVER-STAPLETON                       72469,1611,CO,2023-12-19,14.4,-7.2,0,0,0,2023,3.6,12,19,353,TRUE,FALSE,FALSE,274,NA,91
USW00023062,39.7633,-104.8694,DENVER-STAPLETON                       72469,1611,CO,2023-12-20,18.3,2.2,0,0,0,2023,10.25,12,20,354,TRUE,TRUE,FALSE,275,NA,91
USW00023062,39.7633,-104.8694,DENVER-STAPLETON                       72469,1611,CO,2023-12-21,13.9,1.1,0,0,0,2023,7.5,12,21,355,TRUE,TRUE,FALSE,276,NA,91
USW00023062,39.7633,-104.8694,DENVER-STAPLETON                       72469,1611,CO,2023-12-22,15.6,-2.8,0,0,0,2023,6.4,12,22,356,TRUE,FALSE,FALSE,277,NA,91
USW00023062,39.7633,-104.8694,DENVER-STAPLETON                       72469,1611,CO,2023-12-23,15,-1.1,0,0,0,2023,6.95,12,23,357,TRUE,FALSE,FALSE,278,NA,91
USW00023062,39.7633,-104.8694,DENVER-STAPLETON                       72469,1611,CO,2023-12-24,10.6,-3.9,10,10,0,2023,3.3499999999999996,12,24,358,TRUE,FALSE,TRUE,279,NA,92
USW00023062,39.7633,-104.8694,DENVER-STAPLETON                       72469,1611,CO,2023-12-25,-1.7,-13.3,0,0,0,2023,-7.5,12,25,359,FALSE,FALSE,FALSE,279,NA,92
USW00023062,39.7633,-104.8694,DENVER-STAPLETON                       72469,1611,CO,2023-12-26,-2.2,-13.3,18,43,51,2023,-7.75,12,26,360,FALSE,FALSE,TRUE,279,NA,93
USW00023062,39.7633,-104.8694,DENVER-STAPLETON                       72469,1611,CO,2023-12-27,2.2,-5,51,10,51,2023,-1.4,12,27,361,FALSE,FALSE,TRUE,279,NA,94
USW00023062,39.7633,-104.8694,DENVER-STAPLETON                       72469,1611,CO,2023-12-28,6.7,-10.6,0,0,25,2023,-1.9499999999999997,12,28,362,FALSE,FALSE,FALSE,279,NA,94
USW00023062,39.7633,-104.8694,DENVER-STAPLETON                       72469,1611,CO,2023-12-29,7.2,-10,0,0,25,2023,-1.4,12,29,363,FALSE,FALSE,FALSE,279,NA,94
USW00023062,39.7633,-104.8694,DENVER-STAPLETON                       72469,1611,CO,2023-12-30,11.1,-8.3,0,0,25,2023,1.3999999999999995,12,30,364,TRUE,FALSE,FALSE,280,NA,94
USW00023062,39.7633,-104.8694,DENVER-STAPLETON                       72469,1611,CO,2023-12-31,13.3,-7.8,0,0,0,2023,2.7500000000000004,12,31,365,TRUE,FALSE,FALSE,281,NA,94
USW00023062,39.7633,-104.8694,DENVER-STAPLETON                       72469,1611,CO,2024-01-01,4.4,-8.3,0,0,0,2024,-1.9500000000000002,1,1,1,FALSE,FALSE,FALSE,0,0,0
USW00023062,39.7633,-104.8694,DENVER-STAPLETON                       72469,1611,CO,2024-01-02,12.2,-8.3,0,0,0,2024,1.9499999999999993,1,2,2,TRUE,FALSE,FALSE,1,0,0
USW00023062,39.7633,-104.8694,DENVER-STAPLETON                       72469,1611,CO,2024-01-03,8.9,-8.9,0,0,0,2024,0,1,3,3,FALSE,FALSE,FALSE,1,0,0
USW00023062,39.7633,-104.8694,DENVER-STAPLETON                       72469,1611,CO,2024-01-04,6.7,-8.3,0,0,0,2024,-0.8000000000000003,1,4,4,FALSE,FALSE,FALSE,1,0,0
USW00023062,39.7633,-104.8694,DENVER-STAPLETON                       72469,1611,CO,2024-01-05,-1.1,-7.2,0,0,0,2024,-4.15,1,5,5,FALSE,FALSE,FALSE,1,0,0
USW00023062,39.7633,-104.8694,DENVER-STAPLETON                       72469,1611,CO,2024-01-06,3.9,-7.8,0,0,0,2024,-1.95,1,6,6,FALSE,FALSE,FALSE,1,0,0
USW00023062,39.7633,-104.8694,DENVER-STAPLETON                       72469,1611,CO,2024-01-07,3.9,-7.2,0,0,0,2024,-1.6500000000000001,1,7,7,FALSE,FALSE,FALSE,1,0,0
USW00023062,39.7633,-104.8694,DENVER-STAPLETON                       72469,1611,CO,2024-01-08,1.1,-7.8,30,20,25,2024,-3.3499999999999996,1,8,8,FALSE,FALSE,TRUE,1,0,1
USW00023062,39.7633,-104.8694,DENVER-STAPLETON                       72469,1611,CO,2024-01-09,-3.3,-13.9,0,0,25,2024,-8.6,1,9,9,FALSE,FALSE,FALSE,1,0,1
USW00023062,39.7633,-104.8694,DENVER-STAPLETON                       72469,1611,CO,2024-01-10,7.2,-11.7,0,0,0,2024,-2.2499999999999996,1,10,10,FALSE,FALSE,FALSE,1,0,1
USW00023062,39.7633,-104.8694,DENVER-STAPLETON                       72469,1611,CO,2024-01-11,4.4,-9.4,0,0,0,2024,-2.5,1,11,11,FALSE,FALSE,FALSE,1,0,1
USW00023062,39.7633,-104.8694,DENVER-STAPLETON                       72469,1611,CO,2024-01-12,-3.9,-15,0,0,0,2024,-9.45,1,12,12,FALSE,FALSE,FALSE,1,0,1
USW00023062,39.7633,-104.8694,DENVER-STAPLETON                       72469,1611,CO,2024-01-13,0.6,-23.3,13,28,25,2024,-11.35,1,13,13,FALSE,FALSE,TRUE,1,0,2
USW00023062,39.7633,-104.8694,DENVER-STAPLETON                       72469,1611,CO,2024-01-14,-19.4,-23.9,10,25,51,2024,-21.65,1,14,14,FALSE,FALSE,TRUE,1,0,3
USW00023062,39.7633,-104.8694,DENVER-STAPLETON                       72469,1611,CO,2024-01-15,-13.9,-22.2,0,0,25,2024,-18.05,1,15,15,FALSE,FALSE,FALSE,1,0,3
USW00023062,39.7633,-104.8694,DENVER-STAPLETON                       72469,1611,CO,2024-01-16,-17.2,-25,0,0,0,2024,-21.1,1,16,16,FALSE,FALSE,FALSE,1,0,3
USW00023062,39.7633,-104.8694,DENVER-STAPLETON                       72469,1611,CO,2024-01-17,2.8,-18.9,0,0,0,2024,-8.049999999999999,1,17,17,FALSE,FALSE,FALSE,1,0,3
USW00023062,39.7633,-104.8694,DENVER-STAPLETON                       72469,1611,CO,2024-01-18,7.2,-7.2,0,0,0,2024,0,1,18,18,FALSE,FALSE,FALSE,1,0,3
USW00023062,39.7633,-104.8694,DENVER-STAPLETON                       72469,1611,CO,2024-01-19,8.3,-12.2,0,0,0,2024,-1.9499999999999993,1,19,19,FALSE,FALSE,FALSE,1,0,3
USW00023062,39.7633,-104.8694,DENVER-STAPLETON                       72469,1611,CO,2024-01-20,0,-11.1,0,0,0,2024,-5.55,1,20,20,FALSE,FALSE,FALSE,1,0,3
USW00023062,39.7633,-104.8694,DENVER-STAPLETON                       72469,1611,CO,2024-01-21,3.9,-7.8,0,0,0,2024,-1.95,1,21,21,FALSE,FALSE,FALSE,1,0,3
USW00023062,39.7633,-104.8694,DENVER-STAPLETON                       72469,1611,CO,2024-01-22,11.7,-4.4,0,0,0,2024,3.6499999999999995,1,22,22,TRUE,FALSE,FALSE,2,0,3
USW00023062,39.7633,-104.8694,DENVER-STAPLETON                       72469,1611,CO,2024-01-23,11.1,-6.1,0,0,0,2024,2.5,1,23,23,TRUE,FALSE,FALSE,3,0,3
USW00023062,39.7633,-104.8694,DENVER-STAPLETON                       72469,1611,CO,2024-01-24,11.1,-5.6,0,0,0,2024,2.75,1,24,24,TRUE,FALSE,FALSE,4,0,3
USW00023062,39.7633,-104.8694,DENVER-STAPLETON                       72469,1611,CO,2024-01-25,10.6,-5,0,0,0,2024,2.8,1,25,25,TRUE,FALSE,FALSE,5,0,3
USW00023062,39.7633,-104.8694,DENVER-STAPLETON                       72469,1611,CO,2024-01-26,10,-4.4,28,18,25,2024,2.8,1,26,26,TRUE,FALSE,TRUE,6,0,4
USW00023062,39.7633,-104.8694,DENVER-STAPLETON                       72469,1611,CO,2024-01-27,5.6,-3.9,0,0,0,2024,0.8499999999999999,1,27,27,FALSE,FALSE,FALSE,6,0,4
USW00023062,39.7633,-104.8694,DENVER-STAPLETON                       72469,1611,CO,2024-01-28,9.4,-3.9,0,0,0,2024,2.75,1,28,28,FALSE,FALSE,FALSE,6,0,4
USW00023062,39.7633,-104.8694,DENVER-STAPLETON                       72469,1611,CO,2024-01-29,15,-2.8,0,0,0,2024,6.1,1,29,29,TRUE,FALSE,FALSE,7,0,4
USW00023062,39.7633,-104.8694,DENVER-STAPLETON                       72469,1611,CO,2024-01-30,14.4,-2.2,0,0,0,2024,6.1,1,30,30,TRUE,FALSE,FALSE,8,0,4
USW00023062,39.7633,-104.8694,DENVER-STAPLETON                       72469,1611,CO,2024-01-31,15,-2.2,0,0,0,2024,6.4,1,31,31,TRUE,FALSE,FALSE,9,0,4
USW00023062,39.7633,-104.8694,DENVER-STAPLETON                       72469,1611,CO,2024-02-01,15.6,-1.7,0,0,0,2024,6.95,2,1,32,TRUE,FALSE,FALSE,10,0,4
USW00023062,39.7633,-104.8694,DENVER-STAPLETON                       72469,1611,CO,2024-02-02,16.1,-0.6,0,0,0,2024,7.750000000000001,2,2,33,TRUE,FALSE,FALSE,11,0,4
USW00023062,39.7633,-104.8694,DENVER-STAPLETON                       72469,1611,CO,2024-02-03,11.1,-2.8,46,0,0,2024,4.15,2,3,34,TRUE,FALSE,TRUE,12,0,5
USW00023062,39.7633,-104.8694,DENVER-STAPLETON                       72469,1611,CO,2024-02-04,5,-0.6,198,66,51,2024,2.2,2,4,35,FALSE,FALSE,TRUE,12,0,6
USW00023062,39.7633,-104.8694,DENVER-STAPLETON                       72469,1611,CO,2024-02-05,4.4,-6.1,0,0,0,2024,-0.8499999999999996,2,5,36,FALSE,FALSE,FALSE,12,0,6
USW00023062,39.7633,-104.8694,DENVER-STAPLETON                       72469,1611,CO,2024-02-06,5.6,-5.6,0,0,0,2024,0,2,6,37,FALSE,FALSE,FALSE,12,0,6
USW00023062,39.7633,-104.8694,DENVER-STAPLETON                       72469,1611,CO,2024-02-07,8.9,-2.2,0,0,0,2024,3.35,2,7,38,FALSE,FALSE,FALSE,12,0,6
USW00023062,39.7633,-104.8694,DENVER-STAPLETON                       72469,1611,CO,2024-02-08,13.3,0,0,0,0,2024,6.65,2,8,39,TRUE,FALSE,FALSE,13,0,6
USW00023062,39.7633,-104.8694,DENVER-STAPLETON                       72469,1611,CO,2024-02-09,9.4,-4.4,0,0,0,2024,2.5,2,9,40,FALSE,FALSE,FALSE,13,0,6
USW00023062,39.7633,-104.8694,DENVER-STAPLETON                       72469,1611,CO,2024-02-10,6.1,-2.8,23,38,51,2024,1.65,2,10,41,FALSE,FALSE,TRUE,13,0,7
USW00023062,39.7633,-104.8694,DENVER-STAPLETON                       72469,1611,CO,2024-02-11,-2.8,-7.8,28,25,51,2024,-5.3,2,11,42,FALSE,FALSE,TRUE,13,0,8
USW00023062,39.7633,-104.8694,DENVER-STAPLETON                       72469,1611,CO,2024-02-12,2.8,-8.3,0,0,25,2024,-2.7500000000000004,2,12,43,FALSE,FALSE,FALSE,13,0,8
USW00023062,39.7633,-104.8694,DENVER-STAPLETON                       72469,1611,CO,2024-02-13,11.1,-4.4,0,0,0,2024,3.3499999999999996,2,13,44,TRUE,FALSE,FALSE,14,0,8
USW00023062,39.7633,-104.8694,DENVER-STAPLETON                       72469,1611,CO,2024-02-14,11.1,-4.4,0,0,0,2024,3.3499999999999996,2,14,45,TRUE,FALSE,FALSE,15,0,8
USW00023062,39.7633,-104.8694,DENVER-STAPLETON                       72469,1611,CO,2024-02-15,11.1,-4.4,0,0,0,2024,3.3499999999999996,2,15,46,TRUE,FALSE,FALSE,16,0,8
USW00023062,39.7633,-104.8694,DENVER-STAPLETON                       72469,1611,CO,2024-02-16,7.2,-5,3,3,0,2024,1.1,2,16,47,FALSE,FALSE,TRUE,16,0,9
USW00023062,39.7633,-104.8694,DENVER-STAPLETON                       72469,1611,CO,2024-02-17,-0.6,-10.6,33,48,51,2024,-5.6,2,17,48,FALSE,FALSE,TRUE,16,0,10
USW00023062,39.7633,-104.8694,DENVER-STAPLETON                       72469,1611,CO,2024-02-18,1.7,-10.6,0,0,25,2024,-4.45,2,18,49,FALSE,FALSE,FALSE,16,0,10
USW00023062,39.7633,-104.8694,DENVER-STAPLETON                       72469,1611,CO,2024-02-19,10.6,-7.8,0,0,0,2024,1.4,2,19,50,TRUE,FALSE,FALSE,17,0,10
USW00023062,39.7633,-104.8694,DENVER-STAPLETON                       72469,1611,CO,2024-02-20,13.3,-2.8,0,0,0,2024,5.25,2,20,51,TRUE,FALSE,FALSE,18,0,10
USW00023062,39.7633,-104.8694,DENVER-STAPLETON                       72469,1611,CO,2024-02-21,17.8,-1.7,0,0,0,2024,8.05,2,21,52,TRUE,FALSE,FALSE,19,0,10
USW00023062,39.7633,-104.8694,DENVER-STAPLETON                       72469,1611,CO,2024-02-22,17.8,-1.7,0,0,0,2024,8.05,2,22,53,TRUE,FALSE,FALSE,20,0,10
USW00023062,39.7633,-104.8694,DENVER-STAPLETON                       72469,1611,CO,2024-02-23,6.1,-3.3,0,0,0,2024,1.4,2,23,54,FALSE,FALSE,FALSE,20,0,10
USW00023062,39.7633,-104.8694,DENVER-STAPLETON                       72469,1611,CO,2024-02-24,11.1,-5,0,0,0,2024,3.05,2,24,55,TRUE,FALSE,FALSE,21,0,10
USW00023062,39.7633,-104.8694,DENVER-STAPLETON                       72469,1611,CO,2024-02-25,16.1,-4.4,0,0,0,2024,5.8500000000000005,2,25,56,TRUE,FALSE,FALSE,22,0,10
USW00023062,39.7633,-104.8694,DENVER-STAPLETON                       72469,1611,CO,2024-02-26,17.8,5.6,0,0,0,2024,11.7,2,26,57,TRUE,TRUE,FALSE,23,1,10
USW00023062,39.7633,-104.8694,DENVER-STAPLETON                       72469,1611,CO,2024-02-27,17.2,3.9,0,0,0,2024,10.549999999999999,2,27,58,TRUE,TRUE,FALSE,24,2,10
USW00023062,39.7633,-104.8694,DENVER-STAPLETON                       72469,1611,CO,2024-02-28,5.6,-10,18,20,25,2024,-2.2,2,28,59,FALSE,FALSE,TRUE,24,2,11
USW00023062,39.7633,-104.8694,DENVER-STAPLETON                       72469,1611,CO,2024-02-29,12.2,-8.3,0,0,0,2024,1.9499999999999993,2,29,60,TRUE,FALSE,FALSE,25,2,11
USW00023062,39.7633,-104.8694,DENVER-STAPLETON                       72469,1611,CO,2024-03-01,17.2,-3.9,0,0,0,2024,6.6499999999999995,3,1,61,TRUE,FALSE,FALSE,26,2,11
USW00023062,39.7633,-104.8694,DENVER-STAPLETON                       72469,1611,CO,2024-03-02,18.3,0,0,0,0,2024,9.15,3,2,62,TRUE,FALSE,FALSE,27,2,11
USW00023062,39.7633,-104.8694,DENVER-STAPLETON                       72469,1611,CO,2024-03-03,20,1.1,0,0,0,2024,10.55,3,3,63,TRUE,TRUE,FALSE,28,3,11
USW00023062,39.7633,-104.8694,DENVER-STAPLETON                       72469,1611,CO,2024-03-04,12.2,-5,0,0,0,2024,3.5999999999999996,3,4,64,TRUE,FALSE,FALSE,29,3,11
USW00023062,39.7633,-104.8694,DENVER-STAPLETON                       72469,1611,CO,2024-03-05,10,-5,0,0,0,2024,2.5,3,5,65,TRUE,FALSE,FALSE,30,3,11
USW00023062,39.7633,-104.8694,DENVER-STAPLETON                       72469,1611,CO,2024-03-06,10,-5,0,0,0,2024,2.5,3,6,66,TRUE,FALSE,FALSE,31,3,11
USW00023062,39.7633,-104.8694,DENVER-STAPLETON                       72469,1611,CO,2024-03-07,15.6,-2.2,0,0,0,2024,6.699999999999999,3,7,67,TRUE,FALSE,FALSE,32,3,11
USW00023062,39.7633,-104.8694,DENVER-STAPLETON                       72469,1611,CO,2024-03-08,4.4,-4.4,0,0,0,2024,0,3,8,68,FALSE,FALSE,FALSE,32,3,11
USW00023062,39.7633,-104.8694,DENVER-STAPLETON                       72469,1611,CO,2024-03-09,-0.6,-6.7,0,0,0,2024,-3.65,3,9,69,FALSE,FALSE,FALSE,32,3,11
USW00023062,39.7633,-104.8694,DENVER-STAPLETON                       72469,1611,CO,2024-03-10,12.2,-5,0,0,0,2024,3.5999999999999996,3,10,70,TRUE,FALSE,FALSE,33,3,11
USW00023062,39.7633,-104.8694,DENVER-STAPLETON                       72469,1611,CO,2024-03-11,18.3,-0.6,0,0,0,2024,8.85,3,11,71,TRUE,FALSE,FALSE,34,3,11
USW00023062,39.7633,-104.8694,DENVER-STAPLETON                       72469,1611,CO,2024-03-12,15.6,-0.6,0,0,0,2024,7.5,3,12,72,TRUE,FALSE,FALSE,35,3,11
USW00023062,39.7633,-104.8694,DENVER-STAPLETON                       72469,1611,CO,2024-03-13,15.6,1.1,0,0,0,2024,8.35,3,13,73,TRUE,TRUE,FALSE,36,4,11
USW00023062,39.7633,-104.8694,DENVER-STAPLETON                       72469,1611,CO,2024-03-14,11.1,-0.6,267,140,152,2024,5.25,3,14,74,TRUE,FALSE,TRUE,37,4,12
USW00023062,39.7633,-104.8694,DENVER-STAPLETON                       72469,1611,CO,2024-03-15,0,-1.7,178,102,203,2024,-0.85,3,15,75,FALSE,FALSE,TRUE,37,4,13
USW00023062,39.7633,-104.8694,DENVER-STAPLETON                       72469,1611,CO,2024-03-16,7.2,-3.9,0,0,76,2024,1.6500000000000001,3,16,76,FALSE,FALSE,FALSE,37,4,13
USW00023062,39.7633,-104.8694,DENVER-STAPLETON                       72469,1611,CO,2024-03-17,7.8,-1.7,0,0,25,2024,3.05,3,17,77,FALSE,FALSE,FALSE,37,4,13
USW00023062,39.7633,-104.8694,DENVER-STAPLETON                       72469,1611,CO,2024-03-18,7.2,-2.8,0,0,0,2024,2.2,3,18,78,FALSE,FALSE,FALSE,37,4,13
USW00023062,39.7633,-104.8694,DENVER-STAPLETON                       72469,1611,CO,2024-03-19,13.9,-0.6,0,0,0,2024,6.65,3,19,79,TRUE,FALSE,FALSE,38,4,13
USW00023062,39.7633,-104.8694,DENVER-STAPLETON                       72469,1611,CO,2024-03-20,16.7,0,0,0,0,2024,8.35,3,20,80,TRUE,FALSE,FALSE,39,4,13
USW00023062,39.7633,-104.8694,DENVER-STAPLETON                       72469,1611,CO,2024-03-21,16.1,-0.6,0,0,0,2024,7.750000000000001,3,21,81,TRUE,FALSE,FALSE,40,4,13
USW00023062,39.7633,-104.8694,DENVER-STAPLETON                       72469,1611,CO,2024-03-22,18.9,-0.6,0,0,0,2024,9.149999999999999,3,22,82,TRUE,FALSE,FALSE,41,4,13
USW00023062,39.7633,-104.8694,DENVER-STAPLETON                       72469,1611,CO,2024-03-23,17.2,0,0,0,0,2024,8.6,3,23,83,TRUE,FALSE,FALSE,42,4,13
USW00023062,39.7633,-104.8694,DENVER-STAPLETON                       72469,1611,CO,2024-03-24,18.9,-1.1,0,0,0,2024,8.899999999999999,3,24,84,TRUE,FALSE,FALSE,43,4,13
USW00023062,39.7633,-104.8694,DENVER-STAPLETON                       72469,1611,CO,2024-03-25,13.3,-8.9,81,127,127,2024,2.2,3,25,85,TRUE,FALSE,TRUE,44,4,14
USW00023062,39.7633,-104.8694,DENVER-STAPLETON                       72469,1611,CO,2024-03-26,-2.8,-8.9,0,0,51,2024,-5.85,3,26,86,FALSE,FALSE,FALSE,44,4,14
USW00023062,39.7633,-104.8694,DENVER-STAPLETON                       72469,1611,CO,2024-03-27,6.7,-6.7,0,0,0,2024,0,3,27,87,FALSE,FALSE,FALSE,44,4,14
USW00023062,39.7633,-104.8694,DENVER-STAPLETON                       72469,1611,CO,2024-03-28,11.1,0,0,0,0,2024,5.55,3,28,88,TRUE,FALSE,FALSE,45,4,14
USW00023062,39.7633,-104.8694,DENVER-STAPLETON                       72469,1611,CO,2024-03-29,18.3,1.7,0,0,0,2024,10,3,29,89,TRUE,TRUE,FALSE,46,5,14
USW00023062,39.7633,-104.8694,DENVER-STAPLETON                       72469,1611,CO,2024-03-30,10,1.1,0,0,0,2024,5.55,3,30,90,TRUE,TRUE,FALSE,47,6,14
USW00023062,39.7633,-104.8694,DENVER-STAPLETON                       72469,1611,CO,2024-03-31,15.6,0.6,0,0,0,2024,8.1,3,31,91,TRUE,TRUE,FALSE,48,7,14
USW00023062,39.7633,-104.8694,DENVER-STAPLETON                       72469,1611,CO,2024-04-01,13.9,1.7,0,0,0,2024,7.8,4,1,92,TRUE,TRUE,FALSE,49,8,14
USW00023062,39.7633,-104.8694,DENVER-STAPLETON                       72469,1611,CO,2024-04-02,9.4,-2.2,30,0,0,2024,3.6,4,2,93,FALSE,FALSE,TRUE,49,8,15
USW00023062,39.7633,-104.8694,DENVER-STAPLETON                       72469,1611,CO,2024-04-03,13.9,0.6,0,0,0,2024,7.25,4,3,94,TRUE,TRUE,FALSE,50,9,15
USW00023062,39.7633,-104.8694,DENVER-STAPLETON                       72469,1611,CO,2024-04-04,20,2.2,0,0,0,2024,11.1,4,4,95,TRUE,TRUE,FALSE,51,10,15
USW00023062,39.7633,-104.8694,DENVER-STAPLETON                       72469,1611,CO,2024-04-05,23.3,6.1,0,0,0,2024,14.7,4,5,96,TRUE,TRUE,FALSE,52,11,15
USW00023062,39.7633,-104.8694,DENVER-STAPLETON                       72469,1611,CO,2024-04-06,23.3,7.2,0,0,0,2024,15.25,4,6,97,TRUE,TRUE,FALSE,53,12,15
USW00023062,39.7633,-104.8694,DENVER-STAPLETON                       72469,1611,CO,2024-04-07,9.4,1.7,0,0,0,2024,5.55,4,7,98,FALSE,TRUE,FALSE,53,13,15
USW00023062,39.7633,-104.8694,DENVER-STAPLETON                       72469,1611,CO,2024-04-08,13.3,-2.2,0,0,0,2024,5.550000000000001,4,8,99,TRUE,FALSE,FALSE,54,13,15
USW00023062,39.7633,-104.8694,DENVER-STAPLETON                       72469,1611,CO,2024-04-09,12.8,-1.7,0,0,0,2024,5.550000000000001,4,9,100,TRUE,FALSE,FALSE,55,13,15
USW00023062,39.7633,-104.8694,DENVER-STAPLETON                       72469,1611,CO,2024-04-10,15.6,1.7,0,0,0,2024,8.65,4,10,101,TRUE,TRUE,FALSE,56,14,15
USW00023062,39.7633,-104.8694,DENVER-STAPLETON                       72469,1611,CO,2024-04-11,13.9,1.7,0,0,0,2024,7.8,4,11,102,TRUE,TRUE,FALSE,57,15,15
USW00023062,39.7633,-104.8694,DENVER-STAPLETON                       72469,1611,CO,2024-04-12,15.6,3.9,0,0,0,2024,9.75,4,12,103,TRUE,TRUE,FALSE,58,16,15
USW00023062,39.7633,-104.8694,DENVER-STAPLETON                       72469,1611,CO,2024-04-13,23.3,8.9,0,0,0,2024,16.1,4,13,104,TRUE,TRUE,FALSE,59,17,15
USW00023062,39.7633,-104.8694,DENVER-STAPLETON                       72469,1611,CO,2024-04-14,23.9,7.2,0,0,0,2024,15.549999999999999,4,14,105,TRUE,TRUE,FALSE,60,18,15
USW00023062,39.7633,-104.8694,DENVER-STAPLETON                       72469,1611,CO,2024-04-15,26.1,5.6,0,0,0,2024,15.850000000000001,4,15,106,TRUE,TRUE,FALSE,61,19,15
USW00023062,39.7633,-104.8694,DENVER-STAPLETON                       72469,1611,CO,2024-04-16,23.3,5,0,0,0,2024,14.15,4,16,107,TRUE,TRUE,FALSE,62,20,15
USW00023062,39.7633,-104.8694,DENVER-STAPLETON                       72469,1611,CO,2024-04-17,17.8,6.7,0,0,0,2024,12.25,4,17,108,TRUE,TRUE,FALSE,63,21,15
USW00023062,39.7633,-104.8694,DENVER-STAPLETON                       72469,1611,CO,2024-04-18,21.7,-1.1,0,0,0,2024,10.299999999999999,4,18,109,TRUE,FALSE,FALSE,64,21,15
USW00023062,39.7633,-104.8694,DENVER-STAPLETON                       72469,1611,CO,2024-04-19,1.7,-1.1,10,0,0,2024,0.29999999999999993,4,19,110,FALSE,FALSE,TRUE,64,21,16
USW00023062,39.7633,-104.8694,DENVER-STAPLETON                       72469,1611,CO,2024-04-20,3.3,-2.2,109,127,127,2024,0.5499999999999998,4,20,111,FALSE,FALSE,TRUE,64,21,17
USW00023062,39.7633,-104.8694,DENVER-STAPLETON                       72469,1611,CO,2024-04-21,0.6,-1.7,84,0,51,2024,-0.55,4,21,112,FALSE,FALSE,TRUE,64,21,18
USW00023062,39.7633,-104.8694,DENVER-STAPLETON                       72469,1611,CO,2024-04-22,17.2,0.6,0,0,0,2024,8.9,4,22,113,TRUE,TRUE,FALSE,65,22,18
USW00023062,39.7633,-104.8694,DENVER-STAPLETON                       72469,1611,CO,2024-04-23,22.8,0.6,0,0,0,2024,11.700000000000001,4,23,114,TRUE,TRUE,FALSE,66,23,18
USW00023062,39.7633,-104.8694,DENVER-STAPLETON                       72469,1611,CO,2024-04-24,16.1,4.4,0,0,0,2024,10.25,4,24,115,TRUE,TRUE,FALSE,67,24,18
USW00023062,39.7633,-104.8694,DENVER-STAPLETON                       72469,1611,CO,2024-04-25,25,8.3,0,0,0,2024,16.65,4,25,116,TRUE,TRUE,FALSE,68,25,18
USW00023062,39.7633,-104.8694,DENVER-STAPLETON                       72469,1611,CO,2024-04-26,22.8,7.2,30,0,0,2024,15,4,26,117,TRUE,TRUE,TRUE,69,26,19
USW00023062,39.7633,-104.8694,DENVER-STAPLETON                       72469,1611,CO,2024-04-27,18.9,2.2,244,0,0,2024,10.549999999999999,4,27,118,TRUE,TRUE,TRUE,70,27,20
USW00023062,39.7633,-104.8694,DENVER-STAPLETON                       72469,1611,CO,2024-04-28,4.4,-0.6,193,0,0,2024,1.9000000000000001,4,28,119,FALSE,FALSE,TRUE,70,27,21
USW00023062,39.7633,-104.8694,DENVER-STAPLETON                       72469,1611,CO,2024-04-29,16.1,2.8,0,0,0,2024,9.450000000000001,4,29,120,TRUE,TRUE,FALSE,71,28,21
USW00023062,39.7633,-104.8694,DENVER-STAPLETON                       72469,1611,CO,2024-04-30,19.4,5,0,0,0,2024,12.2,4,30,121,TRUE,TRUE,FALSE,72,29,21
USW00023062,39.7633,-104.8694,DENVER-STAPLETON                       72469,1611,CO,2024-05-01,21.1,6.7,0,0,0,2024,13.9,5,1,122,TRUE,TRUE,FALSE,73,30,21
USW00023062,39.7633,-104.8694,DENVER-STAPLETON                       72469,1611,CO,2024-05-02,21.1,2.8,3,0,0,2024,11.950000000000001,5,2,123,TRUE,TRUE,TRUE,74,31,22
USW00023062,39.7633,-104.8694,DENVER-STAPLETON                       72469,1611,CO,2024-05-03,15,5.6,0,0,0,2024,10.3,5,3,124,TRUE,TRUE,FALSE,75,32,22
USW00023062,39.7633,-104.8694,DENVER-STAPLETON                       72469,1611,CO,2024-05-04,22.8,2.2,0,0,0,2024,12.5,5,4,125,TRUE,TRUE,FALSE,76,33,22
USW00023062,39.7633,-104.8694,DENVER-STAPLETON                       72469,1611,CO,2024-05-05,17.8,3.9,0,0,0,2024,10.85,5,5,126,TRUE,TRUE,FALSE,77,34,22
USW00023062,39.7633,-104.8694,DENVER-STAPLETON                       72469,1611,CO,2024-05-06,23.3,8.3,0,0,0,2024,15.8,5,6,127,TRUE,TRUE,FALSE,78,35,22
USW00023062,39.7633,-104.8694,DENVER-STAPLETON                       72469,1611,CO,2024-05-07,13.3,5.6,0,0,0,2024,9.45,5,7,128,TRUE,TRUE,FALSE,79,36,22
USW00023062,39.7633,-104.8694,DENVER-STAPLETON                       72469,1611,CO,2024-05-08,13.9,1.1,0,0,0,2024,7.5,5,8,129,TRUE,TRUE,FALSE,80,37,22
USW00023062,39.7633,-104.8694,DENVER-STAPLETON                       72469,1611,CO,2024-05-09,14.4,5,0,0,0,2024,9.7,5,9,130,TRUE,TRUE,FALSE,81,38,22
USW00023062,39.7633,-104.8694,DENVER-STAPLETON                       72469,1611,CO,2024-05-10,12.2,5.6,0,0,0,2024,8.899999999999999,5,10,131,TRUE,TRUE,FALSE,82,39,22
USW00023062,39.7633,-104.8694,DENVER-STAPLETON                       72469,1611,CO,2024-05-11,13.3,2.8,0,0,0,2024,8.05,5,11,132,TRUE,TRUE,FALSE,83,40,22
USW00023062,39.7633,-104.8694,DENVER-STAPLETON                       72469,1611,CO,2024-05-12,17.8,8.3,25,0,0,2024,13.05,5,12,133,TRUE,TRUE,TRUE,84,41,23
USW00023062,39.7633,-104.8694,DENVER-STAPLETON                       72469,1611,CO,2024-05-13,16.1,4.4,74,0,0,2024,10.25,5,13,134,TRUE,TRUE,TRUE,85,42,24
USW00023062,39.7633,-104.8694,DENVER-STAPLETON                       72469,1611,CO,2024-05-14,22.8,8.3,0,0,0,2024,15.55,5,14,135,TRUE,TRUE,FALSE,86,43,24
USW00023062,39.7633,-104.8694,DENVER-STAPLETON                       72469,1611,CO,2024-05-15,23.9,7.8,3,0,0,2024,15.85,5,15,136,TRUE,TRUE,TRUE,87,44,25
USW00023062,39.7633,-104.8694,DENVER-STAPLETON                       72469,1611,CO,2024-05-16,18.9,7.8,5,0,0,2024,13.35,5,16,137,TRUE,TRUE,TRUE,88,45,26
USW00023062,39.7633,-104.8694,DENVER-STAPLETON                       72469,1611,CO,2024-05-17,22.8,10.6,0,0,0,2024,16.7,5,17,138,TRUE,TRUE,FALSE,89,46,26
USW00023062,39.7633,-104.8694,DENVER-STAPLETON                       72469,1611,CO,2024-05-18,28.3,8.9,0,0,0,2024,18.6,5,18,139,TRUE,TRUE,FALSE,90,47,26
USW00023062,39.7633,-104.8694,DENVER-STAPLETON                       72469,1611,CO,2024-05-19,22.8,12.2,0,0,0,2024,17.5,5,19,140,TRUE,TRUE,FALSE,91,48,26
USW00023062,39.7633,-104.8694,DENVER-STAPLETON                       72469,1611,CO,2024-05-20,27.2,7.8,0,0,0,2024,17.5,5,20,141,TRUE,TRUE,FALSE,92,49,26
USW00023062,39.7633,-104.8694,DENVER-STAPLETON                       72469,1611,CO,2024-05-21,21.1,5.6,8,0,0,2024,13.350000000000001,5,21,142,TRUE,TRUE,TRUE,93,50,27
USW00023062,39.7633,-104.8694,DENVER-STAPLETON                       72469,1611,CO,2024-05-22,16.1,2.2,33,0,0,2024,9.15,5,22,143,TRUE,TRUE,TRUE,94,51,28
USW00023062,39.7633,-104.8694,DENVER-STAPLETON                       72469,1611,CO,2024-05-23,21.7,4.4,0,0,0,2024,13.05,5,23,144,TRUE,TRUE,FALSE,95,52,28
USW00023062,39.7633,-104.8694,DENVER-STAPLETON                       72469,1611,CO,2024-05-24,28.3,3.9,0,0,0,2024,16.1,5,24,145,TRUE,TRUE,FALSE,96,53,28
USW00023062,39.7633,-104.8694,DENVER-STAPLETON                       72469,1611,CO,2024-05-25,22.2,7.2,0,0,0,2024,14.7,5,25,146,TRUE,TRUE,FALSE,97,54,28
USW00023062,39.7633,-104.8694,DENVER-STAPLETON                       72469,1611,CO,2024-05-26,21.7,8.9,0,0,0,2024,15.3,5,26,147,TRUE,TRUE,FALSE,98,55,28
USW00023062,39.7633,-104.8694,DENVER-STAPLETON                       72469,1611,CO,2024-05-27,22.2,6.7,0,0,0,2024,14.45,5,27,148,TRUE,TRUE,FALSE,99,56,28
USW00023062,39.7633,-104.8694,DENVER-STAPLETON                       72469,1611,CO,2024-05-28,25,6.7,0,0,0,2024,15.85,5,28,149,TRUE,TRUE,FALSE,100,57,28
USW00023062,39.7633,-104.8694,DENVER-STAPLETON                       72469,1611,CO,2024-05-29,26.1,10,0,0,0,2024,18.05,5,29,150,TRUE,TRUE,FALSE,101,58,28
USW00023062,39.7633,-104.8694,DENVER-STAPLETON                       72469,1611,CO,2024-05-30,28.3,8.9,0,0,0,2024,18.6,5,30,151,TRUE,TRUE,FALSE,102,59,28
USW00023062,39.7633,-104.8694,DENVER-STAPLETON                       72469,1611,CO,2024-05-31,26.1,8.9,147,0,0,2024,17.5,5,31,152,TRUE,TRUE,TRUE,103,60,29
USW00023062,39.7633,-104.8694,DENVER-STAPLETON                       72469,1611,CO,2024-06-01,21.7,10,0,0,0,2024,15.85,6,1,153,TRUE,TRUE,FALSE,104,61,29
USW00023062,39.7633,-104.8694,DENVER-STAPLETON                       72469,1611,CO,2024-06-02,28.9,10,0,0,0,2024,19.45,6,2,154,TRUE,TRUE,FALSE,105,62,29
USW00023062,39.7633,-104.8694,DENVER-STAPLETON                       72469,1611,CO,2024-06-03,30.6,12.8,0,0,0,2024,21.700000000000003,6,3,155,TRUE,TRUE,FALSE,106,63,29
USW00023062,39.7633,-104.8694,DENVER-STAPLETON                       72469,1611,CO,2024-06-04,30,16.1,0,0,0,2024,23.05,6,4,156,TRUE,TRUE,FALSE,107,64,29
USW00023062,39.7633,-104.8694,DENVER-STAPLETON                       72469,1611,CO,2024-06-05,27.2,11.1,0,0,0,2024,19.15,6,5,157,TRUE,TRUE,FALSE,108,65,29
USW00023062,39.7633,-104.8694,DENVER-STAPLETON                       72469,1611,CO,2024-06-06,32.2,13.3,0,0,0,2024,22.75,6,6,158,TRUE,TRUE,FALSE,109,66,29
USW00023062,39.7633,-104.8694,DENVER-STAPLETON                       72469,1611,CO,2024-06-07,31.1,16.7,0,0,0,2024,23.9,6,7,159,TRUE,TRUE,FALSE,110,67,29
USW00023062,39.7633,-104.8694,DENVER-STAPLETON                       72469,1611,CO,2024-06-08,33.9,13.3,0,0,0,2024,23.6,6,8,160,TRUE,TRUE,FALSE,111,68,29
USW00023062,39.7633,-104.8694,DENVER-STAPLETON                       72469,1611,CO,2024-06-09,30,14.4,5,0,0,2024,22.2,6,9,161,TRUE,TRUE,TRUE,112,69,30
USW00023062,39.7633,-104.8694,DENVER-STAPLETON                       72469,1611,CO,2024-06-10,27.8,12.8,0,0,0,2024,20.3,6,10,162,TRUE,TRUE,FALSE,113,70,30
USW00023062,39.7633,-104.8694,DENVER-STAPLETON                       72469,1611,CO,2024-06-11,28.9,12.2,0,0,0,2024,20.549999999999997,6,11,163,TRUE,TRUE,FALSE,114,71,30
USW00023062,39.7633,-104.8694,DENVER-STAPLETON                       72469,1611,CO,2024-06-12,31.1,14.4,0,0,0,2024,22.75,6,12,164,TRUE,TRUE,FALSE,115,72,30
USW00023062,39.7633,-104.8694,DENVER-STAPLETON                       72469,1611,CO,2024-06-13,35,16.7,0,0,0,2024,25.85,6,13,165,TRUE,TRUE,FALSE,116,73,30
USW00023062,39.7633,-104.8694,DENVER-STAPLETON                       72469,1611,CO,2024-06-14,36.7,16.1,0,0,0,2024,26.400000000000002,6,14,166,TRUE,TRUE,FALSE,117,74,30
USW00023062,39.7633,-104.8694,DENVER-STAPLETON                       72469,1611,CO,2024-06-15,27.2,15,3,0,0,2024,21.1,6,15,167,TRUE,TRUE,TRUE,118,75,31
USW00023062,39.7633,-104.8694,DENVER-STAPLETON                       72469,1611,CO,2024-06-16,33.3,13.9,0,0,0,2024,23.599999999999998,6,16,168,TRUE,TRUE,FALSE,119,76,31
USW00023062,39.7633,-104.8694,DENVER-STAPLETON                       72469,1611,CO,2024-06-17,31.1,13.9,0,0,0,2024,22.5,6,17,169,TRUE,TRUE,FALSE,120,77,31
USW00023062,39.7633,-104.8694,DENVER-STAPLETON                       72469,1611,CO,2024-06-18,35.6,12.8,0,0,0,2024,24.200000000000003,6,18,170,TRUE,TRUE,FALSE,121,78,31
USW00023062,39.7633,-104.8694,DENVER-STAPLETON                       72469,1611,CO,2024-06-19,22.2,11.7,0,0,0,2024,16.95,6,19,171,TRUE,TRUE,FALSE,122,79,31
USW00023062,39.7633,-104.8694,DENVER-STAPLETON                       72469,1611,CO,2024-06-20,23.9,12.8,0,0,0,2024,18.35,6,20,172,TRUE,TRUE,FALSE,123,80,31
USW00023062,39.7633,-104.8694,DENVER-STAPLETON                       72469,1611,CO,2024-06-21,32.8,16.1,18,0,0,2024,24.45,6,21,173,TRUE,TRUE,TRUE,124,81,32
USW00023062,39.7633,-104.8694,DENVER-STAPLETON                       72469,1611,CO,2024-06-22,28.3,11.7,0,0,0,2024,20,6,22,174,TRUE,TRUE,FALSE,125,82,32
USW00023062,39.7633,-104.8694,DENVER-STAPLETON                       72469,1611,CO,2024-06-23,32.8,16.1,0,0,0,2024,24.45,6,23,175,TRUE,TRUE,FALSE,126,83,32
USW00023062,39.7633,-104.8694,DENVER-STAPLETON                       72469,1611,CO,2024-06-24,35.6,18.3,0,0,0,2024,26.950000000000003,6,24,176,TRUE,TRUE,FALSE,127,84,32
USW00023062,39.7633,-104.8694,DENVER-STAPLETON                       72469,1611,CO,2024-06-25,35,18.3,0,0,0,2024,26.65,6,25,177,TRUE,TRUE,FALSE,128,85,32
USW00023062,39.7633,-104.8694,DENVER-STAPLETON                       72469,1611,CO,2024-06-26,36.1,16.7,0,0,0,2024,26.4,6,26,178,TRUE,TRUE,FALSE,129,86,32
USW00023062,39.7633,-104.8694,DENVER-STAPLETON                       72469,1611,CO,2024-06-27,34.4,15.6,0,0,0,2024,25,6,27,179,TRUE,TRUE,FALSE,130,87,32
USW00023062,39.7633,-104.8694,DENVER-STAPLETON                       72469,1611,CO,2024-06-28,34.4,17.2,0,0,0,2024,25.799999999999997,6,28,180,TRUE,TRUE,FALSE,131,88,32
USW00023062,39.7633,-104.8694,DENVER-STAPLETON                       72469,1611,CO,2024-06-29,33.9,15,3,0,0,2024,24.45,6,29,181,TRUE,TRUE,TRUE,132,89,33
USW00023062,39.7633,-104.8694,DENVER-STAPLETON                       72469,1611,CO,2024-06-30,30.6,15,0,0,0,2024,22.8,6,30,182,TRUE,TRUE,FALSE,133,90,33
USW00023062,39.7633,-104.8694,DENVER-STAPLETON                       72469,1611,CO,2024-07-01,31.1,17.2,0,0,0,2024,24.15,7,1,183,TRUE,TRUE,FALSE,134,91,33
USW00023062,39.7633,-104.8694,DENVER-STAPLETON                       72469,1611,CO,2024-07-02,31.7,15,3,0,0,2024,23.35,7,2,184,TRUE,TRUE,TRUE,135,92,34
USW00023062,39.7633,-104.8694,DENVER-STAPLETON                       72469,1611,CO,2024-07-03,30,15,0,0,0,2024,22.5,7,3,185,TRUE,TRUE,FALSE,136,93,34
USW00023062,39.7633,-104.8694,DENVER-STAPLETON                       72469,1611,CO,2024-07-04,33.3,10.6,0,0,0,2024,21.95,7,4,186,TRUE,TRUE,FALSE,137,94,34
USW00023062,39.7633,-104.8694,DENVER-STAPLETON                       72469,1611,CO,2024-07-05,27.8,13.3,0,0,0,2024,20.55,7,5,187,TRUE,TRUE,FALSE,138,95,34
USW00023062,39.7633,-104.8694,DENVER-STAPLETON                       72469,1611,CO,2024-07-06,26.1,14.4,0,0,0,2024,20.25,7,6,188,TRUE,TRUE,FALSE,139,96,34
USW00023062,39.7633,-104.8694,DENVER-STAPLETON                       72469,1611,CO,2024-07-07,32.2,13.9,0,0,0,2024,23.05,7,7,189,TRUE,TRUE,FALSE,140,97,34
USW00023062,39.7633,-104.8694,DENVER-STAPLETON                       72469,1611,CO,2024-07-08,25,10,0,0,0,2024,17.5,7,8,190,TRUE,TRUE,FALSE,141,98,34
USW00023062,39.7633,-104.8694,DENVER-STAPLETON                       72469,1611,CO,2024-07-09,27.8,13.3,0,0,0,2024,20.55,7,9,191,TRUE,TRUE,FALSE,142,99,34
USW00023062,39.7633,-104.8694,DENVER-STAPLETON                       72469,1611,CO,2024-07-10,30.6,14.4,0,0,0,2024,22.5,7,10,192,TRUE,TRUE,FALSE,143,100,34
USW00023062,39.7633,-104.8694,DENVER-STAPLETON                       72469,1611,CO,2024-07-11,32.8,14.4,0,0,0,2024,23.599999999999998,7,11,193,TRUE,TRUE,FALSE,144,101,34
USW00023062,39.7633,-104.8694,DENVER-STAPLETON                       72469,1611,CO,2024-07-12,35.6,16.1,0,0,0,2024,25.85,7,12,194,TRUE,TRUE,FALSE,145,102,34
USW00023062,39.7633,-104.8694,DENVER-STAPLETON                       72469,1611,CO,2024-07-13,37.2,16.1,0,0,0,2024,26.650000000000002,7,13,195,TRUE,TRUE,FALSE,146,103,34
USW00023062,39.7633,-104.8694,DENVER-STAPLETON                       72469,1611,CO,2024-07-14,36.7,19.4,0,0,0,2024,28.05,7,14,196,TRUE,TRUE,FALSE,147,104,34
USW00023062,39.7633,-104.8694,DENVER-STAPLETON                       72469,1611,CO,2024-07-15,37.2,20,0,0,0,2024,28.6,7,15,197,TRUE,TRUE,FALSE,148,105,34
USW00023062,39.7633,-104.8694,DENVER-STAPLETON                       72469,1611,CO,2024-07-16,34.4,15,0,0,0,2024,24.7,7,16,198,TRUE,TRUE,FALSE,149,106,34
USW00023062,39.7633,-104.8694,DENVER-STAPLETON                       72469,1611,CO,2024-07-17,31.1,13.9,102,0,0,2024,22.5,7,17,199,TRUE,TRUE,TRUE,150,107,35
USW00023062,39.7633,-104.8694,DENVER-STAPLETON                       72469,1611,CO,2024-07-18,30.6,13.3,0,0,0,2024,21.950000000000003,7,18,200,TRUE,TRUE,FALSE,151,108,35
USW00023062,39.7633,-104.8694,DENVER-STAPLETON                       72469,1611,CO,2024-07-19,31.7,15,0,0,0,2024,23.35,7,19,201,TRUE,TRUE,FALSE,152,109,35
USW00023062,39.7633,-104.8694,DENVER-STAPLETON                       72469,1611,CO,2024-07-20,31.7,13.9,0,0,0,2024,22.8,7,20,202,TRUE,TRUE,FALSE,153,110,35
USW00023062,39.7633,-104.8694,DENVER-STAPLETON                       72469,1611,CO,2024-07-21,28.9,14.4,117,0,0,2024,21.65,7,21,203,TRUE,TRUE,TRUE,154,111,36
USW00023062,39.7633,-104.8694,DENVER-STAPLETON                       72469,1611,CO,2024-07-22,24.4,12.2,3,0,0,2024,18.299999999999997,7,22,204,TRUE,TRUE,TRUE,155,112,37
USW00023062,39.7633,-104.8694,DENVER-STAPLETON                       72469,1611,CO,2024-07-23,27.8,13.3,0,0,0,2024,20.55,7,23,205,TRUE,TRUE,FALSE,156,113,37
USW00023062,39.7633,-104.8694,DENVER-STAPLETON                       72469,1611,CO,2024-07-24,31.1,15,0,0,0,2024,23.05,7,24,206,TRUE,TRUE,FALSE,157,114,37
USW00023062,39.7633,-104.8694,DENVER-STAPLETON                       72469,1611,CO,2024-07-25,33.9,16.1,0,0,0,2024,25,7,25,207,TRUE,TRUE,FALSE,158,115,37
USW00023062,39.7633,-104.8694,DENVER-STAPLETON                       72469,1611,CO,2024-07-26,35,16.7,0,0,0,2024,25.85,7,26,208,TRUE,TRUE,FALSE,159,116,37
USW00023062,39.7633,-104.8694,DENVER-STAPLETON                       72469,1611,CO,2024-07-27,31.7,15,0,0,0,2024,23.35,7,27,209,TRUE,TRUE,FALSE,160,117,37
USW00023062,39.7633,-104.8694,DENVER-STAPLETON                       72469,1611,CO,2024-07-28,33.3,13.3,3,0,0,2024,23.299999999999997,7,28,210,TRUE,TRUE,TRUE,161,118,38
USW00023062,39.7633,-104.8694,DENVER-STAPLETON                       72469,1611,CO,2024-07-29,34.4,15,0,0,0,2024,24.7,7,29,211,TRUE,TRUE,FALSE,162,119,38
USW00023062,39.7633,-104.8694,DENVER-STAPLETON                       72469,1611,CO,2024-07-30,36.1,13.9,0,0,0,2024,25,7,30,212,TRUE,TRUE,FALSE,163,120,38
USW00023062,39.7633,-104.8694,DENVER-STAPLETON                       72469,1611,CO,2024-07-31,36.7,15,0,0,0,2024,25.85,7,31,213,TRUE,TRUE,FALSE,164,121,38
USW00023062,39.7633,-104.8694,DENVER-STAPLETON                       72469,1611,CO,2024-08-01,35,15,0,0,0,2024,25,8,1,214,TRUE,TRUE,FALSE,165,122,38
USW00023062,39.7633,-104.8694,DENVER-STAPLETON                       72469,1611,CO,2024-08-02,36.1,17.2,0,0,0,2024,26.65,8,2,215,TRUE,TRUE,FALSE,166,123,38
USW00023062,39.7633,-104.8694,DENVER-STAPLETON                       72469,1611,CO,2024-08-03,37.2,15.6,0,0,0,2024,26.400000000000002,8,3,216,TRUE,TRUE,FALSE,167,124,38
USW00023062,39.7633,-104.8694,DENVER-STAPLETON                       72469,1611,CO,2024-08-04,34.4,17.8,0,0,0,2024,26.1,8,4,217,TRUE,TRUE,FALSE,168,125,38
USW00023062,39.7633,-104.8694,DENVER-STAPLETON                       72469,1611,CO,2024-08-05,36.1,18.3,0,0,0,2024,27.200000000000003,8,5,218,TRUE,TRUE,FALSE,169,126,38
USW00023062,39.7633,-104.8694,DENVER-STAPLETON                       72469,1611,CO,2024-08-06,33.3,18.3,61,0,0,2024,25.799999999999997,8,6,219,TRUE,TRUE,TRUE,170,127,39
USW00023062,39.7633,-104.8694,DENVER-STAPLETON                       72469,1611,CO,2024-08-07,33.9,16.7,0,0,0,2024,25.299999999999997,8,7,220,TRUE,TRUE,FALSE,171,128,39
USW00023062,39.7633,-104.8694,DENVER-STAPLETON                       72469,1611,CO,2024-08-08,32.8,15,0,0,0,2024,23.9,8,8,221,TRUE,TRUE,FALSE,172,129,39
USW00023062,39.7633,-104.8694,DENVER-STAPLETON                       72469,1611,CO,2024-08-09,22.2,13.3,0,0,0,2024,17.75,8,9,222,TRUE,TRUE,FALSE,173,130,39
USW00023062,39.7633,-104.8694,DENVER-STAPLETON                       72469,1611,CO,2024-08-10,18.9,12.8,0,0,0,2024,15.85,8,10,223,TRUE,TRUE,FALSE,174,131,39
USW00023062,39.7633,-104.8694,DENVER-STAPLETON                       72469,1611,CO,2024-08-11,28.9,13.3,0,0,0,2024,21.1,8,11,224,TRUE,TRUE,FALSE,175,132,39
USW00023062,39.7633,-104.8694,DENVER-STAPLETON                       72469,1611,CO,2024-08-12,30.6,13.9,5,0,0,2024,22.25,8,12,225,TRUE,TRUE,TRUE,176,133,40
USW00023062,39.7633,-104.8694,DENVER-STAPLETON                       72469,1611,CO,2024-08-13,32.2,15.6,0,0,0,2024,23.900000000000002,8,13,226,TRUE,TRUE,FALSE,177,134,40
USW00023062,39.7633,-104.8694,DENVER-STAPLETON                       72469,1611,CO,2024-08-14,30.6,14.4,18,0,0,2024,22.5,8,14,227,TRUE,TRUE,TRUE,178,135,41
USW00023062,39.7633,-104.8694,DENVER-STAPLETON                       72469,1611,CO,2024-08-15,31.7,13.3,0,0,0,2024,22.5,8,15,228,TRUE,TRUE,FALSE,179,136,41
USW00023062,39.7633,-104.8694,DENVER-STAPLETON                       72469,1611,CO,2024-08-16,30.6,12.8,3,0,0,2024,21.700000000000003,8,16,229,TRUE,TRUE,TRUE,180,137,42
USW00023062,39.7633,-104.8694,DENVER-STAPLETON                       72469,1611,CO,2024-08-17,33.9,14.4,0,0,0,2024,24.15,8,17,230,TRUE,TRUE,FALSE,181,138,42
USW00023062,39.7633,-104.8694,DENVER-STAPLETON                       72469,1611,CO,2024-08-18,36.1,17.2,0,0,0,2024,26.65,8,18,231,TRUE,TRUE,FALSE,182,139,42
USW00023062,39.7633,-104.8694,DENVER-STAPLETON                       72469,1611,CO,2024-08-19,34.4,17.2,0,0,0,2024,25.799999999999997,8,19,232,TRUE,TRUE,FALSE,183,140,42
USW00023062,39.7633,-104.8694,DENVER-STAPLETON                       72469,1611,CO,2024-08-20,31.1,16.7,0,0,0,2024,23.9,8,20,233,TRUE,TRUE,FALSE,184,141,42
USW00023062,39.7633,-104.8694,DENVER-STAPLETON                       72469,1611,CO,2024-08-21,34.4,18.9,0,0,0,2024,26.65,8,21,234,TRUE,TRUE,FALSE,185,142,42
USW00023062,39.7633,-104.8694,DENVER-STAPLETON                       72469,1611,CO,2024-08-22,34.4,19.4,0,0,0,2024,26.9,8,22,235,TRUE,TRUE,FALSE,186,143,42
USW00023062,39.7633,-104.8694,DENVER-STAPLETON                       72469,1611,CO,2024-08-23,30.6,15,18,0,0,2024,22.8,8,23,236,TRUE,TRUE,TRUE,187,144,43
USW00023062,39.7633,-104.8694,DENVER-STAPLETON                       72469,1611,CO,2024-08-24,30.6,16.1,3,0,0,2024,23.35,8,24,237,TRUE,TRUE,TRUE,188,145,44
USW00023062,39.7633,-104.8694,DENVER-STAPLETON                       72469,1611,CO,2024-08-25,32.8,18.3,0,0,0,2024,25.549999999999997,8,25,238,TRUE,TRUE,FALSE,189,146,44
USW00023062,39.7633,-104.8694,DENVER-STAPLETON                       72469,1611,CO,2024-08-26,32.2,15,0,0,0,2024,23.6,8,26,239,TRUE,TRUE,FALSE,190,147,44
USW00023062,39.7633,-104.8694,DENVER-STAPLETON                       72469,1611,CO,2024-08-27,31.1,11.1,5,0,0,2024,21.1,8,27,240,TRUE,TRUE,TRUE,191,148,45
USW00023062,39.7633,-104.8694,DENVER-STAPLETON                       72469,1611,CO,2024-08-28,29.4,12.2,0,0,0,2024,20.799999999999997,8,28,241,TRUE,TRUE,FALSE,192,149,45
USW00023062,39.7633,-104.8694,DENVER-STAPLETON                       72469,1611,CO,2024-08-29,33.3,14.4,8,0,0,2024,23.849999999999998,8,29,242,TRUE,TRUE,TRUE,193,150,46
USW00023062,39.7633,-104.8694,DENVER-STAPLETON                       72469,1611,CO,2024-08-30,28.9,11.7,0,0,0,2024,20.299999999999997,8,30,243,TRUE,TRUE,FALSE,194,151,46
USW00023062,39.7633,-104.8694,DENVER-STAPLETON                       72469,1611,CO,2024-08-31,30.6,11.7,0,0,0,2024,21.15,8,31,244,TRUE,TRUE,FALSE,195,152,46
USW00023062,39.7633,-104.8694,DENVER-STAPLETON                       72469,1611,CO,2024-09-01,31.1,11.1,0,0,0,2024,21.1,9,1,245,TRUE,TRUE,FALSE,196,153,46
USW00023062,39.7633,-104.8694,DENVER-STAPLETON                       72469,1611,CO,2024-09-02,30.6,13.3,0,0,0,2024,21.950000000000003,9,2,246,TRUE,TRUE,FALSE,197,154,46
USW00023062,39.7633,-104.8694,DENVER-STAPLETON                       72469,1611,CO,2024-09-03,32.8,13.9,0,0,0,2024,23.349999999999998,9,3,247,TRUE,TRUE,FALSE,198,155,46
USW00023062,39.7633,-104.8694,DENVER-STAPLETON                       72469,1611,CO,2024-09-04,33.3,15.6,0,0,0,2024,24.45,9,4,248,TRUE,TRUE,FALSE,199,156,46
USW00023062,39.7633,-104.8694,DENVER-STAPLETON                       72469,1611,CO,2024-09-05,27.2,11.7,102,0,0,2024,19.45,9,5,249,TRUE,TRUE,TRUE,200,157,47
USW00023062,39.7633,-104.8694,DENVER-STAPLETON                       72469,1611,CO,2024-09-06,22.2,11.1,0,0,0,2024,16.65,9,6,250,TRUE,TRUE,FALSE,201,158,47
USW00023062,39.7633,-104.8694,DENVER-STAPLETON                       72469,1611,CO,2024-09-07,27.8,10.6,0,0,0,2024,19.2,9,7,251,TRUE,TRUE,FALSE,202,159,47
USW00023062,39.7633,-104.8694,DENVER-STAPLETON                       72469,1611,CO,2024-09-08,30,11.7,0,0,0,2024,20.85,9,8,252,TRUE,TRUE,FALSE,203,160,47
USW00023062,39.7633,-104.8694,DENVER-STAPLETON                       72469,1611,CO,2024-09-09,31.1,12.2,0,0,0,2024,21.65,9,9,253,TRUE,TRUE,FALSE,204,161,47
USW00023062,39.7633,-104.8694,DENVER-STAPLETON                       72469,1611,CO,2024-09-10,32.2,13.3,0,0,0,2024,22.75,9,10,254,TRUE,TRUE,FALSE,205,162,47
USW00023062,39.7633,-104.8694,DENVER-STAPLETON                       72469,1611,CO,2024-09-11,30.6,12.8,0,0,0,2024,21.700000000000003,9,11,255,TRUE,TRUE,FALSE,206,163,47
USW00023062,39.7633,-104.8694,DENVER-STAPLETON                       72469,1611,CO,2024-09-12,27.8,12.8,0,0,0,2024,20.3,9,12,256,TRUE,TRUE,FALSE,207,164,47
USW00023062,39.7633,-104.8694,DENVER-STAPLETON                       72469,1611,CO,2024-09-13,32.2,9.4,0,0,0,2024,20.8,9,13,257,TRUE,TRUE,FALSE,208,165,47
USW00023062,39.7633,-104.8694,DENVER-STAPLETON                       72469,1611,CO,2024-09-14,26.7,10,0,0,0,2024,18.35,9,14,258,TRUE,TRUE,FALSE,209,166,47
USW00023062,39.7633,-104.8694,DENVER-STAPLETON                       72469,1611,CO,2024-09-15,31.1,10.6,0,0,0,2024,20.85,9,15,259,TRUE,TRUE,FALSE,210,167,47
USW00023062,39.7633,-104.8694,DENVER-STAPLETON                       72469,1611,CO,2024-09-16,31.7,10.6,0,0,0,2024,21.15,9,16,260,TRUE,TRUE,FALSE,211,168,47
USW00023062,39.7633,-104.8694,DENVER-STAPLETON                       72469,1611,CO,2024-09-17,28.9,11.7,0,0,0,2024,20.299999999999997,9,17,261,TRUE,TRUE,FALSE,212,169,47
USW00023062,39.7633,-104.8694,DENVER-STAPLETON                       72469,1611,CO,2024-09-18,27.8,7.2,0,0,0,2024,17.5,9,18,262,TRUE,TRUE,FALSE,213,170,47
USW00023062,39.7633,-104.8694,DENVER-STAPLETON                       72469,1611,CO,2024-09-19,27.8,6.7,0,0,0,2024,17.25,9,19,263,TRUE,TRUE,FALSE,214,171,47
USW00023062,39.7633,-104.8694,DENVER-STAPLETON                       72469,1611,CO,2024-09-20,28.3,7.2,0,0,0,2024,17.75,9,20,264,TRUE,TRUE,FALSE,215,172,47
USW00023062,39.7633,-104.8694,DENVER-STAPLETON                       72469,1611,CO,2024-09-21,30.6,11.1,0,0,0,2024,20.85,9,21,265,TRUE,TRUE,FALSE,216,173,47
USW00023062,39.7633,-104.8694,DENVER-STAPLETON                       72469,1611,CO,2024-09-22,19.4,6.7,178,0,0,2024,13.049999999999999,9,22,266,TRUE,TRUE,TRUE,217,174,48
USW00023062,39.7633,-104.8694,DENVER-STAPLETON                       72469,1611,CO,2024-09-23,16.7,6.1,0,0,0,2024,11.399999999999999,9,23,267,TRUE,TRUE,FALSE,218,175,48
USW00023062,39.7633,-104.8694,DENVER-STAPLETON                       72469,1611,CO,2024-09-24,26.7,7.2,0,0,0,2024,16.95,9,24,268,TRUE,TRUE,FALSE,219,176,48
USW00023062,39.7633,-104.8694,DENVER-STAPLETON                       72469,1611,CO,2024-09-25,24.4,8.3,0,0,0,2024,16.35,9,25,269,TRUE,TRUE,FALSE,220,177,48
USW00023062,39.7633,-104.8694,DENVER-STAPLETON                       72469,1611,CO,2024-09-26,30,8.9,0,0,0,2024,19.45,9,26,270,TRUE,TRUE,FALSE,221,178,48
USW00023062,39.7633,-104.8694,DENVER-STAPLETON                       72469,1611,CO,2024-09-27,32.2,11.1,0,0,0,2024,21.650000000000002,9,27,271,TRUE,TRUE,FALSE,222,179,48
USW00023062,39.7633,-104.8694,DENVER-STAPLETON                       72469,1611,CO,2024-09-28,28.3,11.1,0,0,0,2024,19.7,9,28,272,TRUE,TRUE,FALSE,223,180,48
USW00023062,39.7633,-104.8694,DENVER-STAPLETON                       72469,1611,CO,2024-09-29,31.1,11.7,0,0,0,2024,21.4,9,29,273,TRUE,TRUE,FALSE,224,181,48
USW00023062,39.7633,-104.8694,DENVER-STAPLETON                       72469,1611,CO,2024-09-30,32.8,12.2,0,0,0,2024,22.5,9,30,274,TRUE,TRUE,FALSE,225,182,48
USW00023062,39.7633,-104.8694,DENVER-STAPLETON                       72469,1611,CO,2024-10-01,29.4,4.4,0,0,0,2024,16.9,10,1,275,TRUE,TRUE,FALSE,226,183,48
USW00023062,39.7633,-104.8694,DENVER-STAPLETON                       72469,1611,CO,2024-10-02,21.7,3.9,0,0,0,2024,12.799999999999999,10,2,276,TRUE,TRUE,FALSE,227,184,48
USW00023062,39.7633,-104.8694,DENVER-STAPLETON                       72469,1611,CO,2024-10-03,31.1,8.3,0,0,0,2024,19.700000000000003,10,3,277,TRUE,TRUE,FALSE,228,185,48
USW00023062,39.7633,-104.8694,DENVER-STAPLETON                       72469,1611,CO,2024-10-04,20,3.9,0,0,0,2024,11.95,10,4,278,TRUE,TRUE,FALSE,229,186,48
USW00023062,39.7633,-104.8694,DENVER-STAPLETON                       72469,1611,CO,2024-10-05,30,3.9,0,0,0,2024,16.95,10,5,279,TRUE,TRUE,FALSE,230,187,48
USW00023062,39.7633,-104.8694,DENVER-STAPLETON                       72469,1611,CO,2024-10-06,29.4,5.6,0,0,0,2024,17.5,10,6,280,TRUE,TRUE,FALSE,231,188,48
USW00023062,39.7633,-104.8694,DENVER-STAPLETON                       72469,1611,CO,2024-10-07,22.2,5.6,0,0,0,2024,13.899999999999999,10,7,281,TRUE,TRUE,FALSE,232,189,48
USW00023062,39.7633,-104.8694,DENVER-STAPLETON                       72469,1611,CO,2024-10-08,26.1,7.2,0,0,0,2024,16.650000000000002,10,8,282,TRUE,TRUE,FALSE,233,190,48
USW00023062,39.7633,-104.8694,DENVER-STAPLETON                       72469,1611,CO,2024-10-09,27.2,7.8,0,0,0,2024,17.5,10,9,283,TRUE,TRUE,FALSE,234,191,48
USW00023062,39.7633,-104.8694,DENVER-STAPLETON                       72469,1611,CO,2024-10-10,27.8,8.3,0,0,0,2024,18.05,10,10,284,TRUE,TRUE,FALSE,235,192,48
USW00023062,39.7633,-104.8694,DENVER-STAPLETON                       72469,1611,CO,2024-10-11,28.3,10.6,0,0,0,2024,19.45,10,11,285,TRUE,TRUE,FALSE,236,193,48
USW00023062,39.7633,-104.8694,DENVER-STAPLETON                       72469,1611,CO,2024-10-12,21.7,7.8,0,0,0,2024,14.75,10,12,286,TRUE,TRUE,FALSE,237,194,48
USW00023062,39.7633,-104.8694,DENVER-STAPLETON                       72469,1611,CO,2024-10-13,26.1,7.2,0,0,0,2024,16.650000000000002,10,13,287,TRUE,TRUE,FALSE,238,195,48
USW00023062,39.7633,-104.8694,DENVER-STAPLETON                       72469,1611,CO,2024-10-14,18.3,3.9,0,0,0,2024,11.1,10,14,288,TRUE,TRUE,FALSE,239,196,48
USW00023062,39.7633,-104.8694,DENVER-STAPLETON                       72469,1611,CO,2024-10-15,27.8,4.4,0,0,0,2024,16.1,10,15,289,TRUE,TRUE,FALSE,240,197,48
USW00023062,39.7633,-104.8694,DENVER-STAPLETON                       72469,1611,CO,2024-10-16,23.3,3.3,0,0,0,2024,13.3,10,16,290,TRUE,TRUE,FALSE,241,198,48
USW00023062,39.7633,-104.8694,DENVER-STAPLETON                       72469,1611,CO,2024-10-17,28.3,3.3,0,0,0,2024,15.8,10,17,291,TRUE,TRUE,FALSE,242,199,48
USW00023062,39.7633,-104.8694,DENVER-STAPLETON                       72469,1611,CO,2024-10-18,23.3,6.1,0,0,0,2024,14.7,10,18,292,TRUE,TRUE,FALSE,243,200,48
USW00023062,39.7633,-104.8694,DENVER-STAPLETON                       72469,1611,CO,2024-10-19,10,4.4,18,0,0,2024,7.2,10,19,293,TRUE,TRUE,TRUE,244,201,49
USW00023062,39.7633,-104.8694,DENVER-STAPLETON                       72469,1611,CO,2024-10-20,16.1,4.4,0,0,0,2024,10.25,10,20,294,TRUE,TRUE,FALSE,245,202,49
USW00023062,39.7633,-104.8694,DENVER-STAPLETON                       72469,1611,CO,2024-10-21,23.3,3.9,0,0,0,2024,13.6,10,21,295,TRUE,TRUE,FALSE,246,203,49
USW00023062,39.7633,-104.8694,DENVER-STAPLETON                       72469,1611,CO,2024-10-22,19.4,7.2,0,0,0,2024,13.299999999999999,10,22,296,TRUE,TRUE,FALSE,247,204,49
USW00023062,39.7633,-104.8694,DENVER-STAPLETON                       72469,1611,CO,2024-10-23,23.9,2.8,0,0,0,2024,13.35,10,23,297,TRUE,TRUE,FALSE,248,205,49
USW00023062,39.7633,-104.8694,DENVER-STAPLETON                       72469,1611,CO,2024-10-24,25,2.8,0,0,0,2024,13.9,10,24,298,TRUE,TRUE,FALSE,249,206,49
USW00023062,39.7633,-104.8694,DENVER-STAPLETON                       72469,1611,CO,2024-10-25,22.2,0.6,0,0,0,2024,11.4,10,25,299,TRUE,TRUE,FALSE,250,207,49
USW00023062,39.7633,-104.8694,DENVER-STAPLETON                       72469,1611,CO,2024-10-26,17.8,0.6,0,0,0,2024,9.200000000000001,10,26,300,TRUE,TRUE,FALSE,251,208,49
USW00023062,39.7633,-104.8694,DENVER-STAPLETON                       72469,1611,CO,2024-10-27,23.9,0.6,0,0,0,2024,12.25,10,27,301,TRUE,TRUE,FALSE,252,209,49
USW00023062,39.7633,-104.8694,DENVER-STAPLETON                       72469,1611,CO,2024-10-28,24.4,7.2,0,0,0,2024,15.799999999999999,10,28,302,TRUE,TRUE,FALSE,253,210,49
USW00023062,39.7633,-104.8694,DENVER-STAPLETON                       72469,1611,CO,2024-10-29,26.7,5.6,0,0,0,2024,16.15,10,29,303,TRUE,TRUE,FALSE,254,211,49
USW00023062,39.7633,-104.8694,DENVER-STAPLETON                       72469,1611,CO,2024-10-30,13.3,2.2,0,0,0,2024,7.75,10,30,304,TRUE,TRUE,FALSE,255,212,49
USW00023062,39.7633,-104.8694,DENVER-STAPLETON                       72469,1611,CO,2024-10-31,6.1,-2.2,0,0,0,2024,1.9499999999999997,10,31,305,FALSE,FALSE,FALSE,255,212,49
USW00023062,39.7633,-104.8694,DENVER-STAPLETON                       72469,1611,CO,2024-11-01,15.6,-3.9,0,0,0,2024,5.85,11,1,306,TRUE,FALSE,FALSE,256,212,49
USW00023062,39.7633,-104.8694,DENVER-STAPLETON                       72469,1611,CO,2024-11-02,16.7,-3.3,0,0,0,2024,6.699999999999999,11,2,307,TRUE,FALSE,FALSE,257,212,49
USW00023062,39.7633,-104.8694,DENVER-STAPLETON                       72469,1611,CO,2024-11-03,17.8,-2.8,0,0,0,2024,7.5,11,3,308,TRUE,FALSE,FALSE,258,212,49
USW00023062,39.7633,-104.8694,DENVER-STAPLETON                       72469,1611,CO,2024-11-04,13.3,0,25,0,0,2024,6.65,11,4,309,TRUE,FALSE,TRUE,259,212,50
USW00023062,39.7633,-104.8694,DENVER-STAPLETON                       72469,1611,CO,2024-11-05,5.6,-2.2,0,0,0,2024,1.6999999999999997,11,5,310,FALSE,FALSE,FALSE,259,212,50
USW00023062,39.7633,-104.8694,DENVER-STAPLETON                       72469,1611,CO,2024-11-06,11.1,-2.8,86,127,127,2024,4.15,11,6,311,TRUE,FALSE,TRUE,260,212,51
USW00023062,39.7633,-104.8694,DENVER-STAPLETON                       72469,1611,CO,2024-11-07,-2.2,-4.4,33,46,152,2024,-3.3000000000000003,11,7,312,FALSE,FALSE,TRUE,260,212,52
USW00023062,39.7633,-104.8694,DENVER-STAPLETON                       72469,1611,CO,2024-11-08,3.3,-3.3,41,25,152,2024,0,11,8,313,FALSE,FALSE,TRUE,260,212,53
USW00023062,39.7633,-104.8694,DENVER-STAPLETON                       72469,1611,CO,2024-11-09,0,-1.7,226,152,254,2024,-0.85,11,9,314,FALSE,FALSE,TRUE,260,212,54
USW00023062,39.7633,-104.8694,DENVER-STAPLETON                       72469,1611,CO,2024-11-10,5.6,-1.1,8,0,102,2024,2.25,11,10,315,FALSE,FALSE,TRUE,260,212,55
USW00023062,39.7633,-104.8694,DENVER-STAPLETON                       72469,1611,CO,2024-11-11,18.3,-0.6,0,0,0,2024,8.85,11,11,316,TRUE,FALSE,FALSE,261,212,55
USW00023062,39.7633,-104.8694,DENVER-STAPLETON                       72469,1611,CO,2024-11-12,13.9,-3.3,0,0,0,2024,5.300000000000001,11,12,317,TRUE,FALSE,FALSE,262,212,55
USW00023062,39.7633,-104.8694,DENVER-STAPLETON                       72469,1611,CO,2024-11-13,14.4,-3.3,0,0,0,2024,5.550000000000001,11,13,318,TRUE,FALSE,FALSE,263,212,55
USW00023062,39.7633,-104.8694,DENVER-STAPLETON                       72469,1611,CO,2024-11-14,6.7,-3.3,0,0,0,2024,1.7000000000000002,11,14,319,FALSE,FALSE,FALSE,263,212,55
USW00023062,39.7633,-104.8694,DENVER-STAPLETON                       72469,1611,CO,2024-11-15,15,-3.9,0,0,0,2024,5.55,11,15,320,TRUE,FALSE,FALSE,264,212,55
USW00023062,39.7633,-104.8694,DENVER-STAPLETON                       72469,1611,CO,2024-11-16,14.4,-3.9,0,0,0,2024,5.25,11,16,321,TRUE,FALSE,FALSE,265,212,55
USW00023062,39.7633,-104.8694,DENVER-STAPLETON                       72469,1611,CO,2024-11-17,10,-3.9,0,0,0,2024,3.05,11,17,322,TRUE,FALSE,FALSE,266,212,55
USW00023062,39.7633,-104.8694,DENVER-STAPLETON                       72469,1611,CO,2024-11-18,13.3,-5,0,0,0,2024,4.15,11,18,323,TRUE,FALSE,FALSE,267,212,55
USW00023062,39.7633,-104.8694,DENVER-STAPLETON                       72469,1611,CO,2024-11-19,13.9,-5,0,0,0,2024,4.45,11,19,324,TRUE,FALSE,FALSE,268,212,55
USW00023062,39.7633,-104.8694,DENVER-STAPLETON                       72469,1611,CO,2024-11-20,3.3,-7.8,0,0,0,2024,-2.25,11,20,325,FALSE,FALSE,FALSE,268,212,55
USW00023062,39.7633,-104.8694,DENVER-STAPLETON                       72469,1611,CO,2024-11-21,10,-7.8,0,0,0,2024,1.1,11,21,326,TRUE,FALSE,FALSE,269,212,55
USW00023062,39.7633,-104.8694,DENVER-STAPLETON                       72469,1611,CO,2024-11-22,12.8,-2.2,0,0,0,2024,5.300000000000001,11,22,327,TRUE,FALSE,FALSE,270,212,55
USW00023062,39.7633,-104.8694,DENVER-STAPLETON                       72469,1611,CO,2024-11-23,14.4,0.6,0,0,0,2024,7.5,11,23,328,TRUE,TRUE,FALSE,271,213,55
USW00023062,39.7633,-104.8694,DENVER-STAPLETON                       72469,1611,CO,2024-11-24,20.6,-2.2,0,0,0,2024,9.200000000000001,11,24,329,TRUE,FALSE,FALSE,272,213,55
USW00023062,39.7633,-104.8694,DENVER-STAPLETON                       72469,1611,CO,2024-11-25,17.8,-2.2,0,0,0,2024,7.800000000000001,11,25,330,TRUE,FALSE,FALSE,273,213,55
USW00023062,39.7633,-104.8694,DENVER-STAPLETON                       72469,1611,CO,2024-11-26,9.4,-3.3,0,0,0,2024,3.0500000000000003,11,26,331,FALSE,FALSE,FALSE,273,213,55
USW00023062,39.7633,-104.8694,DENVER-STAPLETON                       72469,1611,CO,2024-11-27,12.2,-3.3,18,3,0,2024,4.449999999999999,11,27,332,TRUE,FALSE,TRUE,274,213,56
USW00023062,39.7633,-104.8694,DENVER-STAPLETON                       72469,1611,CO,2024-11-28,0.6,-7.2,30,20,25,2024,-3.3000000000000003,11,28,333,FALSE,FALSE,TRUE,274,213,57
USW00023062,39.7633,-104.8694,DENVER-STAPLETON                       72469,1611,CO,2024-11-29,2.2,-9.4,0,0,0,2024,-3.6,11,29,334,FALSE,FALSE,FALSE,274,213,57
USW00023062,39.7633,-104.8694,DENVER-STAPLETON                       72469,1611,CO,2024-11-30,11.7,-6.1,0,0,0,2024,2.8,11,30,335,TRUE,FALSE,FALSE,275,213,57
USW00023062,39.7633,-104.8694,DENVER-STAPLETON                       72469,1611,CO,2024-12-01,12.2,-6.1,0,0,0,2024,3.05,12,1,336,TRUE,FALSE,FALSE,276,213,57
USW00023062,39.7633,-104.8694,DENVER-STAPLETON                       72469,1611,CO,2024-12-02,10.6,-6.1,0,0,0,2024,2.25,12,2,337,TRUE,FALSE,FALSE,277,213,57
USW00023062,39.7633,-104.8694,DENVER-STAPLETON                       72469,1611,CO,2024-12-03,12.8,-6.1,0,0,0,2024,3.3500000000000005,12,3,338,TRUE,FALSE,FALSE,278,213,57
USW00023062,39.7633,-104.8694,DENVER-STAPLETON                       72469,1611,CO,2024-12-04,18.9,-3.3,0,0,0,2024,7.799999999999999,12,4,339,TRUE,FALSE,FALSE,279,213,57
USW00023062,39.7633,-104.8694,DENVER-STAPLETON                       72469,1611,CO,2024-12-05,13.9,-4.4,0,0,0,2024,4.75,12,5,340,TRUE,FALSE,FALSE,280,213,57
USW00023062,39.7633,-104.8694,DENVER-STAPLETON                       72469,1611,CO,2024-12-06,11.1,-5,0,0,0,2024,3.05,12,6,341,TRUE,FALSE,FALSE,281,213,57
USW00023062,39.7633,-104.8694,DENVER-STAPLETON                       72469,1611,CO,2024-12-07,15.6,-3.9,0,0,0,2024,5.85,12,7,342,TRUE,FALSE,FALSE,282,213,57
USW00023062,39.7633,-104.8694,DENVER-STAPLETON                       72469,1611,CO,2024-12-08,16.7,-1.7,0,0,0,2024,7.5,12,8,343,TRUE,FALSE,FALSE,283,213,57
USW00023062,39.7633,-104.8694,DENVER-STAPLETON                       72469,1611,CO,2024-12-09,15.6,-4.4,0,0,0,2024,5.6,12,9,344,TRUE,FALSE,FALSE,284,213,57
USW00023062,39.7633,-104.8694,DENVER-STAPLETON                       72469,1611,CO,2024-12-10,1.1,-9.4,10,25,25,2024,-4.15,12,10,345,FALSE,FALSE,TRUE,284,213,58
USW00023062,39.7633,-104.8694,DENVER-STAPLETON                       72469,1611,CO,2024-12-11,2.2,-11.1,0,0,0,2024,-4.449999999999999,12,11,346,FALSE,FALSE,FALSE,284,213,58
USW00023062,39.7633,-104.8694,DENVER-STAPLETON                       72469,1611,CO,2024-12-12,11.1,-6.7,0,0,0,2024,2.1999999999999997,12,12,347,TRUE,FALSE,FALSE,285,213,58
USW00023062,39.7633,-104.8694,DENVER-STAPLETON                       72469,1611,CO,2024-12-13,12.2,-6.7,0,0,0,2024,2.7499999999999996,12,13,348,TRUE,FALSE,FALSE,286,213,58
USW00023062,39.7633,-104.8694,DENVER-STAPLETON                       72469,1611,CO,2024-12-14,11.1,-6.7,0,0,0,2024,2.1999999999999997,12,14,349,TRUE,FALSE,FALSE,287,213,58
USW00023062,39.7633,-104.8694,DENVER-STAPLETON                       72469,1611,CO,2024-12-15,15.6,-3.3,0,0,0,2024,6.15,12,15,350,TRUE,FALSE,FALSE,288,213,58
USW00023062,39.7633,-104.8694,DENVER-STAPLETON                       72469,1611,CO,2024-12-16,12.2,-3.9,0,0,0,2024,4.1499999999999995,12,16,351,TRUE,FALSE,FALSE,289,213,58
USW00023062,39.7633,-104.8694,DENVER-STAPLETON                       72469,1611,CO,2024-12-17,7.8,-4.4,0,0,0,2024,1.6999999999999997,12,17,352,FALSE,FALSE,FALSE,289,213,58
USW00023062,39.7633,-104.8694,DENVER-STAPLETON                       72469,1611,CO,2024-12-18,11.1,-5.6,0,0,0,2024,2.75,12,18,353,TRUE,FALSE,FALSE,290,213,58
USW00023062,39.7633,-104.8694,DENVER-STAPLETON                       72469,1611,CO,2024-12-19,13.3,-4.4,0,0,0,2024,4.45,12,19,354,TRUE,FALSE,FALSE,291,213,58
USW00023062,39.7633,-104.8694,DENVER-STAPLETON                       72469,1611,CO,2024-12-20,15.6,-6.7,0,0,0,2024,4.449999999999999,12,20,355,TRUE,FALSE,FALSE,292,213,58
USW00023062,39.7633,-104.8694,DENVER-STAPLETON                       72469,1611,CO,2024-12-21,19.4,-7.8,0,0,0,2024,5.799999999999999,12,21,356,TRUE,FALSE,FALSE,293,213,58
USW00023062,39.7633,-104.8694,DENVER-STAPLETON                       72469,1611,CO,2024-12-22,18.3,-4.4,0,0,0,2024,6.95,12,22,357,TRUE,FALSE,FALSE,294,213,58
USW00023062,39.7633,-104.8694,DENVER-STAPLETON                       72469,1611,CO,2024-12-23,15,2.2,0,0,0,2024,8.6,12,23,358,TRUE,TRUE,FALSE,295,214,58
USW00023062,39.7633,-104.8694,DENVER-STAPLETON                       72469,1611,CO,2024-12-24,8.3,-3.3,0,0,0,2024,2.5000000000000004,12,24,359,FALSE,FALSE,FALSE,295,214,58
USW00023062,39.7633,-104.8694,DENVER-STAPLETON                       72469,1611,CO,2024-12-25,12.2,-2.2,0,0,0,2024,5,12,25,360,TRUE,FALSE,FALSE,296,214,58
USW00023062,39.7633,-104.8694,DENVER-STAPLETON                       72469,1611,CO,2024-12-26,8.9,-3.9,0,0,0,2024,2.5,12,26,361,FALSE,FALSE,FALSE,296,214,58
USW00023062,39.7633,-104.8694,DENVER-STAPLETON                       72469,1611,CO,2024-12-27,7.8,-3.9,0,0,0,2024,1.95,12,27,362,FALSE,FALSE,FALSE,296,214,58
USW00023062,39.7633,-104.8694,DENVER-STAPLETON                       72469,1611,CO,2024-12-28,10,-3.3,0,0,0,2024,3.35,12,28,363,TRUE,FALSE,FALSE,297,214,58
USW00023062,39.7633,-104.8694,DENVER-STAPLETON                       72469,1611,CO,2024-12-29,10,-2.2,0,0,0,2024,3.9,12,29,364,TRUE,FALSE,FALSE,298,214,58
USW00023062,39.7633,-104.8694,DENVER-STAPLETON                       72469,1611,CO,2024-12-30,14.4,-2.8,0,0,0,2024,5.800000000000001,12,30,365,TRUE,FALSE,FALSE,299,214,58
USW00023062,39.7633,-104.8694,DENVER-STAPLETON                       72469,1611,CO,2024-12-31,7.2,-8.9,0,0,0,2024,-0.8500000000000001,12,31,366,FALSE,FALSE,FALSE,299,214,58
USW00023062,39.7633,-104.8694,DENVER-STAPLETON                       72469,1611,CO,2025-01-01,1.7,-9.4,0,0,0,2025,-3.85,1,1,1,FALSE,FALSE,FALSE,0,0,0
USW00023062,39.7633,-104.8694,DENVER-STAPLETON                       72469,1611,CO,2025-01-02,6.1,-7.8,0,0,0,2025,-0.8500000000000001,1,2,2,FALSE,FALSE,FALSE,0,0,0
USW00023062,39.7633,-104.8694,DENVER-STAPLETON                       72469,1611,CO,2025-01-03,10.6,-7.2,0,0,0,2025,1.6999999999999997,1,3,3,TRUE,FALSE,FALSE,1,0,0
USW00023062,39.7633,-104.8694,DENVER-STAPLETON                       72469,1611,CO,2025-01-04,6.7,-7.2,3,0,0,2025,-0.25,1,4,4,FALSE,FALSE,TRUE,1,0,1
USW00023062,39.7633,-104.8694,DENVER-STAPLETON                       72469,1611,CO,2025-01-05,-5,-10,5,0,0,2025,-7.5,1,5,5,FALSE,FALSE,TRUE,1,0,2
USW00023062,39.7633,-104.8694,DENVER-STAPLETON                       72469,1611,CO,2025-01-06,-1.1,-10.6,0,0,0,2025,-5.85,1,6,6,FALSE,FALSE,FALSE,1,0,2
USW00023062,39.7633,-104.8694,DENVER-STAPLETON                       72469,1611,CO,2025-01-07,3.9,-10,15,25,25,2025,-3.05,1,7,7,FALSE,FALSE,TRUE,1,0,3
USW00023062,39.7633,-104.8694,DENVER-STAPLETON                       72469,1611,CO,2025-01-08,-3.3,-13.3,10,38,76,2025,-8.3,1,8,8,FALSE,FALSE,TRUE,1,0,4
USW00023062,39.7633,-104.8694,DENVER-STAPLETON                       72469,1611,CO,2025-01-09,7.8,-12.8,0,0,25,2025,-2.5000000000000004,1,9,9,FALSE,FALSE,FALSE,1,0,4
USW00023062,39.7633,-104.8694,DENVER-STAPLETON                       72469,1611,CO,2025-01-10,-1.1,-11.1,0,0,25,2025,-6.1,1,10,10,FALSE,FALSE,FALSE,1,0,4
USW00023062,39.7633,-104.8694,DENVER-STAPLETON                       72469,1611,CO,2025-01-11,6.7,-11.1,0,0,25,2025,-2.1999999999999997,1,11,11,FALSE,FALSE,FALSE,1,0,4
USW00023062,39.7633,-104.8694,DENVER-STAPLETON                       72469,1611,CO,2025-01-12,6.7,-9.4,0,0,25,2025,-1.35,1,12,12,FALSE,FALSE,FALSE,1,0,4
USW00023062,39.7633,-104.8694,DENVER-STAPLETON                       72469,1611,CO,2025-01-13,3.3,-10,0,0,0,2025,-3.35,1,13,13,FALSE,FALSE,FALSE,1,0,4
USW00023062,39.7633,-104.8694,DENVER-STAPLETON                       72469,1611,CO,2025-01-14,3.9,-11.1,0,0,0,2025,-3.5999999999999996,1,14,14,FALSE,FALSE,FALSE,1,0,4
USW00023062,39.7633,-104.8694,DENVER-STAPLETON                       72469,1611,CO,2025-01-15,3.3,-9.4,0,0,0,2025,-3.0500000000000003,1,15,15,FALSE,FALSE,FALSE,1,0,4
USW00023062,39.7633,-104.8694,DENVER-STAPLETON                       72469,1611,CO,2025-01-16,10,-7.8,0,0,0,2025,1.1,1,16,16,TRUE,FALSE,FALSE,2,0,4
USW00023062,39.7633,-104.8694,DENVER-STAPLETON                       72469,1611,CO,2025-01-17,17.2,-8.3,0,0,0,2025,4.449999999999999,1,17,17,TRUE,FALSE,FALSE,3,0,4
USW00023062,39.7633,-104.8694,DENVER-STAPLETON                       72469,1611,CO,2025-01-18,10,-11.7,23,91,102,2025,-0.8499999999999996,1,18,18,TRUE,FALSE,TRUE,4,0,5
USW00023062,39.7633,-104.8694,DENVER-STAPLETON                       72469,1611,CO,2025-01-19,-11.1,-22.8,3,10,102,2025,-16.95,1,19,19,FALSE,FALSE,TRUE,4,0,6
USW00023062,39.7633,-104.8694,DENVER-STAPLETON                       72469,1611,CO,2025-01-20,-9.4,-20.6,10,25,102,2025,-15,1,20,20,FALSE,FALSE,TRUE,4,0,7
USW00023062,39.7633,-104.8694,DENVER-STAPLETON                       72469,1611,CO,2025-01-21,-12.2,-20,0,0,76,2025,-16.1,1,21,21,FALSE,FALSE,FALSE,4,0,7
USW00023062,39.7633,-104.8694,DENVER-STAPLETON                       72469,1611,CO,2025-01-22,6.1,-12.2,0,0,25,2025,-3.05,1,22,22,FALSE,FALSE,FALSE,4,0,7
USW00023062,39.7633,-104.8694,DENVER-STAPLETON                       72469,1611,CO,2025-01-23,-2.2,-15,0,0,25,2025,-8.6,1,23,23,FALSE,FALSE,FALSE,4,0,7
USW00023062,39.7633,-104.8694,DENVER-STAPLETON                       72469,1611,CO,2025-01-24,-0.6,-14.4,0,0,25,2025,-7.5,1,24,24,FALSE,FALSE,FALSE,4,0,7
USW00023062,39.7633,-104.8694,DENVER-STAPLETON                       72469,1611,CO,2025-01-25,8.9,-7.8,18,56,51,2025,0.5500000000000003,1,25,25,FALSE,FALSE,TRUE,4,0,8
USW00023062,39.7633,-104.8694,DENVER-STAPLETON                       72469,1611,CO,2025-01-26,-7.2,-10,5,15,76,2025,-8.6,1,26,26,FALSE,FALSE,TRUE,4,0,9
USW00023062,39.7633,-104.8694,DENVER-STAPLETON                       72469,1611,CO,2025-01-27,-3.3,-13.9,0,0,51,2025,-8.6,1,27,27,FALSE,FALSE,FALSE,4,0,9
USW00023062,39.7633,-104.8694,DENVER-STAPLETON                       72469,1611,CO,2025-01-28,10.6,-13.9,0,0,25,2025,-1.6500000000000004,1,28,28,TRUE,FALSE,FALSE,5,0,9
USW00023062,39.7633,-104.8694,DENVER-STAPLETON                       72469,1611,CO,2025-01-29,8.3,-7.2,0,0,25,2025,0.5500000000000003,1,29,29,FALSE,FALSE,FALSE,5,0,9
USW00023062,39.7633,-104.8694,DENVER-STAPLETON                       72469,1611,CO,2025-01-30,8.9,-6.7,0,3,25,2025,1.1,1,30,30,FALSE,FALSE,FALSE,5,0,9
USW00023062,39.7633,-104.8694,DENVER-STAPLETON                       72469,1611,CO,2025-01-31,7.2,-3.9,0,0,25,2025,1.6500000000000001,1,31,31,FALSE,FALSE,FALSE,5,0,9
USW00023062,39.7633,-104.8694,DENVER-STAPLETON                       72469,1611,CO,2025-02-01,16.1,-2.2,0,0,0,2025,6.950000000000001,2,1,32,TRUE,FALSE,FALSE,6,0,9
USW00023062,39.7633,-104.8694,DENVER-STAPLETON                       72469,1611,CO,2025-02-02,12.8,-2.8,0,0,0,2025,5,2,2,33,TRUE,FALSE,FALSE,7,0,9
USW00023062,39.7633,-104.8694,DENVER-STAPLETON                       72469,1611,CO,2025-02-03,20.6,-2.2,0,0,0,2025,9.200000000000001,2,3,34,TRUE,FALSE,FALSE,8,0,9
USW00023062,39.7633,-104.8694,DENVER-STAPLETON                       72469,1611,CO,2025-02-04,20.6,-7.2,0,0,0,2025,6.700000000000001,2,4,35,TRUE,FALSE,FALSE,9,0,9
USW00023062,39.7633,-104.8694,DENVER-STAPLETON                       72469,1611,CO,2025-02-05,3.9,-8.3,0,0,0,2025,-2.2,2,5,36,FALSE,FALSE,FALSE,9,0,9
USW00023062,39.7633,-104.8694,DENVER-STAPLETON                       72469,1611,CO,2025-02-06,17.2,-6.7,0,0,0,2025,5.25,2,6,37,TRUE,FALSE,FALSE,10,0,9
USW00023062,39.7633,-104.8694,DENVER-STAPLETON                       72469,1611,CO,2025-02-07,9.4,-7.2,0,0,0,2025,1.1,2,7,38,FALSE,FALSE,FALSE,10,0,9
USW00023062,39.7633,-104.8694,DENVER-STAPLETON                       72469,1611,CO,2025-02-08,17.8,-6.7,0,3,0,2025,5.550000000000001,2,8,39,TRUE,FALSE,FALSE,11,0,9
USW00023062,39.7633,-104.8694,DENVER-STAPLETON                       72469,1611,CO,2025-02-09,5.6,-8.3,0,0,0,2025,-1.3500000000000005,2,9,40,FALSE,FALSE,FALSE,11,0,9
USW00023062,39.7633,-104.8694,DENVER-STAPLETON                       72469,1611,CO,2025-02-10,3.9,-10,0,0,0,2025,-3.05,2,10,41,FALSE,FALSE,FALSE,11,0,9
USW00023062,39.7633,-104.8694,DENVER-STAPLETON                       72469,1611,CO,2025-02-11,1.1,-13.9,3,3,0,2025,-6.4,2,11,42,FALSE,FALSE,TRUE,11,0,10
USW00023062,39.7633,-104.8694,DENVER-STAPLETON                       72469,1611,CO,2025-02-12,-10.6,-17.2,8,18,25,2025,-13.899999999999999,2,12,43,FALSE,FALSE,TRUE,11,0,11
USW00023062,39.7633,-104.8694,DENVER-STAPLETON                       72469,1611,CO,2025-02-13,-12.2,-18.9,0,0,0,2025,-15.549999999999999,2,13,44,FALSE,FALSE,FALSE,11,0,11
USW00023062,39.7633,-104.8694,DENVER-STAPLETON                       72469,1611,CO,2025-02-14,6.7,-18.3,0,0,0,2025,-5.800000000000001,2,14,45,FALSE,FALSE,FALSE,11,0,11
USW00023062,39.7633,-104.8694,DENVER-STAPLETON                       72469,1611,CO,2025-02-15,13.3,-7.2,3,0,0,2025,3.0500000000000003,2,15,46,TRUE,FALSE,TRUE,12,0,12
USW00023062,39.7633,-104.8694,DENVER-STAPLETON                       72469,1611,CO,2025-02-16,0,-16.1,15,36,25,2025,-8.05,2,16,47,FALSE,FALSE,TRUE,12,0,13
USW00023062,39.7633,-104.8694,DENVER-STAPLETON                       72469,1611,CO,2025-02-17,-1.1,-15.6,0,0,0,2025,-8.35,2,17,48,FALSE,FALSE,FALSE,12,0,13
USW00023062,39.7633,-104.8694,DENVER-STAPLETON                       72469,1611,CO,2025-02-18,-3.3,-15,10,23,25,2025,-9.15,2,18,49,FALSE,FALSE,TRUE,12,0,14
USW00023062,39.7633,-104.8694,DENVER-STAPLETON                       72469,1611,CO,2025-02-19,-10.6,-18.3,3,0,25,2025,-14.45,2,19,50,FALSE,FALSE,TRUE,12,0,15
USW00023062,39.7633,-104.8694,DENVER-STAPLETON                       72469,1611,CO,2025-02-20,-4.4,-17.8,0,0,25,2025,-11.100000000000001,2,20,51,FALSE,FALSE,FALSE,12,0,15
USW00023062,39.7633,-104.8694,DENVER-STAPLETON                       72469,1611,CO,2025-02-21,-3.3,-14.4,58,102,102,2025,-8.85,2,21,52,FALSE,FALSE,TRUE,12,0,16
USW00023062,39.7633,-104.8694,DENVER-STAPLETON                       72469,1611,CO,2025-02-22,5.6,-6.7,0,0,51,2025,-0.5500000000000003,2,22,53,FALSE,FALSE,FALSE,12,0,16
USW00023062,39.7633,-104.8694,DENVER-STAPLETON                       72469,1611,CO,2025-02-23,13.9,-5.6,0,0,25,2025,4.15,2,23,54,TRUE,FALSE,FALSE,13,0,16
USW00023062,39.7633,-104.8694,DENVER-STAPLETON                       72469,1611,CO,2025-02-24,18.3,1.1,0,0,0,2025,9.700000000000001,2,24,55,TRUE,TRUE,FALSE,14,1,16
USW00023062,39.7633,-104.8694,DENVER-STAPLETON                       72469,1611,CO,2025-02-25,18.9,5,0,0,0,2025,11.95,2,25,56,TRUE,TRUE,FALSE,15,2,16
USW00023062,39.7633,-104.8694,DENVER-STAPLETON                       72469,1611,CO,2025-02-26,19.4,-3.9,0,0,0,2025,7.749999999999999,2,26,57,TRUE,FALSE,FALSE,16,2,16
USW00023062,39.7633,-104.8694,DENVER-STAPLETON                       72469,1611,CO,2025-02-27,8.3,-3.9,0,0,0,2025,2.2,2,27,58,FALSE,FALSE,FALSE,16,2,16
USW00023062,39.7633,-104.8694,DENVER-STAPLETON                       72469,1611,CO,2025-02-28,17.2,-3.3,0,0,0,2025,6.949999999999999,2,28,59,TRUE,FALSE,FALSE,17,2,16
USW00023062,39.7633,-104.8694,DENVER-STAPLETON                       72469,1611,CO,2025-03-01,17.2,-3.9,0,0,0,2025,6.6499999999999995,3,1,60,TRUE,FALSE,FALSE,18,2,16
USW00023062,39.7633,-104.8694,DENVER-STAPLETON                       72469,1611,CO,2025-03-02,18.3,-1.7,0,0,0,2025,8.3,3,2,61,TRUE,FALSE,FALSE,19,2,16
USW00023062,39.7633,-104.8694,DENVER-STAPLETON                       72469,1611,CO,2025-03-03,18.3,-0.6,0,0,0,2025,8.85,3,3,62,TRUE,FALSE,FALSE,20,2,16
USW00023062,39.7633,-104.8694,DENVER-STAPLETON                       72469,1611,CO,2025-03-04,17.2,1.1,28,0,0,2025,9.15,3,4,63,TRUE,TRUE,TRUE,21,3,17
USW00023062,39.7633,-104.8694,DENVER-STAPLETON                       72469,1611,CO,2025-03-05,7.2,-5.6,0,0,0,2025,0.8000000000000003,3,5,64,FALSE,FALSE,FALSE,21,3,17
USW00023062,39.7633,-104.8694,DENVER-STAPLETON                       72469,1611,CO,2025-03-06,11.1,-3.9,0,0,0,2025,3.5999999999999996,3,6,65,TRUE,FALSE,FALSE,22,3,17
USW00023062,39.7633,-104.8694,DENVER-STAPLETON                       72469,1611,CO,2025-03-07,10,-3.3,0,0,0,2025,3.35,3,7,66,TRUE,FALSE,FALSE,23,3,17
USW00023062,39.7633,-104.8694,DENVER-STAPLETON                       72469,1611,CO,2025-03-08,-0.6,-7.2,0,0,0,2025,-3.9,3,8,67,FALSE,FALSE,FALSE,23,3,17
USW00023062,39.7633,-104.8694,DENVER-STAPLETON                       72469,1611,CO,2025-03-09,10,-6.1,0,0,0,2025,1.9500000000000002,3,9,68,TRUE,FALSE,FALSE,24,3,17
USW00023062,39.7633,-104.8694,DENVER-STAPLETON                       72469,1611,CO,2025-03-10,20,1.1,0,0,0,2025,10.55,3,10,69,TRUE,TRUE,FALSE,25,4,17
USW00023062,39.7633,-104.8694,DENVER-STAPLETON                       72469,1611,CO,2025-03-11,21.1,1.7,0,0,0,2025,11.4,3,11,70,TRUE,TRUE,FALSE,26,5,17
USW00023062,39.7633,-104.8694,DENVER-STAPLETON                       72469,1611,CO,2025-03-12,19.4,2.2,0,0,0,2025,10.799999999999999,3,12,71,TRUE,TRUE,FALSE,27,6,17
USW00023062,39.7633,-104.8694,DENVER-STAPLETON                       72469,1611,CO,2025-03-13,17.8,0,0,0,0,2025,8.9,3,13,72,TRUE,FALSE,FALSE,28,6,17
USW00023062,39.7633,-104.8694,DENVER-STAPLETON                       72469,1611,CO,2025-03-14,18.9,2.8,0,0,0,2025,10.85,3,14,73,TRUE,TRUE,FALSE,29,7,17
USW00023062,39.7633,-104.8694,DENVER-STAPLETON                       72469,1611,CO,2025-03-15,11.1,-3.9,0,0,0,2025,3.5999999999999996,3,15,74,TRUE,FALSE,FALSE,30,7,17
USW00023062,39.7633,-104.8694,DENVER-STAPLETON                       72469,1611,CO,2025-03-16,7.8,-1.7,0,0,0,2025,3.05,3,16,75,FALSE,FALSE,FALSE,30,7,17
USW00023062,39.7633,-104.8694,DENVER-STAPLETON                       72469,1611,CO,2025-03-17,16.7,3.3,0,0,0,2025,10,3,17,76,TRUE,TRUE,FALSE,31,8,17
USW00023062,39.7633,-104.8694,DENVER-STAPLETON                       72469,1611,CO,2025-03-18,22.2,7.8,0,0,0,2025,15,3,18,77,TRUE,TRUE,FALSE,32,9,17
USW00023062,39.7633,-104.8694,DENVER-STAPLETON                       72469,1611,CO,2025-03-19,17.8,-2.8,8,0,0,2025,7.5,3,19,78,TRUE,FALSE,TRUE,33,9,18
USW00023062,39.7633,-104.8694,DENVER-STAPLETON                       72469,1611,CO,2025-03-20,6.1,-3.3,0,0,0,2025,1.4,3,20,79,FALSE,FALSE,FALSE,33,9,18
USW00023062,39.7633,-104.8694,DENVER-STAPLETON                       72469,1611,CO,2025-03-21,13.9,-2.2,0,0,0,2025,5.85,3,21,80,TRUE,FALSE,FALSE,34,9,18
USW00023062,39.7633,-104.8694,DENVER-STAPLETON                       72469,1611,CO,2025-03-22,13.3,0,0,0,0,2025,6.65,3,22,81,TRUE,FALSE,FALSE,35,9,18
USW00023062,39.7633,-104.8694,DENVER-STAPLETON                       72469,1611,CO,2025-03-23,16.7,-2.8,0,0,0,2025,6.949999999999999,3,23,82,TRUE,FALSE,FALSE,36,9,18
USW00023062,39.7633,-104.8694,DENVER-STAPLETON                       72469,1611,CO,2025-03-24,16.1,0,0,0,0,2025,8.05,3,24,83,TRUE,FALSE,FALSE,37,9,18
USW00023062,39.7633,-104.8694,DENVER-STAPLETON                       72469,1611,CO,2025-03-25,20.6,4.4,0,0,0,2025,12.5,3,25,84,TRUE,TRUE,FALSE,38,10,18
USW00023062,39.7633,-104.8694,DENVER-STAPLETON                       72469,1611,CO,2025-03-26,20,1.7,0,0,0,2025,10.85,3,26,85,TRUE,TRUE,FALSE,39,11,18
USW00023062,39.7633,-104.8694,DENVER-STAPLETON                       72469,1611,CO,2025-03-27,23.3,1.7,0,0,0,2025,12.5,3,27,86,TRUE,TRUE,FALSE,40,12,18
USW00023062,39.7633,-104.8694,DENVER-STAPLETON                       72469,1611,CO,2025-03-28,23.9,6.7,130,0,0,2025,15.299999999999999,3,28,87,TRUE,TRUE,TRUE,41,13,19
USW00023062,39.7633,-104.8694,DENVER-STAPLETON                       72469,1611,CO,2025-03-29,23.9,5,163,0,0,2025,14.45,3,29,88,TRUE,TRUE,TRUE,42,14,20
USW00023062,39.7633,-104.8694,DENVER-STAPLETON                       72469,1611,CO,2025-03-30,14.4,-0.6,0,0,0,2025,6.9,3,30,89,TRUE,FALSE,FALSE,43,14,20
USW00023062,39.7633,-104.8694,DENVER-STAPLETON                       72469,1611,CO,2025-03-31,9.4,-0.6,0,0,0,2025,4.4,3,31,90,FALSE,FALSE,FALSE,43,14,20
USW00023062,39.7633,-104.8694,DENVER-STAPLETON                       72469,1611,CO,2025-04-01,13.9,-0.6,0,0,0,2025,6.65,4,1,91,TRUE,FALSE,FALSE,44,14,20
USW00023062,39.7633,-104.8694,DENVER-STAPLETON                       72469,1611,CO,2025-04-02,9.4,-1.1,43,15,25,2025,4.15,4,2,92,FALSE,FALSE,TRUE,44,14,21
USW00023062,39.7633,-104.8694,DENVER-STAPLETON                       72469,1611,CO,2025-04-03,8.9,-3.3,0,0,0,2025,2.8000000000000003,4,3,93,FALSE,FALSE,FALSE,44,14,21
USW00023062,39.7633,-104.8694,DENVER-STAPLETON                       72469,1611,CO,2025-04-04,3.9,-2.8,46,18,25,2025,0.55,4,4,94,FALSE,FALSE,TRUE,44,14,22
USW00023062,39.7633,-104.8694,DENVER-STAPLETON                       72469,1611,CO,2025-04-05,2.8,-3.9,13,10,0,2025,-0.55,4,5,95,FALSE,FALSE,TRUE,44,14,23
USW00023062,39.7633,-104.8694,DENVER-STAPLETON                       72469,1611,CO,2025-04-06,4.4,-3.9,0,0,0,2025,0.2500000000000002,4,6,96,FALSE,FALSE,FALSE,44,14,23
USW00023062,39.7633,-104.8694,DENVER-STAPLETON                       72469,1611,CO,2025-04-07,13.9,-2.2,0,0,0,2025,5.85,4,7,97,TRUE,FALSE,FALSE,45,14,23
USW00023062,39.7633,-104.8694,DENVER-STAPLETON                       72469,1611,CO,2025-04-08,18.3,0.6,0,0,0,2025,9.450000000000001,4,8,98,TRUE,TRUE,FALSE,46,15,23
USW00023062,39.7633,-104.8694,DENVER-STAPLETON                       72469,1611,CO,2025-04-09,22.2,6.7,0,0,0,2025,14.45,4,9,99,TRUE,TRUE,FALSE,47,16,23
USW00023062,39.7633,-104.8694,DENVER-STAPLETON                       72469,1611,CO,2025-04-10,21.7,1.1,0,0,0,2025,11.4,4,10,100,TRUE,TRUE,FALSE,48,17,23
USW00023062,39.7633,-104.8694,DENVER-STAPLETON                       72469,1611,CO,2025-04-11,20,1.7,0,0,0,2025,10.85,4,11,101,TRUE,TRUE,FALSE,49,18,23
USW00023062,39.7633,-104.8694,DENVER-STAPLETON                       72469,1611,CO,2025-04-12,26.7,4.4,0,0,0,2025,15.55,4,12,102,TRUE,TRUE,FALSE,50,19,23
USW00023062,39.7633,-104.8694,DENVER-STAPLETON                       72469,1611,CO,2025-04-13,28.9,10,0,0,0,2025,19.45,4,13,103,TRUE,TRUE,FALSE,51,20,23
USW00023062,39.7633,-104.8694,DENVER-STAPLETON                       72469,1611,CO,2025-04-14,18.9,-0.6,18,0,0,2025,9.149999999999999,4,14,104,TRUE,FALSE,TRUE,52,20,24
USW00023062,39.7633,-104.8694,DENVER-STAPLETON                       72469,1611,CO,2025-04-15,12.8,-0.6,0,0,0,2025,6.1000000000000005,4,15,105,TRUE,FALSE,FALSE,53,20,24
USW00023062,39.7633,-104.8694,DENVER-STAPLETON                       72469,1611,CO,2025-04-16,21.1,1.1,0,0,0,2025,11.100000000000001,4,16,106,TRUE,TRUE,FALSE,54,21,24
USW00023062,39.7633,-104.8694,DENVER-STAPLETON                       72469,1611,CO,2025-04-17,23.9,5.6,0,0,0,2025,14.75,4,17,107,TRUE,TRUE,FALSE,55,22,24
USW00023062,39.7633,-104.8694,DENVER-STAPLETON                       72469,1611,CO,2025-04-18,23.3,-2.2,0,0,0,2025,10.55,4,18,108,TRUE,FALSE,FALSE,56,22,24
USW00023062,39.7633,-104.8694,DENVER-STAPLETON                       72469,1611,CO,2025-04-19,1.1,-3.3,43,28,25,2025,-1.0999999999999999,4,19,109,FALSE,FALSE,TRUE,56,22,25
USW00023062,39.7633,-104.8694,DENVER-STAPLETON                       72469,1611,CO,2025-04-20,8.3,-2.8,0,0,0,2025,2.7500000000000004,4,20,110,FALSE,FALSE,FALSE,56,22,25
USW00023062,39.7633,-104.8694,DENVER-STAPLETON                       72469,1611,CO,2025-04-21,16.7,0.6,0,0,0,2025,8.65,4,21,111,TRUE,TRUE,FALSE,57,23,25
USW00023062,39.7633,-104.8694,DENVER-STAPLETON                       72469,1611,CO,2025-04-22,22.2,2.8,0,0,0,2025,12.5,4,22,112,TRUE,TRUE,FALSE,58,24,25
USW00023062,39.7633,-104.8694,DENVER-STAPLETON                       72469,1611,CO,2025-04-23,22.8,4.4,0,0,0,2025,13.600000000000001,4,23,113,TRUE,TRUE,FALSE,59,25,25
USW00023062,39.7633,-104.8694,DENVER-STAPLETON                       72469,1611,CO,2025-04-24,16.7,5,0,0,0,2025,10.85,4,24,114,TRUE,TRUE,FALSE,60,26,25
USW00023062,39.7633,-104.8694,DENVER-STAPLETON                       72469,1611,CO,2025-04-25,20,4.4,5,0,0,2025,12.2,4,25,115,TRUE,TRUE,TRUE,61,27,26
USW00023062,39.7633,-104.8694,DENVER-STAPLETON                       72469,1611,CO,2025-04-26,8.9,3.9,0,0,0,2025,6.4,4,26,116,FALSE,TRUE,FALSE,61,28,26
USW00023062,39.7633,-104.8694,DENVER-STAPLETON                       72469,1611,CO,2025-04-27,22.8,5,0,0,0,2025,13.9,4,27,117,TRUE,TRUE,FALSE,62,29,26
USW00023062,39.7633,-104.8694,DENVER-STAPLETON                       72469,1611,CO,2025-04-28,27.2,8.3,0,0,0,2025,17.75,4,28,118,TRUE,TRUE,FALSE,63,30,26
USW00023062,39.7633,-104.8694,DENVER-STAPLETON                       72469,1611,CO,2025-04-29,18.3,1.1,0,0,0,2025,9.700000000000001,4,29,119,TRUE,TRUE,FALSE,64,31,26
USW00023062,39.7633,-104.8694,DENVER-STAPLETON                       72469,1611,CO,2025-04-30,NA,NA,NA,NA,NA,2025,NA,4,30,120,NA,NA,NA,NA,NA,NA
USW00023062,39.7633,-104.8694,DENVER-STAPLETON                       72469,1611,CO,2025-05-01,15.6,5.6,18,0,0,2025,10.6,5,1,121,TRUE,TRUE,TRUE,NA,NA,NA
USW00023062,39.7633,-104.8694,DENVER-STAPLETON                       72469,1611,CO,2025-05-02,17.8,3.3,0,0,0,2025,10.55,5,2,122,TRUE,TRUE,FALSE,NA,NA,NA
USW00023062,39.7633,-104.8694,DENVER-STAPLETON                       72469,1611,CO,2025-05-03,25,5,0,0,0,2025,15,5,3,123,TRUE,TRUE,FALSE,NA,NA,NA
USW00023062,39.7633,-104.8694,DENVER-STAPLETON                       72469,1611,CO,2025-05-04,25,8.3,0,0,0,2025,16.65,5,4,124,TRUE,TRUE,FALSE,NA,NA,NA
USW00023062,39.7633,-104.8694,DENVER-STAPLETON                       72469,1611,CO,2025-05-05,18.9,9.4,0,0,0,2025,14.149999999999999,5,5,125,TRUE,TRUE,FALSE,NA,NA,NA
USW00023062,39.7633,-104.8694,DENVER-STAPLETON                       72469,1611,CO,2025-05-06,10.6,5.6,160,0,0,2025,8.1,5,6,126,TRUE,TRUE,TRUE,NA,NA,NA
USW00023062,39.7633,-104.8694,DENVER-STAPLETON                       72469,1611,CO,2025-05-07,13.3,6.1,97,0,0,2025,9.7,5,7,127,TRUE,TRUE,TRUE,NA,NA,NA
USW00023062,39.7633,-104.8694,DENVER-STAPLETON                       72469,1611,CO,2025-05-08,20.6,4.4,0,0,0,2025,12.5,5,8,128,TRUE,TRUE,FALSE,NA,NA,NA
USW00023062,39.7633,-104.8694,DENVER-STAPLETON                       72469,1611,CO,2025-05-09,22.2,6.7,0,0,0,2025,14.45,5,9,129,TRUE,TRUE,FALSE,NA,NA,NA
USW00023062,39.7633,-104.8694,DENVER-STAPLETON                       72469,1611,CO,2025-05-10,25,9.4,0,0,0,2025,17.2,5,10,130,TRUE,TRUE,FALSE,NA,NA,NA
USW00023062,39.7633,-104.8694,DENVER-STAPLETON                       72469,1611,CO,2025-05-11,27.8,10,3,0,0,2025,18.9,5,11,131,TRUE,TRUE,TRUE,NA,NA,NA
USW00023062,39.7633,-104.8694,DENVER-STAPLETON                       72469,1611,CO,2025-05-12,29.4,11.7,0,0,0,2025,20.549999999999997,5,12,132,TRUE,TRUE,FALSE,NA,NA,NA
USW00023062,39.7633,-104.8694,DENVER-STAPLETON                       72469,1611,CO,2025-05-13,28.9,11.1,0,0,0,2025,20,5,13,133,TRUE,TRUE,FALSE,NA,NA,NA
USW00023062,39.7633,-104.8694,DENVER-STAPLETON                       72469,1611,CO,2025-05-14,21.1,6.1,33,0,0,2025,13.600000000000001,5,14,134,TRUE,TRUE,TRUE,NA,NA,NA
USW00023062,39.7633,-104.8694,DENVER-STAPLETON                       72469,1611,CO,2025-05-15,20,5,0,0,0,2025,12.5,5,15,135,TRUE,TRUE,FALSE,NA,NA,NA
USW00023062,39.7633,-104.8694,DENVER-STAPLETON                       72469,1611,CO,2025-05-16,21.7,7.8,0,0,0,2025,14.75,5,16,136,TRUE,TRUE,FALSE,NA,NA,NA
USW00023062,39.7633,-104.8694,DENVER-STAPLETON                       72469,1611,CO,2025-05-17,22.2,10,0,0,0,2025,16.1,5,17,137,TRUE,TRUE,FALSE,NA,NA,NA
USW00023062,39.7633,-104.8694,DENVER-STAPLETON                       72469,1611,CO,2025-05-18,20.6,7.8,0,0,0,2025,14.200000000000001,5,18,138,TRUE,TRUE,FALSE,NA,NA,NA
USW00023062,39.7633,-104.8694,DENVER-STAPLETON                       72469,1611,CO,2025-05-19,16.7,8.3,0,0,0,2025,12.5,5,19,139,TRUE,TRUE,FALSE,NA,NA,NA
USW00023062,39.7633,-104.8694,DENVER-STAPLETON                       72469,1611,CO,2025-05-20,21.7,4.4,0,0,0,2025,13.05,5,20,140,TRUE,TRUE,FALSE,NA,NA,NA
USW00023062,39.7633,-104.8694,DENVER-STAPLETON                       72469,1611,CO,2025-05-21,23.3,6.1,0,0,0,2025,14.7,5,21,141,TRUE,TRUE,FALSE,NA,NA,NA
USW00023062,39.7633,-104.8694,DENVER-STAPLETON                       72469,1611,CO,2025-05-22,25.6,5.6,0,0,0,2025,15.600000000000001,5,22,142,TRUE,TRUE,FALSE,NA,NA,NA
USW00023062,39.7633,-104.8694,DENVER-STAPLETON                       72469,1611,CO,2025-05-23,28.9,11.1,0,0,0,2025,20,5,23,143,TRUE,TRUE,FALSE,NA,NA,NA
USW00023062,39.7633,-104.8694,DENVER-STAPLETON                       72469,1611,CO,2025-05-24,20,10.6,102,0,0,2025,15.3,5,24,144,TRUE,TRUE,TRUE,NA,NA,NA
USW00023062,39.7633,-104.8694,DENVER-STAPLETON                       72469,1611,CO,2025-05-25,15.6,9.4,295,0,0,2025,12.5,5,25,145,TRUE,TRUE,TRUE,NA,NA,NA
USW00023062,39.7633,-104.8694,DENVER-STAPLETON                       72469,1611,CO,2025-05-26,16.7,8.3,20,0,0,2025,12.5,5,26,146,TRUE,TRUE,TRUE,NA,NA,NA
USW00023062,39.7633,-104.8694,DENVER-STAPLETON                       72469,1611,CO,2025-05-27,23.3,5.6,0,0,0,2025,14.45,5,27,147,TRUE,TRUE,FALSE,NA,NA,NA
USW00023062,39.7633,-104.8694,DENVER-STAPLETON                       72469,1611,CO,2025-05-28,20.6,10,71,0,0,2025,15.3,5,28,148,TRUE,TRUE,TRUE,NA,NA,NA
USW00023062,39.7633,-104.8694,DENVER-STAPLETON                       72469,1611,CO,2025-05-29,19.4,9.4,23,0,0,2025,14.399999999999999,5,29,149,TRUE,TRUE,TRUE,NA,NA,NA
USW00023062,39.7633,-104.8694,DENVER-STAPLETON                       72469,1611,CO,2025-05-30,27.2,8.9,0,0,0,2025,18.05,5,30,150,TRUE,TRUE,FALSE,NA,NA,NA
USW00023062,39.7633,-104.8694,DENVER-STAPLETON                       72469,1611,CO,2025-05-31,25.6,10.6,0,0,0,2025,18.1,5,31,151,TRUE,TRUE,FALSE,NA,NA,NA
USW00023062,39.7633,-104.8694,DENVER-STAPLETON                       72469,1611,CO,2025-06-01,30,14.4,3,0,0,2025,22.2,6,1,152,TRUE,TRUE,TRUE,NA,NA,NA
USW00023062,39.7633,-104.8694,DENVER-STAPLETON                       72469,1611,CO,2025-06-02,26.1,11.1,13,0,0,2025,18.6,6,2,153,TRUE,TRUE,TRUE,NA,NA,NA
USW00023062,39.7633,-104.8694,DENVER-STAPLETON                       72469,1611,CO,2025-06-03,13.9,8.3,66,0,0,2025,11.100000000000001,6,3,154,TRUE,TRUE,TRUE,NA,NA,NA
USW00023062,39.7633,-104.8694,DENVER-STAPLETON                       72469,1611,CO,2025-06-04,22.2,10,8,0,0,2025,16.1,6,4,155,TRUE,TRUE,TRUE,NA,NA,NA
USW00023062,39.7633,-104.8694,DENVER-STAPLETON                       72469,1611,CO,2025-06-05,21.7,11.1,107,0,0,2025,16.4,6,5,156,TRUE,TRUE,TRUE,NA,NA,NA
USW00023062,39.7633,-104.8694,DENVER-STAPLETON                       72469,1611,CO,2025-06-06,20.6,11.1,38,0,0,2025,15.850000000000001,6,6,157,TRUE,TRUE,TRUE,NA,NA,NA
USW00023062,39.7633,-104.8694,DENVER-STAPLETON                       72469,1611,CO,2025-06-07,27.8,10.6,0,0,0,2025,19.2,6,7,158,TRUE,TRUE,FALSE,NA,NA,NA
USW00023062,39.7633,-104.8694,DENVER-STAPLETON                       72469,1611,CO,2025-06-08,21.1,12.8,0,0,0,2025,16.950000000000003,6,8,159,TRUE,TRUE,FALSE,NA,NA,NA
USW00023062,39.7633,-104.8694,DENVER-STAPLETON                       72469,1611,CO,2025-06-09,26.7,11.7,0,0,0,2025,19.2,6,9,160,TRUE,TRUE,FALSE,NA,NA,NA
USW00023062,39.7633,-104.8694,DENVER-STAPLETON                       72469,1611,CO,2025-06-10,31.7,11.7,0,0,0,2025,21.7,6,10,161,TRUE,TRUE,FALSE,NA,NA,NA
USW00023062,39.7633,-104.8694,DENVER-STAPLETON                       72469,1611,CO,2025-06-11,31.1,16.7,33,0,0,2025,23.9,6,11,162,TRUE,TRUE,TRUE,NA,NA,NA
USW00023062,39.7633,-104.8694,DENVER-STAPLETON                       72469,1611,CO,2025-06-12,31.1,15,0,0,0,2025,23.05,6,12,163,TRUE,TRUE,FALSE,NA,NA,NA
USW00023062,39.7633,-104.8694,DENVER-STAPLETON                       72469,1611,CO,2025-06-13,30.6,12.8,0,0,0,2025,21.700000000000003,6,13,164,TRUE,TRUE,FALSE,NA,NA,NA
USW00023062,39.7633,-104.8694,DENVER-STAPLETON                       72469,1611,CO,2025-06-14,34.4,12.8,0,0,0,2025,23.6,6,14,165,TRUE,TRUE,FALSE,NA,NA,NA
USW00023062,39.7633,-104.8694,DENVER-STAPLETON                       72469,1611,CO,2025-06-15,34.4,13.9,0,0,0,2025,24.15,6,15,166,TRUE,TRUE,FALSE,NA,NA,NA
USW00023062,39.7633,-104.8694,DENVER-STAPLETON                       72469,1611,CO,2025-06-16,33.9,14.4,0,0,0,2025,24.15,6,16,167,TRUE,TRUE,FALSE,NA,NA,NA
USW00023062,39.7633,-104.8694,DENVER-STAPLETON                       72469,1611,CO,2025-06-17,20,11.7,117,0,0,2025,15.85,6,17,168,TRUE,TRUE,TRUE,NA,NA,NA
USW00023062,39.7633,-104.8694,DENVER-STAPLETON                       72469,1611,CO,2025-06-18,27.8,9.4,0,0,0,2025,18.6,6,18,169,TRUE,TRUE,FALSE,NA,NA,NA
USW00023062,39.7633,-104.8694,DENVER-STAPLETON                       72469,1611,CO,2025-06-19,34.4,16.7,0,0,0,2025,25.549999999999997,6,19,170,TRUE,TRUE,FALSE,NA,NA,NA
USW00023062,39.7633,-104.8694,DENVER-STAPLETON                       72469,1611,CO,2025-06-20,36.7,17.8,0,0,0,2025,27.25,6,20,171,TRUE,TRUE,FALSE,NA,NA,NA
USW00023062,39.7633,-104.8694,DENVER-STAPLETON                       72469,1611,CO,2025-06-21,36.7,15.6,0,0,0,2025,26.150000000000002,6,21,172,TRUE,TRUE,FALSE,NA,NA,NA
USW00023062,39.7633,-104.8694,DENVER-STAPLETON                       72469,1611,CO,2025-06-22,33.3,18.3,0,0,0,2025,25.799999999999997,6,22,173,TRUE,TRUE,FALSE,NA,NA,NA
USW00023062,39.7633,-104.8694,DENVER-STAPLETON                       72469,1611,CO,2025-06-23,23.9,13.9,0,0,0,2025,18.9,6,23,174,TRUE,TRUE,FALSE,NA,NA,NA
USW00023062,39.7633,-104.8694,DENVER-STAPLETON                       72469,1611,CO,2025-06-24,24.4,15.6,30,0,0,2025,20,6,24,175,TRUE,TRUE,TRUE,NA,NA,NA
USW00023062,39.7633,-104.8694,DENVER-STAPLETON                       72469,1611,CO,2025-06-25,25.6,13.3,107,0,0,2025,19.450000000000003,6,25,176,TRUE,TRUE,TRUE,NA,NA,NA
USW00023062,39.7633,-104.8694,DENVER-STAPLETON                       72469,1611,CO,2025-06-26,30,12.2,0,0,0,2025,21.1,6,26,177,TRUE,TRUE,FALSE,NA,NA,NA
USW00023062,39.7633,-104.8694,DENVER-STAPLETON                       72469,1611,CO,2025-06-27,32.8,17.8,0,0,0,2025,25.299999999999997,6,27,178,TRUE,TRUE,FALSE,NA,NA,NA
USW00023062,39.7633,-104.8694,DENVER-STAPLETON                       72469,1611,CO,2025-06-28,33.9,15,0,0,0,2025,24.45,6,28,179,TRUE,TRUE,FALSE,NA,NA,NA
USW00023062,39.7633,-104.8694,DENVER-STAPLETON                       72469,1611,CO,2025-06-29,28.9,16.1,0,0,0,2025,22.5,6,29,180,TRUE,TRUE,FALSE,NA,NA,NA
USW00023062,39.7633,-104.8694,DENVER-STAPLETON                       72469,1611,CO,2025-06-30,26.7,16.1,0,0,0,2025,21.4,6,30,181,TRUE,TRUE,FALSE,NA,NA,NA
USW00023062,39.7633,-104.8694,DENVER-STAPLETON                       72469,1611,CO,2025-07-01,NA,NA,NA,NA,NA,2025,NA,7,1,182,NA,NA,NA,NA,NA,NA
USW00023062,39.7633,-104.8694,DENVER-STAPLETON                       72469,1611,CO,2025-07-02,NA,NA,NA,NA,NA,2025,NA,7,2,183,NA,NA,NA,NA,NA,NA
USW00023062,39.7633,-104.8694,DENVER-STAPLETON                       72469,1611,CO,2025-07-03,NA,NA,NA,NA,NA,2025,NA,7,3,184,NA,NA,NA,NA,NA,NA
USW00023062,39.7633,-104.8694,DENVER-STAPLETON                       72469,1611,CO,2025-07-04,NA,NA,NA,NA,NA,2025,NA,7,4,185,NA,NA,NA,NA,NA,NA
USW00023062,39.7633,-104.8694,DENVER-STAPLETON                       72469,1611,CO,2025-07-05,NA,NA,NA,NA,NA,2025,NA,7,5,186,NA,NA,NA,NA,NA,NA
USW00023062,39.7633,-104.8694,DENVER-STAPLETON                       72469,1611,CO,2025-07-06,NA,NA,NA,NA,NA,2025,NA,7,6,187,NA,NA,NA,NA,NA,NA
USW00023062,39.7633,-104.8694,DENVER-STAPLETON                       72469,1611,CO,2025-07-07,NA,NA,NA,NA,NA,2025,NA,7,7,188,NA,NA,NA,NA,NA,NA
USW00023062,39.7633,-104.8694,DENVER-STAPLETON                       72469,1611,CO,2025-07-08,NA,NA,NA,NA,NA,2025,NA,7,8,189,NA,NA,NA,NA,NA,NA
USW00023062,39.7633,-104.8694,DENVER-STAPLETON                       72469,1611,CO,2025-07-09,NA,NA,NA,NA,NA,2025,NA,7,9,190,NA,NA,NA,NA,NA,NA
USW00023062,39.7633,-104.8694,DENVER-STAPLETON                       72469,1611,CO,2025-07-10,NA,NA,NA,NA,NA,2025,NA,7,10,191,NA,NA,NA,NA,NA,NA
USW00023062,39.7633,-104.8694,DENVER-STAPLETON                       72469,1611,CO,2025-07-11,NA,NA,NA,NA,NA,2025,NA,7,11,192,NA,NA,NA,NA,NA,NA
USW00023062,39.7633,-104.8694,DENVER-STAPLETON                       72469,1611,CO,2025-07-12,NA,NA,NA,NA,NA,2025,NA,7,12,193,NA,NA,NA,NA,NA,NA
USW00023062,39.7633,-104.8694,DENVER-STAPLETON                       72469,1611,CO,2025-07-13,NA,NA,NA,NA,NA,2025,NA,7,13,194,NA,NA,NA,NA,NA,NA
USW00023062,39.7633,-104.8694,DENVER-STAPLETON                       72469,1611,CO,2025-07-14,NA,NA,NA,NA,NA,2025,NA,7,14,195,NA,NA,NA,NA,NA,NA
USW00023062,39.7633,-104.8694,DENVER-STAPLETON                       72469,1611,CO,2025-07-15,NA,NA,NA,NA,NA,2025,NA,7,15,196,NA,NA,NA,NA,NA,NA
USW00023062,39.7633,-104.8694,DENVER-STAPLETON                       72469,1611,CO,2025-07-16,NA,NA,NA,NA,NA,2025,NA,7,16,197,NA,NA,NA,NA,NA,NA
USW00023062,39.7633,-104.8694,DENVER-STAPLETON                       72469,1611,CO,2025-07-17,NA,NA,NA,NA,NA,2025,NA,7,17,198,NA,NA,NA,NA,NA,NA
USW00023062,39.7633,-104.8694,DENVER-STAPLETON                       72469,1611,CO,2025-07-18,NA,NA,NA,NA,NA,2025,NA,7,18,199,NA,NA,NA,NA,NA,NA
USW00023062,39.7633,-104.8694,DENVER-STAPLETON                       72469,1611,CO,2025-07-19,NA,NA,NA,NA,NA,2025,NA,7,19,200,NA,NA,NA,NA,NA,NA
USW00023062,39.7633,-104.8694,DENVER-STAPLETON                       72469,1611,CO,2025-07-20,NA,NA,NA,NA,NA,2025,NA,7,20,201,NA,NA,NA,NA,NA,NA
USW00023062,39.7633,-104.8694,DENVER-STAPLETON                       72469,1611,CO,2025-07-21,NA,NA,NA,NA,NA,2025,NA,7,21,202,NA,NA,NA,NA,NA,NA
USW00023062,39.7633,-104.8694,DENVER-STAPLETON                       72469,1611,CO,2025-07-22,NA,NA,NA,NA,NA,2025,NA,7,22,203,NA,NA,NA,NA,NA,NA
USW00023062,39.7633,-104.8694,DENVER-STAPLETON                       72469,1611,CO,2025-07-23,NA,NA,NA,NA,NA,2025,NA,7,23,204,NA,NA,NA,NA,NA,NA
USW00023062,39.7633,-104.8694,DENVER-STAPLETON                       72469,1611,CO,2025-07-24,NA,NA,NA,NA,NA,2025,NA,7,24,205,NA,NA,NA,NA,NA,NA
USW00023062,39.7633,-104.8694,DENVER-STAPLETON                       72469,1611,CO,2025-07-25,NA,NA,NA,NA,NA,2025,NA,7,25,206,NA,NA,NA,NA,NA,NA
USW00023062,39.7633,-104.8694,DENVER-STAPLETON                       72469,1611,CO,2025-07-26,NA,NA,NA,NA,NA,2025,NA,7,26,207,NA,NA,NA,NA,NA,NA
USW00023062,39.7633,-104.8694,DENVER-STAPLETON                       72469,1611,CO,2025-07-27,NA,NA,NA,NA,NA,2025,NA,7,27,208,NA,NA,NA,NA,NA,NA
USW00023062,39.7633,-104.8694,DENVER-STAPLETON                       72469,1611,CO,2025-07-28,NA,NA,NA,NA,NA,2025,NA,7,28,209,NA,NA,NA,NA,NA,NA
USW00023062,39.7633,-104.8694,DENVER-STAPLETON                       72469,1611,CO,2025-07-29,NA,NA,NA,NA,NA,2025,NA,7,29,210,NA,NA,NA,NA,NA,NA
USW00023062,39.7633,-104.8694,DENVER-STAPLETON                       72469,1611,CO,2025-07-30,NA,NA,NA,NA,NA,2025,NA,7,30,211,NA,NA,NA,NA,NA,NA
USW00023062,39.7633,-104.8694,DENVER-STAPLETON                       72469,1611,CO,2025-07-31,28.9,13.9,0,0,NA,2025,21.4,7,31,212,TRUE,TRUE,FALSE,NA,NA,NA
USW00023062,39.7633,-104.8694,DENVER-STAPLETON                       72469,1611,CO,2025-08-01,28.9,12.2,NA,NA,NA,2025,20.549999999999997,8,1,213,TRUE,TRUE,NA,NA,NA,NA
USW00023062,39.7633,-104.8694,DENVER-STAPLETON                       72469,1611,CO,2025-08-02,NA,NA,NA,NA,NA,2025,NA,8,2,214,NA,NA,NA,NA,NA,NA
USW00023062,39.7633,-104.8694,DENVER-STAPLETON                       72469,1611,CO,2025-08-03,NA,NA,NA,NA,NA,2025,NA,8,3,215,NA,NA,NA,NA,NA,NA
USW00023062,39.7633,-104.8694,DENVER-STAPLETON                       72469,1611,CO,2025-08-04,NA,NA,NA,NA,NA,2025,NA,8,4,216,NA,NA,NA,NA,NA,NA
USW00023062,39.7633,-104.8694,DENVER-STAPLETON                       72469,1611,CO,2025-08-05,NA,NA,NA,NA,NA,2025,NA,8,5,217,NA,NA,NA,NA,NA,NA
USW00023062,39.7633,-104.8694,DENVER-STAPLETON                       72469,1611,CO,2025-08-06,NA,NA,NA,NA,NA,2025,NA,8,6,218,NA,NA,NA,NA,NA,NA
USW00023062,39.7633,-104.8694,DENVER-STAPLETON                       72469,1611,CO,2025-08-07,NA,NA,NA,NA,NA,2025,NA,8,7,219,NA,NA,NA,NA,NA,NA
USW00023062,39.7633,-104.8694,DENVER-STAPLETON                       72469,1611,CO,2025-08-08,NA,NA,NA,NA,NA,2025,NA,8,8,220,NA,NA,NA,NA,NA,NA
USW00023062,39.7633,-104.8694,DENVER-STAPLETON                       72469,1611,CO,2025-08-09,NA,NA,NA,NA,NA,2025,NA,8,9,221,NA,NA,NA,NA,NA,NA
USW00023062,39.7633,-104.8694,DENVER-STAPLETON                       72469,1611,CO,2025-08-10,NA,NA,NA,NA,NA,2025,NA,8,10,222,NA,NA,NA,NA,NA,NA
USW00023062,39.7633,-104.8694,DENVER-STAPLETON                       72469,1611,CO,2025-08-11,NA,NA,NA,NA,NA,2025,NA,8,11,223,NA,NA,NA,NA,NA,NA
USW00023062,39.7633,-104.8694,DENVER-STAPLETON                       72469,1611,CO,2025-08-12,NA,NA,NA,NA,NA,2025,NA,8,12,224,NA,NA,NA,NA,NA,NA
USW00023062,39.7633,-104.8694,DENVER-STAPLETON                       72469,1611,CO,2025-08-13,NA,NA,NA,NA,NA,2025,NA,8,13,225,NA,NA,NA,NA,NA,NA
USW00023062,39.7633,-104.8694,DENVER-STAPLETON                       72469,1611,CO,2025-08-14,NA,NA,NA,NA,NA,2025,NA,8,14,226,NA,NA,NA,NA,NA,NA
USW00023062,39.7633,-104.8694,DENVER-STAPLETON                       72469,1611,CO,2025-08-15,NA,NA,NA,NA,NA,2025,NA,8,15,227,NA,NA,NA,NA,NA,NA
USW00023062,39.7633,-104.8694,DENVER-STAPLETON                       72469,1611,CO,2025-08-16,NA,NA,NA,NA,NA,2025,NA,8,16,228,NA,NA,NA,NA,NA,NA
USW00023062,39.7633,-104.8694,DENVER-STAPLETON                       72469,1611,CO,2025-08-17,NA,NA,NA,NA,NA,2025,NA,8,17,229,NA,NA,NA,NA,NA,NA
USW00023062,39.7633,-104.8694,DENVER-STAPLETON                       72469,1611,CO,2025-08-18,NA,NA,NA,NA,NA,2025,NA,8,18,230,NA,NA,NA,NA,NA,NA
USW00023062,39.7633,-104.8694,DENVER-STAPLETON                       72469,1611,CO,2025-08-19,NA,NA,NA,NA,NA,2025,NA,8,19,231,NA,NA,NA,NA,NA,NA
USW00023062,39.7633,-104.8694,DENVER-STAPLETON                       72469,1611,CO,2025-08-20,NA,NA,NA,NA,NA,2025,NA,8,20,232,NA,NA,NA,NA,NA,NA
USW00023062,39.7633,-104.8694,DENVER-STAPLETON                       72469,1611,CO,2025-08-21,NA,NA,NA,NA,NA,2025,NA,8,21,233,NA,NA,NA,NA,NA,NA
USW00023062,39.7633,-104.8694,DENVER-STAPLETON                       72469,1611,CO,2025-08-22,NA,NA,NA,NA,NA,2025,NA,8,22,234,NA,NA,NA,NA,NA,NA
USW00023062,39.7633,-104.8694,DENVER-STAPLETON                       72469,1611,CO,2025-08-23,NA,NA,NA,NA,NA,2025,NA,8,23,235,NA,NA,NA,NA,NA,NA
USW00023062,39.7633,-104.8694,DENVER-STAPLETON                       72469,1611,CO,2025-08-24,NA,NA,NA,NA,NA,2025,NA,8,24,236,NA,NA,NA,NA,NA,NA
USW00023062,39.7633,-104.8694,DENVER-STAPLETON                       72469,1611,CO,2025-08-25,NA,NA,NA,NA,NA,2025,NA,8,25,237,NA,NA,NA,NA,NA,NA
USW00023062,39.7633,-104.8694,DENVER-STAPLETON                       72469,1611,CO,2025-08-26,NA,NA,NA,NA,NA,2025,NA,8,26,238,NA,NA,NA,NA,NA,NA
USW00023062,39.7633,-104.8694,DENVER-STAPLETON                       72469,1611,CO,2025-08-27,NA,NA,NA,NA,NA,2025,NA,8,27,239,NA,NA,NA,NA,NA,NA
USW00023062,39.7633,-104.8694,DENVER-STAPLETON                       72469,1611,CO,2025-08-28,NA,NA,NA,NA,NA,2025,NA,8,28,240,NA,NA,NA,NA,NA,NA
USW00023062,39.7633,-104.8694,DENVER-STAPLETON                       72469,1611,CO,2025-08-29,NA,NA,NA,NA,NA,2025,NA,8,29,241,NA,NA,NA,NA,NA,NA
USW00023062,39.7633,-104.8694,DENVER-STAPLETON                       72469,1611,CO,2025-08-30,NA,NA,NA,NA,NA,2025,NA,8,30,242,NA,NA,NA,NA,NA,NA
USW00023062,39.7633,-104.8694,DENVER-STAPLETON                       72469,1611,CO,2025-08-31,NA,NA,NA,NA,NA,2025,NA,8,31,243,NA,NA,NA,NA,NA,NA
